info  Running SUSHI v3.20.1 (implements FHIR Shorthand specification v3.0.0)
info  Arguments:
info    /Users/thome/code/fhir-profiling/mtb-template-migration
info  No output path specified. Output to .
info  Using configuration file: /Users/thome/code/fhir-profiling/mtb-template-migration/sushi-config.yaml
info  Importing FSH text...
info  Preprocessed 205 documents with 53 aliases.
error Value $mii-cs-onko-primaertumor-diagnosesicherung does not resolve as alias, values beginning with "$" must resolve
  File: /Users/thome/code/fhir-profiling/mtb-template-migration/input/fsh/examples/bundle/external.fsh
  Line: 10
error Value $ICD10GM does not resolve as alias, values beginning with "$" must resolve
  File: /Users/thome/code/fhir-profiling/mtb-template-migration/input/fsh/examples/bundle/external.fsh
  Line: 11
error Value $ICDO3 does not resolve as alias, values beginning with "$" must resolve
  File: /Users/thome/code/fhir-profiling/mtb-template-migration/input/fsh/examples/bundle/external.fsh
  Line: 13
error Value $SCT does not resolve as alias, values beginning with "$" must resolve
  File: /Users/thome/code/fhir-profiling/mtb-template-migration/input/fsh/examples/bundle/external.fsh
  Line: 19
error Value $mii-cs-mtb-bestimmungsmethode-tumorzellgehalt does not resolve as alias, values beginning with "$" must resolve
  File: /Users/thome/code/fhir-profiling/mtb-template-migration/input/fsh/examples/mii-exa-mtb-kim-musterperson-auftraege.fsh
  Line: 10
error Value $SCT does not resolve as alias, values beginning with "$" must resolve
  File: /Users/thome/code/fhir-profiling/mtb-template-migration/input/fsh/examples/mii-exa-mtb-kim-musterperson-auftraege.fsh
  Line: 20
error Value $mii-cs-mtb-auftrag-begruendung does not resolve as alias, values beginning with "$" must resolve
  File: /Users/thome/code/fhir-profiling/mtb-template-migration/input/fsh/examples/mii-exa-mtb-kim-musterperson-auftraege.fsh
  Line: 22
error Value $SCT does not resolve as alias, values beginning with "$" must resolve
  File: /Users/thome/code/fhir-profiling/mtb-template-migration/input/fsh/examples/mii-exa-mtb-kim-musterperson-auftraege.fsh
  Line: 33
error Value $SCT does not resolve as alias, values beginning with "$" must resolve
  File: /Users/thome/code/fhir-profiling/mtb-template-migration/input/fsh/examples/mii-exa-mtb-kim-musterperson-auftraege.fsh
  Line: 46
error Value $SCT does not resolve as alias, values beginning with "$" must resolve
  File: /Users/thome/code/fhir-profiling/mtb-template-migration/input/fsh/examples/mii-exa-mtb-kim-musterperson-behandlungsepisode.fsh
  Line: 114
error Value $LNC does not resolve as alias, values beginning with "$" must resolve
  File: /Users/thome/code/fhir-profiling/mtb-template-migration/input/fsh/examples/mii-exa-mtb-kim-musterperson-cancer-antigene.fsh
  Line: 7
error Value $fhir-observation-category does not resolve as alias, values beginning with "$" must resolve
  File: /Users/thome/code/fhir-profiling/mtb-template-migration/input/fsh/examples/mii-exa-mtb-kim-musterperson-cancer-antigene.fsh
  Line: 8
error Value $LNC does not resolve as alias, values beginning with "$" must resolve
  File: /Users/thome/code/fhir-profiling/mtb-template-migration/input/fsh/examples/mii-exa-mtb-kim-musterperson-cancer-antigene.fsh
  Line: 9
error Value $UCUM does not resolve as alias, values beginning with "$" must resolve
  File: /Users/thome/code/fhir-profiling/mtb-template-migration/input/fsh/examples/mii-exa-mtb-kim-musterperson-cancer-antigene.fsh
  Line: 15
error Value $LNC does not resolve as alias, values beginning with "$" must resolve
  File: /Users/thome/code/fhir-profiling/mtb-template-migration/input/fsh/examples/mii-exa-mtb-kim-musterperson-cancer-antigene.fsh
  Line: 23
error Value $fhir-observation-category does not resolve as alias, values beginning with "$" must resolve
  File: /Users/thome/code/fhir-profiling/mtb-template-migration/input/fsh/examples/mii-exa-mtb-kim-musterperson-cancer-antigene.fsh
  Line: 24
error Value $LNC does not resolve as alias, values beginning with "$" must resolve
  File: /Users/thome/code/fhir-profiling/mtb-template-migration/input/fsh/examples/mii-exa-mtb-kim-musterperson-cancer-antigene.fsh
  Line: 25
error Value $UCUM does not resolve as alias, values beginning with "$" must resolve
  File: /Users/thome/code/fhir-profiling/mtb-template-migration/input/fsh/examples/mii-exa-mtb-kim-musterperson-cancer-antigene.fsh
  Line: 31
error Value $LNC does not resolve as alias, values beginning with "$" must resolve
  File: /Users/thome/code/fhir-profiling/mtb-template-migration/input/fsh/examples/mii-exa-mtb-kim-musterperson-cancer-antigene.fsh
  Line: 39
error Value $fhir-observation-category does not resolve as alias, values beginning with "$" must resolve
  File: /Users/thome/code/fhir-profiling/mtb-template-migration/input/fsh/examples/mii-exa-mtb-kim-musterperson-cancer-antigene.fsh
  Line: 40
error Value $LNC does not resolve as alias, values beginning with "$" must resolve
  File: /Users/thome/code/fhir-profiling/mtb-template-migration/input/fsh/examples/mii-exa-mtb-kim-musterperson-cancer-antigene.fsh
  Line: 41
error Value $UCUM does not resolve as alias, values beginning with "$" must resolve
  File: /Users/thome/code/fhir-profiling/mtb-template-migration/input/fsh/examples/mii-exa-mtb-kim-musterperson-cancer-antigene.fsh
  Line: 47
error Value $LNC does not resolve as alias, values beginning with "$" must resolve
  File: /Users/thome/code/fhir-profiling/mtb-template-migration/input/fsh/examples/mii-exa-mtb-kim-musterperson-cancer-antigene.fsh
  Line: 55
error Value $fhir-observation-category does not resolve as alias, values beginning with "$" must resolve
  File: /Users/thome/code/fhir-profiling/mtb-template-migration/input/fsh/examples/mii-exa-mtb-kim-musterperson-cancer-antigene.fsh
  Line: 56
error Value $LNC does not resolve as alias, values beginning with "$" must resolve
  File: /Users/thome/code/fhir-profiling/mtb-template-migration/input/fsh/examples/mii-exa-mtb-kim-musterperson-cancer-antigene.fsh
  Line: 57
error Value $UCUM does not resolve as alias, values beginning with "$" must resolve
  File: /Users/thome/code/fhir-profiling/mtb-template-migration/input/fsh/examples/mii-exa-mtb-kim-musterperson-cancer-antigene.fsh
  Line: 63
error Value $LNC does not resolve as alias, values beginning with "$" must resolve
  File: /Users/thome/code/fhir-profiling/mtb-template-migration/input/fsh/examples/mii-exa-mtb-kim-musterperson-cancer-antigene.fsh
  Line: 71
error Value $fhir-observation-category does not resolve as alias, values beginning with "$" must resolve
  File: /Users/thome/code/fhir-profiling/mtb-template-migration/input/fsh/examples/mii-exa-mtb-kim-musterperson-cancer-antigene.fsh
  Line: 72
error Value $LNC does not resolve as alias, values beginning with "$" must resolve
  File: /Users/thome/code/fhir-profiling/mtb-template-migration/input/fsh/examples/mii-exa-mtb-kim-musterperson-cancer-antigene.fsh
  Line: 73
error Value $UCUM does not resolve as alias, values beginning with "$" must resolve
  File: /Users/thome/code/fhir-profiling/mtb-template-migration/input/fsh/examples/mii-exa-mtb-kim-musterperson-cancer-antigene.fsh
  Line: 79
error Value $LNC does not resolve as alias, values beginning with "$" must resolve
  File: /Users/thome/code/fhir-profiling/mtb-template-migration/input/fsh/examples/mii-exa-mtb-kim-musterperson-cancer-antigene.fsh
  Line: 87
error Value $fhir-observation-category does not resolve as alias, values beginning with "$" must resolve
  File: /Users/thome/code/fhir-profiling/mtb-template-migration/input/fsh/examples/mii-exa-mtb-kim-musterperson-cancer-antigene.fsh
  Line: 88
error Value $LNC does not resolve as alias, values beginning with "$" must resolve
  File: /Users/thome/code/fhir-profiling/mtb-template-migration/input/fsh/examples/mii-exa-mtb-kim-musterperson-cancer-antigene.fsh
  Line: 89
error Value $UCUM does not resolve as alias, values beginning with "$" must resolve
  File: /Users/thome/code/fhir-profiling/mtb-template-migration/input/fsh/examples/mii-exa-mtb-kim-musterperson-cancer-antigene.fsh
  Line: 95
error Value $LNC does not resolve as alias, values beginning with "$" must resolve
  File: /Users/thome/code/fhir-profiling/mtb-template-migration/input/fsh/examples/mii-exa-mtb-kim-musterperson-cancer-molpatho.fsh
  Line: 8
error Value $SCT does not resolve as alias, values beginning with "$" must resolve
  File: /Users/thome/code/fhir-profiling/mtb-template-migration/input/fsh/examples/mii-exa-mtb-kim-musterperson-cancer-molpatho.fsh
  Line: 21
error Value $fhir-observation-category does not resolve as alias, values beginning with "$" must resolve
  File: /Users/thome/code/fhir-profiling/mtb-template-migration/input/fsh/examples/mii-exa-mtb-kim-musterperson-cancer-molpatho.fsh
  Line: 34
error Value $hl7-v2-0074 does not resolve as alias, values beginning with "$" must resolve
  File: /Users/thome/code/fhir-profiling/mtb-template-migration/input/fsh/examples/mii-exa-mtb-kim-musterperson-cancer-molpatho.fsh
  Line: 35
error Value $LNC does not resolve as alias, values beginning with "$" must resolve
  File: /Users/thome/code/fhir-profiling/mtb-template-migration/input/fsh/examples/mii-exa-mtb-kim-musterperson-cancer-molpatho.fsh
  Line: 37
error Value $LNC does not resolve as alias, values beginning with "$" must resolve
  File: /Users/thome/code/fhir-profiling/mtb-template-migration/input/fsh/examples/mii-exa-mtb-kim-musterperson-cancer-molpatho.fsh
  Line: 38
error Value $LNC does not resolve as alias, values beginning with "$" must resolve
  File: /Users/thome/code/fhir-profiling/mtb-template-migration/input/fsh/examples/mii-exa-mtb-kim-musterperson-cancer-molpatho.fsh
  Line: 39
error Value $HGNC does not resolve as alias, values beginning with "$" must resolve
  File: /Users/thome/code/fhir-profiling/mtb-template-migration/input/fsh/examples/mii-exa-mtb-kim-musterperson-cancer-molpatho.fsh
  Line: 40
error Value $fhir-observation-category does not resolve as alias, values beginning with "$" must resolve
  File: /Users/thome/code/fhir-profiling/mtb-template-migration/input/fsh/examples/mii-exa-mtb-kim-musterperson-cancer-molpatho.fsh
  Line: 50
error Value $TBD does not resolve as alias, values beginning with "$" must resolve
  File: /Users/thome/code/fhir-profiling/mtb-template-migration/input/fsh/examples/mii-exa-mtb-kim-musterperson-cancer-molpatho.fsh
  Line: 51
error Value $LNC does not resolve as alias, values beginning with "$" must resolve
  File: /Users/thome/code/fhir-profiling/mtb-template-migration/input/fsh/examples/mii-exa-mtb-kim-musterperson-cancer-molpatho.fsh
  Line: 54
error Value $SCT does not resolve as alias, values beginning with "$" must resolve
  File: /Users/thome/code/fhir-profiling/mtb-template-migration/input/fsh/examples/mii-exa-mtb-kim-musterperson-cancer-molpatho.fsh
  Line: 55
error Value $SCT does not resolve as alias, values beginning with "$" must resolve
  File: /Users/thome/code/fhir-profiling/mtb-template-migration/input/fsh/examples/mii-exa-mtb-kim-musterperson-cancer-molpatho.fsh
  Line: 60
error Value $LNC does not resolve as alias, values beginning with "$" must resolve
  File: /Users/thome/code/fhir-profiling/mtb-template-migration/input/fsh/examples/mii-exa-mtb-kim-musterperson-cancer-molpatho.fsh
  Line: 79
error Value $SCT does not resolve as alias, values beginning with "$" must resolve
  File: /Users/thome/code/fhir-profiling/mtb-template-migration/input/fsh/examples/mii-exa-mtb-kim-musterperson-cancer-molpatho.fsh
  Line: 80
error Value $LNC does not resolve as alias, values beginning with "$" must resolve
  File: /Users/thome/code/fhir-profiling/mtb-template-migration/input/fsh/examples/mii-exa-mtb-kim-musterperson-cancer-molpatho.fsh
  Line: 82
error Value $HGNC does not resolve as alias, values beginning with "$" must resolve
  File: /Users/thome/code/fhir-profiling/mtb-template-migration/input/fsh/examples/mii-exa-mtb-kim-musterperson-cancer-molpatho.fsh
  Line: 83
error Value $LNC does not resolve as alias, values beginning with "$" must resolve
  File: /Users/thome/code/fhir-profiling/mtb-template-migration/input/fsh/examples/mii-exa-mtb-kim-musterperson-cancer-molpatho.fsh
  Line: 94
error Value $UCUM does not resolve as alias, values beginning with "$" must resolve
  File: /Users/thome/code/fhir-profiling/mtb-template-migration/input/fsh/examples/mii-exa-mtb-kim-musterperson-cancer-molpatho.fsh
  Line: 98
error Value $LNC does not resolve as alias, values beginning with "$" must resolve
  File: /Users/thome/code/fhir-profiling/mtb-template-migration/input/fsh/examples/mii-exa-mtb-kim-musterperson-cancer-molpatho.fsh
  Line: 99
error Value $HGNC does not resolve as alias, values beginning with "$" must resolve
  File: /Users/thome/code/fhir-profiling/mtb-template-migration/input/fsh/examples/mii-exa-mtb-kim-musterperson-cancer-molpatho.fsh
  Line: 100
error Value $LNC does not resolve as alias, values beginning with "$" must resolve
  File: /Users/thome/code/fhir-profiling/mtb-template-migration/input/fsh/examples/mii-exa-mtb-kim-musterperson-cancer-molpatho.fsh
  Line: 101
error Value $LNC does not resolve as alias, values beginning with "$" must resolve
  File: /Users/thome/code/fhir-profiling/mtb-template-migration/input/fsh/examples/mii-exa-mtb-kim-musterperson-cancer-molpatho.fsh
  Line: 112
error Value $LNC does not resolve as alias, values beginning with "$" must resolve
  File: /Users/thome/code/fhir-profiling/mtb-template-migration/input/fsh/examples/mii-exa-mtb-kim-musterperson-cancer-molpatho.fsh
  Line: 113
error Value $LNC does not resolve as alias, values beginning with "$" must resolve
  File: /Users/thome/code/fhir-profiling/mtb-template-migration/input/fsh/examples/mii-exa-mtb-kim-musterperson-cancer-molpatho.fsh
  Line: 114
error Value $HGNC does not resolve as alias, values beginning with "$" must resolve
  File: /Users/thome/code/fhir-profiling/mtb-template-migration/input/fsh/examples/mii-exa-mtb-kim-musterperson-cancer-molpatho.fsh
  Line: 115
error Value $UNIPROT does not resolve as alias, values beginning with "$" must resolve
  File: /Users/thome/code/fhir-profiling/mtb-template-migration/input/fsh/examples/mii-exa-mtb-kim-musterperson-cancer-molpatho.fsh
  Line: 116
error Value $LNC does not resolve as alias, values beginning with "$" must resolve
  File: /Users/thome/code/fhir-profiling/mtb-template-migration/input/fsh/examples/mii-exa-mtb-kim-musterperson-cancer-molpatho.fsh
  Line: 127
error Value $LNC does not resolve as alias, values beginning with "$" must resolve
  File: /Users/thome/code/fhir-profiling/mtb-template-migration/input/fsh/examples/mii-exa-mtb-kim-musterperson-cancer-molpatho.fsh
  Line: 129
error Value $LNC does not resolve as alias, values beginning with "$" must resolve
  File: /Users/thome/code/fhir-profiling/mtb-template-migration/input/fsh/examples/mii-exa-mtb-kim-musterperson-cancer-molpatho.fsh
  Line: 130
error Value $HGNC does not resolve as alias, values beginning with "$" must resolve
  File: /Users/thome/code/fhir-profiling/mtb-template-migration/input/fsh/examples/mii-exa-mtb-kim-musterperson-cancer-molpatho.fsh
  Line: 131
error Value $UNIPROT does not resolve as alias, values beginning with "$" must resolve
  File: /Users/thome/code/fhir-profiling/mtb-template-migration/input/fsh/examples/mii-exa-mtb-kim-musterperson-cancer-molpatho.fsh
  Line: 132
error Value $LNC does not resolve as alias, values beginning with "$" must resolve
  File: /Users/thome/code/fhir-profiling/mtb-template-migration/input/fsh/examples/mii-exa-mtb-kim-musterperson-cancer-molpatho.fsh
  Line: 150
error Value $LNC does not resolve as alias, values beginning with "$" must resolve
  File: /Users/thome/code/fhir-profiling/mtb-template-migration/input/fsh/examples/mii-exa-mtb-kim-musterperson-cancer-molpatho.fsh
  Line: 151
error Value $LNC does not resolve as alias, values beginning with "$" must resolve
  File: /Users/thome/code/fhir-profiling/mtb-template-migration/input/fsh/examples/mii-exa-mtb-kim-musterperson-cancer-molpatho.fsh
  Line: 164
error Value $LNC does not resolve as alias, values beginning with "$" must resolve
  File: /Users/thome/code/fhir-profiling/mtb-template-migration/input/fsh/examples/mii-exa-mtb-kim-musterperson-cancer-molpatho.fsh
  Line: 166
error Value $HGNC does not resolve as alias, values beginning with "$" must resolve
  File: /Users/thome/code/fhir-profiling/mtb-template-migration/input/fsh/examples/mii-exa-mtb-kim-musterperson-cancer-molpatho.fsh
  Line: 167
error Value $LNC does not resolve as alias, values beginning with "$" must resolve
  File: /Users/thome/code/fhir-profiling/mtb-template-migration/input/fsh/examples/mii-exa-mtb-kim-musterperson-cancer-molpatho.fsh
  Line: 168
error Value $SCT does not resolve as alias, values beginning with "$" must resolve
  File: /Users/thome/code/fhir-profiling/mtb-template-migration/input/fsh/examples/mii-exa-mtb-kim-musterperson-cancer-molpatho.fsh
  Line: 169
error Value $LNC does not resolve as alias, values beginning with "$" must resolve
  File: /Users/thome/code/fhir-profiling/mtb-template-migration/input/fsh/examples/mii-exa-mtb-kim-musterperson-cancer-molpatho.fsh
  Line: 180
error Value $UCUM does not resolve as alias, values beginning with "$" must resolve
  File: /Users/thome/code/fhir-profiling/mtb-template-migration/input/fsh/examples/mii-exa-mtb-kim-musterperson-cancer-molpatho.fsh
  Line: 184
error Value $LNC does not resolve as alias, values beginning with "$" must resolve
  File: /Users/thome/code/fhir-profiling/mtb-template-migration/input/fsh/examples/mii-exa-mtb-kim-musterperson-cancer-molpatho.fsh
  Line: 194
error Value $UCUM does not resolve as alias, values beginning with "$" must resolve
  File: /Users/thome/code/fhir-profiling/mtb-template-migration/input/fsh/examples/mii-exa-mtb-kim-musterperson-cancer-molpatho.fsh
  Line: 198
error Value $LNC does not resolve as alias, values beginning with "$" must resolve
  File: /Users/thome/code/fhir-profiling/mtb-template-migration/input/fsh/examples/mii-exa-mtb-kim-musterperson-cancer-molpatho.fsh
  Line: 208
error Value $LNC does not resolve as alias, values beginning with "$" must resolve
  File: /Users/thome/code/fhir-profiling/mtb-template-migration/input/fsh/examples/mii-exa-mtb-kim-musterperson-cancer-molpatho.fsh
  Line: 209
error Value $LNC does not resolve as alias, values beginning with "$" must resolve
  File: /Users/thome/code/fhir-profiling/mtb-template-migration/input/fsh/examples/mii-exa-mtb-kim-musterperson-cancer-molpatho.fsh
  Line: 220
error Value $LNC does not resolve as alias, values beginning with "$" must resolve
  File: /Users/thome/code/fhir-profiling/mtb-template-migration/input/fsh/examples/mii-exa-mtb-kim-musterperson-cancer-molpatho.fsh
  Line: 221
error Value $condition-ver-status does not resolve as alias, values beginning with "$" must resolve
  File: /Users/thome/code/fhir-profiling/mtb-template-migration/input/fsh/examples/mii-exa-mtb-kim-musterperson-diagnose.fsh
  Line: 11
error Value $mii-cs-onko-primaertumor-diagnosesicherung does not resolve as alias, values beginning with "$" must resolve
  File: /Users/thome/code/fhir-profiling/mtb-template-migration/input/fsh/examples/mii-exa-mtb-kim-musterperson-diagnose.fsh
  Line: 12
error Value $ICD10GM does not resolve as alias, values beginning with "$" must resolve
  File: /Users/thome/code/fhir-profiling/mtb-template-migration/input/fsh/examples/mii-exa-mtb-kim-musterperson-diagnose.fsh
  Line: 13
error Value $ICDO3 does not resolve as alias, values beginning with "$" must resolve
  File: /Users/thome/code/fhir-profiling/mtb-template-migration/input/fsh/examples/mii-exa-mtb-kim-musterperson-diagnose.fsh
  Line: 15
error Value $SCT does not resolve as alias, values beginning with "$" must resolve
  File: /Users/thome/code/fhir-profiling/mtb-template-migration/input/fsh/examples/mii-exa-mtb-kim-musterperson-diagnose.fsh
  Line: 17
error Value $SCT does not resolve as alias, values beginning with "$" must resolve
  File: /Users/thome/code/fhir-profiling/mtb-template-migration/input/fsh/examples/mii-exa-mtb-kim-musterperson-diagnose.fsh
  Line: 27
error Value $SCT does not resolve as alias, values beginning with "$" must resolve
  File: /Users/thome/code/fhir-profiling/mtb-template-migration/input/fsh/examples/mii-exa-mtb-kim-musterperson-diagnose.fsh
  Line: 30
error Value $OT does not resolve as alias, values beginning with "$" must resolve
  File: /Users/thome/code/fhir-profiling/mtb-template-migration/input/fsh/examples/mii-exa-mtb-kim-musterperson-diagnose.fsh
  Line: 41
error Value $SCT does not resolve as alias, values beginning with "$" must resolve
  File: /Users/thome/code/fhir-profiling/mtb-template-migration/input/fsh/examples/mii-exa-mtb-kim-musterperson-diagnostik.fsh
  Line: 18
error Value $OPS does not resolve as alias, values beginning with "$" must resolve
  File: /Users/thome/code/fhir-profiling/mtb-template-migration/input/fsh/examples/mii-exa-mtb-kim-musterperson-diagnostik.fsh
  Line: 20
error Value $SCT does not resolve as alias, values beginning with "$" must resolve
  File: /Users/thome/code/fhir-profiling/mtb-template-migration/input/fsh/examples/mii-exa-mtb-kim-musterperson-diagnostik.fsh
  Line: 23
error Value $SCT does not resolve as alias, values beginning with "$" must resolve
  File: /Users/thome/code/fhir-profiling/mtb-template-migration/input/fsh/examples/mii-exa-mtb-kim-musterperson-diagnostik.fsh
  Line: 24
error Value $SCT does not resolve as alias, values beginning with "$" must resolve
  File: /Users/thome/code/fhir-profiling/mtb-template-migration/input/fsh/examples/mii-exa-mtb-kim-musterperson-diagnostik.fsh
  Line: 32
error Value $SCT does not resolve as alias, values beginning with "$" must resolve
  File: /Users/thome/code/fhir-profiling/mtb-template-migration/input/fsh/examples/mii-exa-mtb-kim-musterperson-diagnostik.fsh
  Line: 33
error Value $SCT does not resolve as alias, values beginning with "$" must resolve
  File: /Users/thome/code/fhir-profiling/mtb-template-migration/input/fsh/examples/mii-exa-mtb-kim-musterperson-diagnostik.fsh
  Line: 42
error Value $SCT does not resolve as alias, values beginning with "$" must resolve
  File: /Users/thome/code/fhir-profiling/mtb-template-migration/input/fsh/examples/mii-exa-mtb-kim-musterperson-diagnostik.fsh
  Line: 43
error Value $SCT does not resolve as alias, values beginning with "$" must resolve
  File: /Users/thome/code/fhir-profiling/mtb-template-migration/input/fsh/examples/mii-exa-mtb-kim-musterperson-diagnostik.fsh
  Line: 52
error Value $SCT does not resolve as alias, values beginning with "$" must resolve
  File: /Users/thome/code/fhir-profiling/mtb-template-migration/input/fsh/examples/mii-exa-mtb-kim-musterperson-diagnostik.fsh
  Line: 53
error Value $SCT does not resolve as alias, values beginning with "$" must resolve
  File: /Users/thome/code/fhir-profiling/mtb-template-migration/input/fsh/examples/mii-exa-mtb-kim-musterperson-diagnostik.fsh
  Line: 62
error Value $SCT does not resolve as alias, values beginning with "$" must resolve
  File: /Users/thome/code/fhir-profiling/mtb-template-migration/input/fsh/examples/mii-exa-mtb-kim-musterperson-diagnostik.fsh
  Line: 63
error Value $SCT does not resolve as alias, values beginning with "$" must resolve
  File: /Users/thome/code/fhir-profiling/mtb-template-migration/input/fsh/examples/mii-exa-mtb-kim-musterperson-diagnostik.fsh
  Line: 64
error Value $SCT does not resolve as alias, values beginning with "$" must resolve
  File: /Users/thome/code/fhir-profiling/mtb-template-migration/input/fsh/examples/mii-exa-mtb-kim-musterperson-diagnostik.fsh
  Line: 65
error Value $SCT does not resolve as alias, values beginning with "$" must resolve
  File: /Users/thome/code/fhir-profiling/mtb-template-migration/input/fsh/examples/mii-exa-mtb-kim-musterperson-diagnostik.fsh
  Line: 66
error Value $SCT does not resolve as alias, values beginning with "$" must resolve
  File: /Users/thome/code/fhir-profiling/mtb-template-migration/input/fsh/examples/mii-exa-mtb-kim-musterperson-diagnostik.fsh
  Line: 68
error Value $SCT does not resolve as alias, values beginning with "$" must resolve
  File: /Users/thome/code/fhir-profiling/mtb-template-migration/input/fsh/examples/mii-exa-mtb-kim-musterperson-diagnostik.fsh
  Line: 79
error Value $OPS does not resolve as alias, values beginning with "$" must resolve
  File: /Users/thome/code/fhir-profiling/mtb-template-migration/input/fsh/examples/mii-exa-mtb-kim-musterperson-diagnostik.fsh
  Line: 81
error Value $SCT does not resolve as alias, values beginning with "$" must resolve
  File: /Users/thome/code/fhir-profiling/mtb-template-migration/input/fsh/examples/mii-exa-mtb-kim-musterperson-diagnostik.fsh
  Line: 84
error Value $SCT does not resolve as alias, values beginning with "$" must resolve
  File: /Users/thome/code/fhir-profiling/mtb-template-migration/input/fsh/examples/mii-exa-mtb-kim-musterperson-diagnostik.fsh
  Line: 85
error Value $SCT does not resolve as alias, values beginning with "$" must resolve
  File: /Users/thome/code/fhir-profiling/mtb-template-migration/input/fsh/examples/mii-exa-mtb-kim-musterperson-diagnostik.fsh
  Line: 93
error Value $SCT does not resolve as alias, values beginning with "$" must resolve
  File: /Users/thome/code/fhir-profiling/mtb-template-migration/input/fsh/examples/mii-exa-mtb-kim-musterperson-diagnostik.fsh
  Line: 94
error Value $SCT does not resolve as alias, values beginning with "$" must resolve
  File: /Users/thome/code/fhir-profiling/mtb-template-migration/input/fsh/examples/mii-exa-mtb-kim-musterperson-diagnostik.fsh
  Line: 95
error Value $SCT does not resolve as alias, values beginning with "$" must resolve
  File: /Users/thome/code/fhir-profiling/mtb-template-migration/input/fsh/examples/mii-exa-mtb-kim-musterperson-diagnostik.fsh
  Line: 96
error Value $SCT does not resolve as alias, values beginning with "$" must resolve
  File: /Users/thome/code/fhir-profiling/mtb-template-migration/input/fsh/examples/mii-exa-mtb-kim-musterperson-diagnostik.fsh
  Line: 97
error Value $SCT does not resolve as alias, values beginning with "$" must resolve
  File: /Users/thome/code/fhir-profiling/mtb-template-migration/input/fsh/examples/mii-exa-mtb-kim-musterperson-diagnostik.fsh
  Line: 99
error Value $SCT does not resolve as alias, values beginning with "$" must resolve
  File: /Users/thome/code/fhir-profiling/mtb-template-migration/input/fsh/examples/mii-exa-mtb-kim-musterperson-diagnostik.fsh
  Line: 107
error Value $SCT does not resolve as alias, values beginning with "$" must resolve
  File: /Users/thome/code/fhir-profiling/mtb-template-migration/input/fsh/examples/mii-exa-mtb-kim-musterperson-diagnostik.fsh
  Line: 108
error Value $SCT does not resolve as alias, values beginning with "$" must resolve
  File: /Users/thome/code/fhir-profiling/mtb-template-migration/input/fsh/examples/mii-exa-mtb-kim-musterperson-diagnostik.fsh
  Line: 117
error Value $SCT does not resolve as alias, values beginning with "$" must resolve
  File: /Users/thome/code/fhir-profiling/mtb-template-migration/input/fsh/examples/mii-exa-mtb-kim-musterperson-diagnostik.fsh
  Line: 118
error Value $SCT does not resolve as alias, values beginning with "$" must resolve
  File: /Users/thome/code/fhir-profiling/mtb-template-migration/input/fsh/examples/mii-exa-mtb-kim-musterperson-diagnostik.fsh
  Line: 127
error Value $SCT does not resolve as alias, values beginning with "$" must resolve
  File: /Users/thome/code/fhir-profiling/mtb-template-migration/input/fsh/examples/mii-exa-mtb-kim-musterperson-diagnostik.fsh
  Line: 128
error Value $SCT does not resolve as alias, values beginning with "$" must resolve
  File: /Users/thome/code/fhir-profiling/mtb-template-migration/input/fsh/examples/mii-exa-mtb-kim-musterperson-diagnostik.fsh
  Line: 129
error Value $SCT does not resolve as alias, values beginning with "$" must resolve
  File: /Users/thome/code/fhir-profiling/mtb-template-migration/input/fsh/examples/mii-exa-mtb-kim-musterperson-diagnostik.fsh
  Line: 131
error Value $SCT does not resolve as alias, values beginning with "$" must resolve
  File: /Users/thome/code/fhir-profiling/mtb-template-migration/input/fsh/examples/mii-exa-mtb-kim-musterperson-diagnostik.fsh
  Line: 132
error Value $SCT does not resolve as alias, values beginning with "$" must resolve
  File: /Users/thome/code/fhir-profiling/mtb-template-migration/input/fsh/examples/mii-exa-mtb-kim-musterperson-diagnostik.fsh
  Line: 144
error Value $OPS does not resolve as alias, values beginning with "$" must resolve
  File: /Users/thome/code/fhir-profiling/mtb-template-migration/input/fsh/examples/mii-exa-mtb-kim-musterperson-diagnostik.fsh
  Line: 146
error Value $SCT does not resolve as alias, values beginning with "$" must resolve
  File: /Users/thome/code/fhir-profiling/mtb-template-migration/input/fsh/examples/mii-exa-mtb-kim-musterperson-diagnostik.fsh
  Line: 149
error Value $SCT does not resolve as alias, values beginning with "$" must resolve
  File: /Users/thome/code/fhir-profiling/mtb-template-migration/input/fsh/examples/mii-exa-mtb-kim-musterperson-diagnostik.fsh
  Line: 150
error Value $SCT does not resolve as alias, values beginning with "$" must resolve
  File: /Users/thome/code/fhir-profiling/mtb-template-migration/input/fsh/examples/mii-exa-mtb-kim-musterperson-diagnostik.fsh
  Line: 158
error Value $SCT does not resolve as alias, values beginning with "$" must resolve
  File: /Users/thome/code/fhir-profiling/mtb-template-migration/input/fsh/examples/mii-exa-mtb-kim-musterperson-diagnostik.fsh
  Line: 159
error Value $SCT does not resolve as alias, values beginning with "$" must resolve
  File: /Users/thome/code/fhir-profiling/mtb-template-migration/input/fsh/examples/mii-exa-mtb-kim-musterperson-diagnostik.fsh
  Line: 160
error Value $SCT does not resolve as alias, values beginning with "$" must resolve
  File: /Users/thome/code/fhir-profiling/mtb-template-migration/input/fsh/examples/mii-exa-mtb-kim-musterperson-diagnostik.fsh
  Line: 161
error Value $SCT does not resolve as alias, values beginning with "$" must resolve
  File: /Users/thome/code/fhir-profiling/mtb-template-migration/input/fsh/examples/mii-exa-mtb-kim-musterperson-diagnostik.fsh
  Line: 162
error Value $SCT does not resolve as alias, values beginning with "$" must resolve
  File: /Users/thome/code/fhir-profiling/mtb-template-migration/input/fsh/examples/mii-exa-mtb-kim-musterperson-diagnostik.fsh
  Line: 164
error Value $SCT does not resolve as alias, values beginning with "$" must resolve
  File: /Users/thome/code/fhir-profiling/mtb-template-migration/input/fsh/examples/mii-exa-mtb-kim-musterperson-diagnostik.fsh
  Line: 172
error Value $SCT does not resolve as alias, values beginning with "$" must resolve
  File: /Users/thome/code/fhir-profiling/mtb-template-migration/input/fsh/examples/mii-exa-mtb-kim-musterperson-diagnostik.fsh
  Line: 173
error Value $SCT does not resolve as alias, values beginning with "$" must resolve
  File: /Users/thome/code/fhir-profiling/mtb-template-migration/input/fsh/examples/mii-exa-mtb-kim-musterperson-diagnostik.fsh
  Line: 174
error Value $SCT does not resolve as alias, values beginning with "$" must resolve
  File: /Users/thome/code/fhir-profiling/mtb-template-migration/input/fsh/examples/mii-exa-mtb-kim-musterperson-diagnostik.fsh
  Line: 175
error Value $SCT does not resolve as alias, values beginning with "$" must resolve
  File: /Users/thome/code/fhir-profiling/mtb-template-migration/input/fsh/examples/mii-exa-mtb-kim-musterperson-diagnostik.fsh
  Line: 176
error Value $SCT does not resolve as alias, values beginning with "$" must resolve
  File: /Users/thome/code/fhir-profiling/mtb-template-migration/input/fsh/examples/mii-exa-mtb-kim-musterperson-diagnostik.fsh
  Line: 178
error Value $SCT does not resolve as alias, values beginning with "$" must resolve
  File: /Users/thome/code/fhir-profiling/mtb-template-migration/input/fsh/examples/mii-exa-mtb-kim-musterperson-diagnostik.fsh
  Line: 186
error Value $SCT does not resolve as alias, values beginning with "$" must resolve
  File: /Users/thome/code/fhir-profiling/mtb-template-migration/input/fsh/examples/mii-exa-mtb-kim-musterperson-diagnostik.fsh
  Line: 187
error Value $SCT does not resolve as alias, values beginning with "$" must resolve
  File: /Users/thome/code/fhir-profiling/mtb-template-migration/input/fsh/examples/mii-exa-mtb-kim-musterperson-diagnostik.fsh
  Line: 196
error Value $SCT does not resolve as alias, values beginning with "$" must resolve
  File: /Users/thome/code/fhir-profiling/mtb-template-migration/input/fsh/examples/mii-exa-mtb-kim-musterperson-diagnostik.fsh
  Line: 197
error Value $SCT does not resolve as alias, values beginning with "$" must resolve
  File: /Users/thome/code/fhir-profiling/mtb-template-migration/input/fsh/examples/mii-exa-mtb-kim-musterperson-diagnostik.fsh
  Line: 206
error Value $SCT does not resolve as alias, values beginning with "$" must resolve
  File: /Users/thome/code/fhir-profiling/mtb-template-migration/input/fsh/examples/mii-exa-mtb-kim-musterperson-diagnostik.fsh
  Line: 207
error Value $SCT does not resolve as alias, values beginning with "$" must resolve
  File: /Users/thome/code/fhir-profiling/mtb-template-migration/input/fsh/examples/mii-exa-mtb-kim-musterperson-diagnostik.fsh
  Line: 208
error Value $SCT does not resolve as alias, values beginning with "$" must resolve
  File: /Users/thome/code/fhir-profiling/mtb-template-migration/input/fsh/examples/mii-exa-mtb-kim-musterperson-diagnostik.fsh
  Line: 210
error Value $SCT does not resolve as alias, values beginning with "$" must resolve
  File: /Users/thome/code/fhir-profiling/mtb-template-migration/input/fsh/examples/mii-exa-mtb-kim-musterperson-diagnostik.fsh
  Line: 211
error Value $SCT does not resolve as alias, values beginning with "$" must resolve
  File: /Users/thome/code/fhir-profiling/mtb-template-migration/input/fsh/examples/mii-exa-mtb-kim-musterperson-diagnostik.fsh
  Line: 221
error Value $SCT does not resolve as alias, values beginning with "$" must resolve
  File: /Users/thome/code/fhir-profiling/mtb-template-migration/input/fsh/examples/mii-exa-mtb-kim-musterperson-diagnostik.fsh
  Line: 223
error Value $SCT does not resolve as alias, values beginning with "$" must resolve
  File: /Users/thome/code/fhir-profiling/mtb-template-migration/input/fsh/examples/mii-exa-mtb-kim-musterperson-diagnostik.fsh
  Line: 224
error Value $SCT does not resolve as alias, values beginning with "$" must resolve
  File: /Users/thome/code/fhir-profiling/mtb-template-migration/input/fsh/examples/mii-exa-mtb-kim-musterperson-diagnostik.fsh
  Line: 225
error Value $SCT does not resolve as alias, values beginning with "$" must resolve
  File: /Users/thome/code/fhir-profiling/mtb-template-migration/input/fsh/examples/mii-exa-mtb-kim-musterperson-diagnostik.fsh
  Line: 226
error Value $SCT does not resolve as alias, values beginning with "$" must resolve
  File: /Users/thome/code/fhir-profiling/mtb-template-migration/input/fsh/examples/mii-exa-mtb-kim-musterperson-diagnostik.fsh
  Line: 235
error Value $SCT does not resolve as alias, values beginning with "$" must resolve
  File: /Users/thome/code/fhir-profiling/mtb-template-migration/input/fsh/examples/mii-exa-mtb-kim-musterperson-diagnostik.fsh
  Line: 237
error Value $SCT does not resolve as alias, values beginning with "$" must resolve
  File: /Users/thome/code/fhir-profiling/mtb-template-migration/input/fsh/examples/mii-exa-mtb-kim-musterperson-diagnostik.fsh
  Line: 238
error Value $SCT does not resolve as alias, values beginning with "$" must resolve
  File: /Users/thome/code/fhir-profiling/mtb-template-migration/input/fsh/examples/mii-exa-mtb-kim-musterperson-diagnostik.fsh
  Line: 249
error Value $OPS does not resolve as alias, values beginning with "$" must resolve
  File: /Users/thome/code/fhir-profiling/mtb-template-migration/input/fsh/examples/mii-exa-mtb-kim-musterperson-diagnostik.fsh
  Line: 251
error Value $SCT does not resolve as alias, values beginning with "$" must resolve
  File: /Users/thome/code/fhir-profiling/mtb-template-migration/input/fsh/examples/mii-exa-mtb-kim-musterperson-diagnostik.fsh
  Line: 254
error Value $SCT does not resolve as alias, values beginning with "$" must resolve
  File: /Users/thome/code/fhir-profiling/mtb-template-migration/input/fsh/examples/mii-exa-mtb-kim-musterperson-diagnostik.fsh
  Line: 255
error Value $SCT does not resolve as alias, values beginning with "$" must resolve
  File: /Users/thome/code/fhir-profiling/mtb-template-migration/input/fsh/examples/mii-exa-mtb-kim-musterperson-diagnostik.fsh
  Line: 263
error Value $SCT does not resolve as alias, values beginning with "$" must resolve
  File: /Users/thome/code/fhir-profiling/mtb-template-migration/input/fsh/examples/mii-exa-mtb-kim-musterperson-diagnostik.fsh
  Line: 264
error Value $UCUM does not resolve as alias, values beginning with "$" must resolve
  File: /Users/thome/code/fhir-profiling/mtb-template-migration/input/fsh/examples/mii-exa-mtb-kim-musterperson-diagnostik.fsh
  Line: 268
error Value $SCT does not resolve as alias, values beginning with "$" must resolve
  File: /Users/thome/code/fhir-profiling/mtb-template-migration/input/fsh/examples/mii-exa-mtb-kim-musterperson-diagnostik.fsh
  Line: 277
error Value $SCT does not resolve as alias, values beginning with "$" must resolve
  File: /Users/thome/code/fhir-profiling/mtb-template-migration/input/fsh/examples/mii-exa-mtb-kim-musterperson-diagnostik.fsh
  Line: 279
error Value $SCT does not resolve as alias, values beginning with "$" must resolve
  File: /Users/thome/code/fhir-profiling/mtb-template-migration/input/fsh/examples/mii-exa-mtb-kim-musterperson-diagnostik.fsh
  Line: 280
error Value $SCT does not resolve as alias, values beginning with "$" must resolve
  File: /Users/thome/code/fhir-profiling/mtb-template-migration/input/fsh/examples/mii-exa-mtb-kim-musterperson-diagnostik.fsh
  Line: 281
error Value $SCT does not resolve as alias, values beginning with "$" must resolve
  File: /Users/thome/code/fhir-profiling/mtb-template-migration/input/fsh/examples/mii-exa-mtb-kim-musterperson-diagnostik.fsh
  Line: 282
error Value $SCT does not resolve as alias, values beginning with "$" must resolve
  File: /Users/thome/code/fhir-profiling/mtb-template-migration/input/fsh/examples/mii-exa-mtb-kim-musterperson-diagnostik.fsh
  Line: 291
error Value $SCT does not resolve as alias, values beginning with "$" must resolve
  File: /Users/thome/code/fhir-profiling/mtb-template-migration/input/fsh/examples/mii-exa-mtb-kim-musterperson-diagnostik.fsh
  Line: 293
error Value $SCT does not resolve as alias, values beginning with "$" must resolve
  File: /Users/thome/code/fhir-profiling/mtb-template-migration/input/fsh/examples/mii-exa-mtb-kim-musterperson-diagnostik.fsh
  Line: 302
error Value $SCT does not resolve as alias, values beginning with "$" must resolve
  File: /Users/thome/code/fhir-profiling/mtb-template-migration/input/fsh/examples/mii-exa-mtb-kim-musterperson-diagnostik.fsh
  Line: 304
error Value $SCT does not resolve as alias, values beginning with "$" must resolve
  File: /Users/thome/code/fhir-profiling/mtb-template-migration/input/fsh/examples/mii-exa-mtb-kim-musterperson-diagnostik.fsh
  Line: 316
error Value $OPS does not resolve as alias, values beginning with "$" must resolve
  File: /Users/thome/code/fhir-profiling/mtb-template-migration/input/fsh/examples/mii-exa-mtb-kim-musterperson-diagnostik.fsh
  Line: 318
error Value $SCT does not resolve as alias, values beginning with "$" must resolve
  File: /Users/thome/code/fhir-profiling/mtb-template-migration/input/fsh/examples/mii-exa-mtb-kim-musterperson-diagnostik.fsh
  Line: 321
error Value $SCT does not resolve as alias, values beginning with "$" must resolve
  File: /Users/thome/code/fhir-profiling/mtb-template-migration/input/fsh/examples/mii-exa-mtb-kim-musterperson-diagnostik.fsh
  Line: 322
error Value $SCT does not resolve as alias, values beginning with "$" must resolve
  File: /Users/thome/code/fhir-profiling/mtb-template-migration/input/fsh/examples/mii-exa-mtb-kim-musterperson-diagnostik.fsh
  Line: 330
error Value $SCT does not resolve as alias, values beginning with "$" must resolve
  File: /Users/thome/code/fhir-profiling/mtb-template-migration/input/fsh/examples/mii-exa-mtb-kim-musterperson-diagnostik.fsh
  Line: 332
error Value $SCT does not resolve as alias, values beginning with "$" must resolve
  File: /Users/thome/code/fhir-profiling/mtb-template-migration/input/fsh/examples/mii-exa-mtb-kim-musterperson-diagnostik.fsh
  Line: 341
error Value $SCT does not resolve as alias, values beginning with "$" must resolve
  File: /Users/thome/code/fhir-profiling/mtb-template-migration/input/fsh/examples/mii-exa-mtb-kim-musterperson-diagnostik.fsh
  Line: 343
error Value $SCT does not resolve as alias, values beginning with "$" must resolve
  File: /Users/thome/code/fhir-profiling/mtb-template-migration/input/fsh/examples/mii-exa-mtb-kim-musterperson-diagnostik.fsh
  Line: 344
error Value $SCT does not resolve as alias, values beginning with "$" must resolve
  File: /Users/thome/code/fhir-profiling/mtb-template-migration/input/fsh/examples/mii-exa-mtb-kim-musterperson-diagnostik.fsh
  Line: 353
error Value $SCT does not resolve as alias, values beginning with "$" must resolve
  File: /Users/thome/code/fhir-profiling/mtb-template-migration/input/fsh/examples/mii-exa-mtb-kim-musterperson-diagnostik.fsh
  Line: 355
error Value $SCT does not resolve as alias, values beginning with "$" must resolve
  File: /Users/thome/code/fhir-profiling/mtb-template-migration/input/fsh/examples/mii-exa-mtb-kim-musterperson-diagnostik.fsh
  Line: 356
error Value $SCT does not resolve as alias, values beginning with "$" must resolve
  File: /Users/thome/code/fhir-profiling/mtb-template-migration/input/fsh/examples/mii-exa-mtb-kim-musterperson-diagnostik.fsh
  Line: 365
error Value $SCT does not resolve as alias, values beginning with "$" must resolve
  File: /Users/thome/code/fhir-profiling/mtb-template-migration/input/fsh/examples/mii-exa-mtb-kim-musterperson-diagnostik.fsh
  Line: 367
error Value $SCT does not resolve as alias, values beginning with "$" must resolve
  File: /Users/thome/code/fhir-profiling/mtb-template-migration/input/fsh/examples/mii-exa-mtb-kim-musterperson-diagnostik.fsh
  Line: 377
error Value $OPS does not resolve as alias, values beginning with "$" must resolve
  File: /Users/thome/code/fhir-profiling/mtb-template-migration/input/fsh/examples/mii-exa-mtb-kim-musterperson-diagnostik.fsh
  Line: 379
error Value $SCT does not resolve as alias, values beginning with "$" must resolve
  File: /Users/thome/code/fhir-profiling/mtb-template-migration/input/fsh/examples/mii-exa-mtb-kim-musterperson-diagnostik.fsh
  Line: 382
error Value $SCT does not resolve as alias, values beginning with "$" must resolve
  File: /Users/thome/code/fhir-profiling/mtb-template-migration/input/fsh/examples/mii-exa-mtb-kim-musterperson-diagnostik.fsh
  Line: 383
error Value $SCT does not resolve as alias, values beginning with "$" must resolve
  File: /Users/thome/code/fhir-profiling/mtb-template-migration/input/fsh/examples/mii-exa-mtb-kim-musterperson-diagnostik.fsh
  Line: 391
error Value $SCT does not resolve as alias, values beginning with "$" must resolve
  File: /Users/thome/code/fhir-profiling/mtb-template-migration/input/fsh/examples/mii-exa-mtb-kim-musterperson-diagnostik.fsh
  Line: 392
error Value $SCT does not resolve as alias, values beginning with "$" must resolve
  File: /Users/thome/code/fhir-profiling/mtb-template-migration/input/fsh/examples/mii-exa-mtb-kim-musterperson-diagnostik.fsh
  Line: 401
error Value $SCT does not resolve as alias, values beginning with "$" must resolve
  File: /Users/thome/code/fhir-profiling/mtb-template-migration/input/fsh/examples/mii-exa-mtb-kim-musterperson-diagnostik.fsh
  Line: 403
error Value $SCT does not resolve as alias, values beginning with "$" must resolve
  File: /Users/thome/code/fhir-profiling/mtb-template-migration/input/fsh/examples/mii-exa-mtb-kim-musterperson-diagnostik.fsh
  Line: 404
error Value $SCT does not resolve as alias, values beginning with "$" must resolve
  File: /Users/thome/code/fhir-profiling/mtb-template-migration/input/fsh/examples/mii-exa-mtb-kim-musterperson-diagnostik.fsh
  Line: 405
error Value $SCT does not resolve as alias, values beginning with "$" must resolve
  File: /Users/thome/code/fhir-profiling/mtb-template-migration/input/fsh/examples/mii-exa-mtb-kim-musterperson-diagnostik.fsh
  Line: 406
error Value $SCT does not resolve as alias, values beginning with "$" must resolve
  File: /Users/thome/code/fhir-profiling/mtb-template-migration/input/fsh/examples/mii-exa-mtb-kim-musterperson-diagnostik.fsh
  Line: 417
error Value $OPS does not resolve as alias, values beginning with "$" must resolve
  File: /Users/thome/code/fhir-profiling/mtb-template-migration/input/fsh/examples/mii-exa-mtb-kim-musterperson-diagnostik.fsh
  Line: 419
error Value $SCT does not resolve as alias, values beginning with "$" must resolve
  File: /Users/thome/code/fhir-profiling/mtb-template-migration/input/fsh/examples/mii-exa-mtb-kim-musterperson-diagnostik.fsh
  Line: 422
error Value $SCT does not resolve as alias, values beginning with "$" must resolve
  File: /Users/thome/code/fhir-profiling/mtb-template-migration/input/fsh/examples/mii-exa-mtb-kim-musterperson-diagnostik.fsh
  Line: 423
error Value $SCT does not resolve as alias, values beginning with "$" must resolve
  File: /Users/thome/code/fhir-profiling/mtb-template-migration/input/fsh/examples/mii-exa-mtb-kim-musterperson-diagnostik.fsh
  Line: 431
error Value $SCT does not resolve as alias, values beginning with "$" must resolve
  File: /Users/thome/code/fhir-profiling/mtb-template-migration/input/fsh/examples/mii-exa-mtb-kim-musterperson-diagnostik.fsh
  Line: 433
error Value $SCT does not resolve as alias, values beginning with "$" must resolve
  File: /Users/thome/code/fhir-profiling/mtb-template-migration/input/fsh/examples/mii-exa-mtb-kim-musterperson-diagnostik.fsh
  Line: 434
error Value $SCT does not resolve as alias, values beginning with "$" must resolve
  File: /Users/thome/code/fhir-profiling/mtb-template-migration/input/fsh/examples/mii-exa-mtb-kim-musterperson-diagnostik.fsh
  Line: 443
error Value $SCT does not resolve as alias, values beginning with "$" must resolve
  File: /Users/thome/code/fhir-profiling/mtb-template-migration/input/fsh/examples/mii-exa-mtb-kim-musterperson-diagnostik.fsh
  Line: 444
error Value $SCT does not resolve as alias, values beginning with "$" must resolve
  File: /Users/thome/code/fhir-profiling/mtb-template-migration/input/fsh/examples/mii-exa-mtb-kim-musterperson-diagnostik.fsh
  Line: 446
error Value $SCT does not resolve as alias, values beginning with "$" must resolve
  File: /Users/thome/code/fhir-profiling/mtb-template-migration/input/fsh/examples/mii-exa-mtb-kim-musterperson-diagnostik.fsh
  Line: 447
error Value $SCT does not resolve as alias, values beginning with "$" must resolve
  File: /Users/thome/code/fhir-profiling/mtb-template-migration/input/fsh/examples/mii-exa-mtb-kim-musterperson-diagnostik.fsh
  Line: 449
error Value $SCT does not resolve as alias, values beginning with "$" must resolve
  File: /Users/thome/code/fhir-profiling/mtb-template-migration/input/fsh/examples/mii-exa-mtb-kim-musterperson-diagnostik.fsh
  Line: 457
error Value $SCT does not resolve as alias, values beginning with "$" must resolve
  File: /Users/thome/code/fhir-profiling/mtb-template-migration/input/fsh/examples/mii-exa-mtb-kim-musterperson-diagnostik.fsh
  Line: 459
error Value $SCT does not resolve as alias, values beginning with "$" must resolve
  File: /Users/thome/code/fhir-profiling/mtb-template-migration/input/fsh/examples/mii-exa-mtb-kim-musterperson-diagnostik.fsh
  Line: 468
error Value $SCT does not resolve as alias, values beginning with "$" must resolve
  File: /Users/thome/code/fhir-profiling/mtb-template-migration/input/fsh/examples/mii-exa-mtb-kim-musterperson-diagnostik.fsh
  Line: 470
error Value $SCT does not resolve as alias, values beginning with "$" must resolve
  File: /Users/thome/code/fhir-profiling/mtb-template-migration/input/fsh/examples/mii-exa-mtb-kim-musterperson-diagnostik.fsh
  Line: 471
error Value $SCT does not resolve as alias, values beginning with "$" must resolve
  File: /Users/thome/code/fhir-profiling/mtb-template-migration/input/fsh/examples/mii-exa-mtb-kim-musterperson-diagnostik.fsh
  Line: 472
error Value $SCT does not resolve as alias, values beginning with "$" must resolve
  File: /Users/thome/code/fhir-profiling/mtb-template-migration/input/fsh/examples/mii-exa-mtb-kim-musterperson-follow-up.fsh
  Line: 7
error Value $mii-cs-mtb-follow-up-status does not resolve as alias, values beginning with "$" must resolve
  File: /Users/thome/code/fhir-profiling/mtb-template-migration/input/fsh/examples/mii-exa-mtb-kim-musterperson-follow-up.fsh
  Line: 10
error Value $SCT does not resolve as alias, values beginning with "$" must resolve
  File: /Users/thome/code/fhir-profiling/mtb-template-migration/input/fsh/examples/mii-exa-mtb-kim-musterperson-follow-up.fsh
  Line: 24
error Value $mii-cs-onko-intention does not resolve as alias, values beginning with "$" must resolve
  File: /Users/thome/code/fhir-profiling/mtb-template-migration/input/fsh/examples/mii-exa-mtb-kim-musterperson-follow-up.fsh
  Line: 25
error Value $mii-cs-onko-therapie-typ does not resolve as alias, values beginning with "$" must resolve
  File: /Users/thome/code/fhir-profiling/mtb-template-migration/input/fsh/examples/mii-exa-mtb-kim-musterperson-follow-up.fsh
  Line: 26
error Value $OPS does not resolve as alias, values beginning with "$" must resolve
  File: /Users/thome/code/fhir-profiling/mtb-template-migration/input/fsh/examples/mii-exa-mtb-kim-musterperson-follow-up.fsh
  Line: 27
error Value $UNII does not resolve as alias, values beginning with "$" must resolve
  File: /Users/thome/code/fhir-profiling/mtb-template-migration/input/fsh/examples/mii-exa-mtb-kim-musterperson-follow-up.fsh
  Line: 42
error Value $ATC_DE does not resolve as alias, values beginning with "$" must resolve
  File: /Users/thome/code/fhir-profiling/mtb-template-migration/input/fsh/examples/mii-exa-mtb-kim-musterperson-follow-up.fsh
  Line: 43
error Value $UCUM does not resolve as alias, values beginning with "$" must resolve
  File: /Users/thome/code/fhir-profiling/mtb-template-migration/input/fsh/examples/mii-exa-mtb-kim-musterperson-follow-up.fsh
  Line: 52
error Value $UNII does not resolve as alias, values beginning with "$" must resolve
  File: /Users/thome/code/fhir-profiling/mtb-template-migration/input/fsh/examples/mii-exa-mtb-kim-musterperson-follow-up.fsh
  Line: 63
error Value $ATC_DE does not resolve as alias, values beginning with "$" must resolve
  File: /Users/thome/code/fhir-profiling/mtb-template-migration/input/fsh/examples/mii-exa-mtb-kim-musterperson-follow-up.fsh
  Line: 64
error Value $UCUM does not resolve as alias, values beginning with "$" must resolve
  File: /Users/thome/code/fhir-profiling/mtb-template-migration/input/fsh/examples/mii-exa-mtb-kim-musterperson-follow-up.fsh
  Line: 74
error Value $UNII does not resolve as alias, values beginning with "$" must resolve
  File: /Users/thome/code/fhir-profiling/mtb-template-migration/input/fsh/examples/mii-exa-mtb-kim-musterperson-follow-up.fsh
  Line: 85
error Value $ATC_DE does not resolve as alias, values beginning with "$" must resolve
  File: /Users/thome/code/fhir-profiling/mtb-template-migration/input/fsh/examples/mii-exa-mtb-kim-musterperson-follow-up.fsh
  Line: 86
error Value $UCUM does not resolve as alias, values beginning with "$" must resolve
  File: /Users/thome/code/fhir-profiling/mtb-template-migration/input/fsh/examples/mii-exa-mtb-kim-musterperson-follow-up.fsh
  Line: 96
error Value $SCT does not resolve as alias, values beginning with "$" must resolve
  File: /Users/thome/code/fhir-profiling/mtb-template-migration/input/fsh/examples/mii-exa-mtb-kim-musterperson-follow-up.fsh
  Line: 104
error Value $mii-cs-mtb-response-befund-beurteilungsmethode does not resolve as alias, values beginning with "$" must resolve
  File: /Users/thome/code/fhir-profiling/mtb-template-migration/input/fsh/examples/mii-exa-mtb-kim-musterperson-follow-up.fsh
  Line: 105
error Value $mii-cs-mtb-response-befund-beurteilung does not resolve as alias, values beginning with "$" must resolve
  File: /Users/thome/code/fhir-profiling/mtb-template-migration/input/fsh/examples/mii-exa-mtb-kim-musterperson-follow-up.fsh
  Line: 110
error Value $SCT does not resolve as alias, values beginning with "$" must resolve
  File: /Users/thome/code/fhir-profiling/mtb-template-migration/input/fsh/examples/mii-exa-mtb-kim-musterperson-follow-up.fsh
  Line: 111
error Value $mii-cs-onko-verlauf-lymphknoten does not resolve as alias, values beginning with "$" must resolve
  File: /Users/thome/code/fhir-profiling/mtb-template-migration/input/fsh/examples/mii-exa-mtb-kim-musterperson-follow-up.fsh
  Line: 112
error Value $UNII does not resolve as alias, values beginning with "$" must resolve
  File: /Users/thome/code/fhir-profiling/mtb-template-migration/input/fsh/examples/mii-exa-mtb-kim-musterperson-follow-up.fsh
  Line: 123
error Value $ATC_DE does not resolve as alias, values beginning with "$" must resolve
  File: /Users/thome/code/fhir-profiling/mtb-template-migration/input/fsh/examples/mii-exa-mtb-kim-musterperson-follow-up.fsh
  Line: 124
error Value $UCUM does not resolve as alias, values beginning with "$" must resolve
  File: /Users/thome/code/fhir-profiling/mtb-template-migration/input/fsh/examples/mii-exa-mtb-kim-musterperson-follow-up.fsh
  Line: 133
error Value $UNII does not resolve as alias, values beginning with "$" must resolve
  File: /Users/thome/code/fhir-profiling/mtb-template-migration/input/fsh/examples/mii-exa-mtb-kim-musterperson-follow-up.fsh
  Line: 144
error Value $ATC_DE does not resolve as alias, values beginning with "$" must resolve
  File: /Users/thome/code/fhir-profiling/mtb-template-migration/input/fsh/examples/mii-exa-mtb-kim-musterperson-follow-up.fsh
  Line: 145
error Value $UCUM does not resolve as alias, values beginning with "$" must resolve
  File: /Users/thome/code/fhir-profiling/mtb-template-migration/input/fsh/examples/mii-exa-mtb-kim-musterperson-follow-up.fsh
  Line: 155
error Value $UNII does not resolve as alias, values beginning with "$" must resolve
  File: /Users/thome/code/fhir-profiling/mtb-template-migration/input/fsh/examples/mii-exa-mtb-kim-musterperson-follow-up.fsh
  Line: 165
error Value $ATC_DE does not resolve as alias, values beginning with "$" must resolve
  File: /Users/thome/code/fhir-profiling/mtb-template-migration/input/fsh/examples/mii-exa-mtb-kim-musterperson-follow-up.fsh
  Line: 166
error Value $UCUM does not resolve as alias, values beginning with "$" must resolve
  File: /Users/thome/code/fhir-profiling/mtb-template-migration/input/fsh/examples/mii-exa-mtb-kim-musterperson-follow-up.fsh
  Line: 175
error Value $SCT does not resolve as alias, values beginning with "$" must resolve
  File: /Users/thome/code/fhir-profiling/mtb-template-migration/input/fsh/examples/mii-exa-mtb-kim-musterperson-follow-up.fsh
  Line: 184
error Value $mii-cs-mtb-response-befund-beurteilungsmethode does not resolve as alias, values beginning with "$" must resolve
  File: /Users/thome/code/fhir-profiling/mtb-template-migration/input/fsh/examples/mii-exa-mtb-kim-musterperson-follow-up.fsh
  Line: 185
error Value $mii-cs-mtb-response-befund-beurteilung does not resolve as alias, values beginning with "$" must resolve
  File: /Users/thome/code/fhir-profiling/mtb-template-migration/input/fsh/examples/mii-exa-mtb-kim-musterperson-follow-up.fsh
  Line: 190
error Value $SCT does not resolve as alias, values beginning with "$" must resolve
  File: /Users/thome/code/fhir-profiling/mtb-template-migration/input/fsh/examples/mii-exa-mtb-kim-musterperson-follow-up.fsh
  Line: 191
error Value $mii-cs-onko-verlauf-lymphknoten does not resolve as alias, values beginning with "$" must resolve
  File: /Users/thome/code/fhir-profiling/mtb-template-migration/input/fsh/examples/mii-exa-mtb-kim-musterperson-follow-up.fsh
  Line: 192
error Value $SCT does not resolve as alias, values beginning with "$" must resolve
  File: /Users/thome/code/fhir-profiling/mtb-template-migration/input/fsh/examples/mii-exa-mtb-kim-musterperson-histologie.fsh
  Line: 24
error Value $SCT does not resolve as alias, values beginning with "$" must resolve
  File: /Users/thome/code/fhir-profiling/mtb-template-migration/input/fsh/examples/mii-exa-mtb-kim-musterperson-histologie.fsh
  Line: 31
error Value $mii-cs-onko-intention does not resolve as alias, values beginning with "$" must resolve
  File: /Users/thome/code/fhir-profiling/mtb-template-migration/input/fsh/examples/mii-exa-mtb-kim-musterperson-medikation.fsh
  Line: 22
error Value $SCT does not resolve as alias, values beginning with "$" must resolve
  File: /Users/thome/code/fhir-profiling/mtb-template-migration/input/fsh/examples/mii-exa-mtb-kim-musterperson-medikation.fsh
  Line: 24
error Value $SCT does not resolve as alias, values beginning with "$" must resolve
  File: /Users/thome/code/fhir-profiling/mtb-template-migration/input/fsh/examples/mii-exa-mtb-kim-musterperson-medikation.fsh
  Line: 25
error Value $mii-cs-onko-therapie-typ does not resolve as alias, values beginning with "$" must resolve
  File: /Users/thome/code/fhir-profiling/mtb-template-migration/input/fsh/examples/mii-exa-mtb-kim-musterperson-medikation.fsh
  Line: 26
error Value $mii-cs-onko-therapie-grund-ende does not resolve as alias, values beginning with "$" must resolve
  File: /Users/thome/code/fhir-profiling/mtb-template-migration/input/fsh/examples/mii-exa-mtb-kim-musterperson-medikation.fsh
  Line: 30
error Errors parsing insert rule with parameterized RuleSet SystemTherapyMedicationStatement
- Value $ATC_DE does not resolve as alias, values beginning with "$" must resolve
- Value $UCUM does not resolve as alias, values beginning with "$" must resolve
  File: /Users/thome/code/fhir-profiling/mtb-template-migration/input/fsh/examples/mii-exa-mtb-kim-musterperson-medikation.fsh
  Line: 46 - 47
error Errors parsing insert rule with parameterized RuleSet SystemTherapyMedicationStatement
- Value $ATC_DE does not resolve as alias, values beginning with "$" must resolve
- Value $UCUM does not resolve as alias, values beginning with "$" must resolve
  File: /Users/thome/code/fhir-profiling/mtb-template-migration/input/fsh/examples/mii-exa-mtb-kim-musterperson-medikation.fsh
  Line: 52 - 53
error Errors parsing insert rule with parameterized RuleSet SystemTherapyMedicationStatement
- Value $ATC_DE does not resolve as alias, values beginning with "$" must resolve
- Value $UCUM does not resolve as alias, values beginning with "$" must resolve
  File: /Users/thome/code/fhir-profiling/mtb-template-migration/input/fsh/examples/mii-exa-mtb-kim-musterperson-medikation.fsh
  Line: 68 - 69
error Errors parsing insert rule with parameterized RuleSet SystemTherapyMedicationStatement
- Value $ATC_DE does not resolve as alias, values beginning with "$" must resolve
- Value $UCUM does not resolve as alias, values beginning with "$" must resolve
  File: /Users/thome/code/fhir-profiling/mtb-template-migration/input/fsh/examples/mii-exa-mtb-kim-musterperson-medikation.fsh
  Line: 74 - 75
error Errors parsing insert rule with parameterized RuleSet SystemTherapyMedicationStatement
- Value $ATC_DE does not resolve as alias, values beginning with "$" must resolve
- Value $UCUM does not resolve as alias, values beginning with "$" must resolve
  File: /Users/thome/code/fhir-profiling/mtb-template-migration/input/fsh/examples/mii-exa-mtb-kim-musterperson-medikation.fsh
  Line: 90 - 91
error Errors parsing insert rule with parameterized RuleSet SystemTherapyMedicationStatement
- Value $ATC_DE does not resolve as alias, values beginning with "$" must resolve
- Value $UCUM does not resolve as alias, values beginning with "$" must resolve
  File: /Users/thome/code/fhir-profiling/mtb-template-migration/input/fsh/examples/mii-exa-mtb-kim-musterperson-medikation.fsh
  Line: 96 - 97
error Errors parsing insert rule with parameterized RuleSet SystemTherapyMedicationStatement
- Value $ATC_DE does not resolve as alias, values beginning with "$" must resolve
- Value $UCUM does not resolve as alias, values beginning with "$" must resolve
  File: /Users/thome/code/fhir-profiling/mtb-template-migration/input/fsh/examples/mii-exa-mtb-kim-musterperson-medikation.fsh
  Line: 112 - 113
error Errors parsing insert rule with parameterized RuleSet SystemTherapyMedicationStatement
- Value $ATC_DE does not resolve as alias, values beginning with "$" must resolve
- Value $UCUM does not resolve as alias, values beginning with "$" must resolve
  File: /Users/thome/code/fhir-profiling/mtb-template-migration/input/fsh/examples/mii-exa-mtb-kim-musterperson-medikation.fsh
  Line: 118 - 119
error Errors parsing insert rule with parameterized RuleSet SystemTherapyMedicationStatement
- Value $ATC_DE does not resolve as alias, values beginning with "$" must resolve
- Value $UCUM does not resolve as alias, values beginning with "$" must resolve
  File: /Users/thome/code/fhir-profiling/mtb-template-migration/input/fsh/examples/mii-exa-mtb-kim-musterperson-medikation.fsh
  Line: 134 - 135
error Errors parsing insert rule with parameterized RuleSet SystemTherapyMedicationStatement
- Value $ATC_DE does not resolve as alias, values beginning with "$" must resolve
- Value $UCUM does not resolve as alias, values beginning with "$" must resolve
  File: /Users/thome/code/fhir-profiling/mtb-template-migration/input/fsh/examples/mii-exa-mtb-kim-musterperson-medikation.fsh
  Line: 140 - 141
error Errors parsing insert rule with parameterized RuleSet SystemTherapyMedicationStatement
- Value $ATC_DE does not resolve as alias, values beginning with "$" must resolve
- Value $UCUM does not resolve as alias, values beginning with "$" must resolve
  File: /Users/thome/code/fhir-profiling/mtb-template-migration/input/fsh/examples/mii-exa-mtb-kim-musterperson-medikation.fsh
  Line: 156 - 157
error Errors parsing insert rule with parameterized RuleSet SystemTherapyMedicationStatement
- Value $ATC_DE does not resolve as alias, values beginning with "$" must resolve
- Value $UCUM does not resolve as alias, values beginning with "$" must resolve
  File: /Users/thome/code/fhir-profiling/mtb-template-migration/input/fsh/examples/mii-exa-mtb-kim-musterperson-medikation.fsh
  Line: 162 - 163
error Value $mii-cs-onko-intention does not resolve as alias, values beginning with "$" must resolve
  File: /Users/thome/code/fhir-profiling/mtb-template-migration/input/fsh/examples/mii-exa-mtb-kim-musterperson-medikation.fsh
  Line: 173
error Value $SCT does not resolve as alias, values beginning with "$" must resolve
  File: /Users/thome/code/fhir-profiling/mtb-template-migration/input/fsh/examples/mii-exa-mtb-kim-musterperson-medikation.fsh
  Line: 176
error Value $SCT does not resolve as alias, values beginning with "$" must resolve
  File: /Users/thome/code/fhir-profiling/mtb-template-migration/input/fsh/examples/mii-exa-mtb-kim-musterperson-medikation.fsh
  Line: 177
error Value $mii-cs-onko-therapie-typ does not resolve as alias, values beginning with "$" must resolve
  File: /Users/thome/code/fhir-profiling/mtb-template-migration/input/fsh/examples/mii-exa-mtb-kim-musterperson-medikation.fsh
  Line: 178
error Value $mii-cs-onko-therapie-grund-ende does not resolve as alias, values beginning with "$" must resolve
  File: /Users/thome/code/fhir-profiling/mtb-template-migration/input/fsh/examples/mii-exa-mtb-kim-musterperson-medikation.fsh
  Line: 182
error Value $UNII does not resolve as alias, values beginning with "$" must resolve
  File: /Users/thome/code/fhir-profiling/mtb-template-migration/input/fsh/examples/mii-exa-mtb-kim-musterperson-medikation.fsh
  Line: 194
error Value $ATC_DE does not resolve as alias, values beginning with "$" must resolve
  File: /Users/thome/code/fhir-profiling/mtb-template-migration/input/fsh/examples/mii-exa-mtb-kim-musterperson-medikation.fsh
  Line: 195
error Value $UCUM does not resolve as alias, values beginning with "$" must resolve
  File: /Users/thome/code/fhir-profiling/mtb-template-migration/input/fsh/examples/mii-exa-mtb-kim-musterperson-medikation.fsh
  Line: 203
error Value $UNII does not resolve as alias, values beginning with "$" must resolve
  File: /Users/thome/code/fhir-profiling/mtb-template-migration/input/fsh/examples/mii-exa-mtb-kim-musterperson-medikation.fsh
  Line: 212
error Value $ATC_DE does not resolve as alias, values beginning with "$" must resolve
  File: /Users/thome/code/fhir-profiling/mtb-template-migration/input/fsh/examples/mii-exa-mtb-kim-musterperson-medikation.fsh
  Line: 213
error Value $UCUM does not resolve as alias, values beginning with "$" must resolve
  File: /Users/thome/code/fhir-profiling/mtb-template-migration/input/fsh/examples/mii-exa-mtb-kim-musterperson-medikation.fsh
  Line: 221
error Value $UNII does not resolve as alias, values beginning with "$" must resolve
  File: /Users/thome/code/fhir-profiling/mtb-template-migration/input/fsh/examples/mii-exa-mtb-kim-musterperson-medikation.fsh
  Line: 230
error Value $ATC_DE does not resolve as alias, values beginning with "$" must resolve
  File: /Users/thome/code/fhir-profiling/mtb-template-migration/input/fsh/examples/mii-exa-mtb-kim-musterperson-medikation.fsh
  Line: 231
error Value $UCUM does not resolve as alias, values beginning with "$" must resolve
  File: /Users/thome/code/fhir-profiling/mtb-template-migration/input/fsh/examples/mii-exa-mtb-kim-musterperson-medikation.fsh
  Line: 239
error Value $UNII does not resolve as alias, values beginning with "$" must resolve
  File: /Users/thome/code/fhir-profiling/mtb-template-migration/input/fsh/examples/mii-exa-mtb-kim-musterperson-medikation.fsh
  Line: 248
error Value $ATC_DE does not resolve as alias, values beginning with "$" must resolve
  File: /Users/thome/code/fhir-profiling/mtb-template-migration/input/fsh/examples/mii-exa-mtb-kim-musterperson-medikation.fsh
  Line: 249
error Value $UCUM does not resolve as alias, values beginning with "$" must resolve
  File: /Users/thome/code/fhir-profiling/mtb-template-migration/input/fsh/examples/mii-exa-mtb-kim-musterperson-medikation.fsh
  Line: 257
error Value $UNII does not resolve as alias, values beginning with "$" must resolve
  File: /Users/thome/code/fhir-profiling/mtb-template-migration/input/fsh/examples/mii-exa-mtb-kim-musterperson-medikation.fsh
  Line: 266
error Value $ATC_DE does not resolve as alias, values beginning with "$" must resolve
  File: /Users/thome/code/fhir-profiling/mtb-template-migration/input/fsh/examples/mii-exa-mtb-kim-musterperson-medikation.fsh
  Line: 267
error Value $UCUM does not resolve as alias, values beginning with "$" must resolve
  File: /Users/thome/code/fhir-profiling/mtb-template-migration/input/fsh/examples/mii-exa-mtb-kim-musterperson-medikation.fsh
  Line: 275
error Value $UNII does not resolve as alias, values beginning with "$" must resolve
  File: /Users/thome/code/fhir-profiling/mtb-template-migration/input/fsh/examples/mii-exa-mtb-kim-musterperson-medikation.fsh
  Line: 284
error Value $ATC_DE does not resolve as alias, values beginning with "$" must resolve
  File: /Users/thome/code/fhir-profiling/mtb-template-migration/input/fsh/examples/mii-exa-mtb-kim-musterperson-medikation.fsh
  Line: 285
error Value $UCUM does not resolve as alias, values beginning with "$" must resolve
  File: /Users/thome/code/fhir-profiling/mtb-template-migration/input/fsh/examples/mii-exa-mtb-kim-musterperson-medikation.fsh
  Line: 293
error Value $LNC does not resolve as alias, values beginning with "$" must resolve
  File: /Users/thome/code/fhir-profiling/mtb-template-migration/input/fsh/examples/mii-exa-mtb-kim-musterperson-ngs-bericht.fsh
  Line: 10
error Value $LNC does not resolve as alias, values beginning with "$" must resolve
  File: /Users/thome/code/fhir-profiling/mtb-template-migration/input/fsh/examples/mii-exa-mtb-kim-musterperson-ngs-bericht.fsh
  Line: 46
error Value $fhir-observation-category does not resolve as alias, values beginning with "$" must resolve
  File: /Users/thome/code/fhir-profiling/mtb-template-migration/input/fsh/examples/mii-exa-mtb-kim-musterperson-ngs-bericht.fsh
  Line: 84
error Value $LNC does not resolve as alias, values beginning with "$" must resolve
  File: /Users/thome/code/fhir-profiling/mtb-template-migration/input/fsh/examples/mii-exa-mtb-kim-musterperson-ngs-bericht.fsh
  Line: 85
error Value $LNC does not resolve as alias, values beginning with "$" must resolve
  File: /Users/thome/code/fhir-profiling/mtb-template-migration/input/fsh/examples/mii-exa-mtb-kim-musterperson-ngs-bericht.fsh
  Line: 86
error Value $LNC does not resolve as alias, values beginning with "$" must resolve
  File: /Users/thome/code/fhir-profiling/mtb-template-migration/input/fsh/examples/mii-exa-mtb-kim-musterperson-ngs-bericht.fsh
  Line: 88
error Value $HGNC does not resolve as alias, values beginning with "$" must resolve
  File: /Users/thome/code/fhir-profiling/mtb-template-migration/input/fsh/examples/mii-exa-mtb-kim-musterperson-ngs-bericht.fsh
  Line: 89
error Value $LNC does not resolve as alias, values beginning with "$" must resolve
  File: /Users/thome/code/fhir-profiling/mtb-template-migration/input/fsh/examples/mii-exa-mtb-kim-musterperson-ngs-bericht.fsh
  Line: 90
error Value $HGVS does not resolve as alias, values beginning with "$" must resolve
  File: /Users/thome/code/fhir-profiling/mtb-template-migration/input/fsh/examples/mii-exa-mtb-kim-musterperson-ngs-bericht.fsh
  Line: 91
error Value $fhir-observation-category does not resolve as alias, values beginning with "$" must resolve
  File: /Users/thome/code/fhir-profiling/mtb-template-migration/input/fsh/examples/mii-exa-mtb-kim-musterperson-ngs-bericht.fsh
  Line: 101
error Value $TBD does not resolve as alias, values beginning with "$" must resolve
  File: /Users/thome/code/fhir-profiling/mtb-template-migration/input/fsh/examples/mii-exa-mtb-kim-musterperson-ngs-bericht.fsh
  Line: 102
error Value $LNC does not resolve as alias, values beginning with "$" must resolve
  File: /Users/thome/code/fhir-profiling/mtb-template-migration/input/fsh/examples/mii-exa-mtb-kim-musterperson-ngs-bericht.fsh
  Line: 105
error Value $LNC does not resolve as alias, values beginning with "$" must resolve
  File: /Users/thome/code/fhir-profiling/mtb-template-migration/input/fsh/examples/mii-exa-mtb-kim-musterperson-ngs-bericht.fsh
  Line: 106
error Value $fhir-observation-category does not resolve as alias, values beginning with "$" must resolve
  File: /Users/thome/code/fhir-profiling/mtb-template-migration/input/fsh/examples/mii-exa-mtb-kim-musterperson-ngs-bericht.fsh
  Line: 116
error Value $LNC does not resolve as alias, values beginning with "$" must resolve
  File: /Users/thome/code/fhir-profiling/mtb-template-migration/input/fsh/examples/mii-exa-mtb-kim-musterperson-ngs-bericht.fsh
  Line: 117
error Value $LNC does not resolve as alias, values beginning with "$" must resolve
  File: /Users/thome/code/fhir-profiling/mtb-template-migration/input/fsh/examples/mii-exa-mtb-kim-musterperson-ngs-bericht.fsh
  Line: 118
error Value $LNC does not resolve as alias, values beginning with "$" must resolve
  File: /Users/thome/code/fhir-profiling/mtb-template-migration/input/fsh/examples/mii-exa-mtb-kim-musterperson-ngs-bericht.fsh
  Line: 120
error Value $HGNC does not resolve as alias, values beginning with "$" must resolve
  File: /Users/thome/code/fhir-profiling/mtb-template-migration/input/fsh/examples/mii-exa-mtb-kim-musterperson-ngs-bericht.fsh
  Line: 121
error Value $LNC does not resolve as alias, values beginning with "$" must resolve
  File: /Users/thome/code/fhir-profiling/mtb-template-migration/input/fsh/examples/mii-exa-mtb-kim-musterperson-ngs-bericht.fsh
  Line: 122
error Value $HGVS does not resolve as alias, values beginning with "$" must resolve
  File: /Users/thome/code/fhir-profiling/mtb-template-migration/input/fsh/examples/mii-exa-mtb-kim-musterperson-ngs-bericht.fsh
  Line: 123
error Value $fhir-observation-category does not resolve as alias, values beginning with "$" must resolve
  File: /Users/thome/code/fhir-profiling/mtb-template-migration/input/fsh/examples/mii-exa-mtb-kim-musterperson-ngs-bericht.fsh
  Line: 137
error Value $TBD does not resolve as alias, values beginning with "$" must resolve
  File: /Users/thome/code/fhir-profiling/mtb-template-migration/input/fsh/examples/mii-exa-mtb-kim-musterperson-ngs-bericht.fsh
  Line: 138
error Value $TBD does not resolve as alias, values beginning with "$" must resolve
  File: /Users/thome/code/fhir-profiling/mtb-template-migration/input/fsh/examples/mii-exa-mtb-kim-musterperson-ngs-bericht.fsh
  Line: 141
error Value $LNC does not resolve as alias, values beginning with "$" must resolve
  File: /Users/thome/code/fhir-profiling/mtb-template-migration/input/fsh/examples/mii-exa-mtb-kim-musterperson-ngs-bericht.fsh
  Line: 143
error Value $ATC_DE does not resolve as alias, values beginning with "$" must resolve
  File: /Users/thome/code/fhir-profiling/mtb-template-migration/input/fsh/examples/mii-exa-mtb-kim-musterperson-ngs-bericht.fsh
  Line: 144
error Value $fhir-observation-category does not resolve as alias, values beginning with "$" must resolve
  File: /Users/thome/code/fhir-profiling/mtb-template-migration/input/fsh/examples/mii-exa-mtb-kim-musterperson-ngs-bericht.fsh
  Line: 155
error Value $LNC does not resolve as alias, values beginning with "$" must resolve
  File: /Users/thome/code/fhir-profiling/mtb-template-migration/input/fsh/examples/mii-exa-mtb-kim-musterperson-ngs-bericht.fsh
  Line: 156
error Value $LNC does not resolve as alias, values beginning with "$" must resolve
  File: /Users/thome/code/fhir-profiling/mtb-template-migration/input/fsh/examples/mii-exa-mtb-kim-musterperson-ngs-bericht.fsh
  Line: 157
error Value $LNC does not resolve as alias, values beginning with "$" must resolve
  File: /Users/thome/code/fhir-profiling/mtb-template-migration/input/fsh/examples/mii-exa-mtb-kim-musterperson-ngs-bericht.fsh
  Line: 159
error Value $HGNC does not resolve as alias, values beginning with "$" must resolve
  File: /Users/thome/code/fhir-profiling/mtb-template-migration/input/fsh/examples/mii-exa-mtb-kim-musterperson-ngs-bericht.fsh
  Line: 160
error Value $bwhc-cnv-type does not resolve as alias, values beginning with "$" must resolve
  File: /Users/thome/code/fhir-profiling/mtb-template-migration/input/fsh/examples/mii-exa-mtb-kim-musterperson-ngs-bericht.fsh
  Line: 161
error Value $bwhc-cnv-type does not resolve as alias, values beginning with "$" must resolve
  File: /Users/thome/code/fhir-profiling/mtb-template-migration/input/fsh/examples/mii-exa-mtb-kim-musterperson-ngs-bericht.fsh
  Line: 162
error Value $LNC does not resolve as alias, values beginning with "$" must resolve
  File: /Users/thome/code/fhir-profiling/mtb-template-migration/input/fsh/examples/mii-exa-mtb-kim-musterperson-ngs-bericht.fsh
  Line: 163
error Value $UCUM does not resolve as alias, values beginning with "$" must resolve
  File: /Users/thome/code/fhir-profiling/mtb-template-migration/input/fsh/examples/mii-exa-mtb-kim-musterperson-ngs-bericht.fsh
  Line: 165
error Value $SCT does not resolve as alias, values beginning with "$" must resolve
  File: /Users/thome/code/fhir-profiling/mtb-template-migration/input/fsh/examples/mii-exa-mtb-kim-musterperson-studienempfehlungen.fsh
  Line: 32
error Value $SCT does not resolve as alias, values beginning with "$" must resolve
  File: /Users/thome/code/fhir-profiling/mtb-template-migration/input/fsh/examples/mii-exa-mtb-kim-musterperson-studienempfehlungen.fsh
  Line: 101
error Value $SCT does not resolve as alias, values beginning with "$" must resolve
  File: /Users/thome/code/fhir-profiling/mtb-template-migration/input/fsh/examples/mii-exa-mtb-kim-musterperson-studienempfehlungen.fsh
  Line: 104
error Value $SCT does not resolve as alias, values beginning with "$" must resolve
  File: /Users/thome/code/fhir-profiling/mtb-template-migration/input/fsh/examples/mii-exa-mtb-kim-musterperson-studienempfehlungen.fsh
  Line: 125
error Value $SCT does not resolve as alias, values beginning with "$" must resolve
  File: /Users/thome/code/fhir-profiling/mtb-template-migration/input/fsh/examples/mii-exa-mtb-kim-musterperson-studienempfehlungen.fsh
  Line: 126
error Value $SCT does not resolve as alias, values beginning with "$" must resolve
  File: /Users/thome/code/fhir-profiling/mtb-template-migration/input/fsh/examples/mii-exa-mtb-kim-musterperson-studienempfehlungen.fsh
  Line: 147
error Value $SCT does not resolve as alias, values beginning with "$" must resolve
  File: /Users/thome/code/fhir-profiling/mtb-template-migration/input/fsh/examples/mii-exa-mtb-kim-musterperson-studienempfehlungen.fsh
  Line: 148
error Value $hl7-organization-type does not resolve as alias, values beginning with "$" must resolve
  File: /Users/thome/code/fhir-profiling/mtb-template-migration/input/fsh/examples/mii-exa-mtb-kim-musterperson-studienempfehlungen.fsh
  Line: 156
error Value $SCT does not resolve as alias, values beginning with "$" must resolve
  File: /Users/thome/code/fhir-profiling/mtb-template-migration/input/fsh/examples/mii-exa-mtb-kim-musterperson-studienempfehlungen.fsh
  Line: 164
error Value $UNII does not resolve as alias, values beginning with "$" must resolve
  File: /Users/thome/code/fhir-profiling/mtb-template-migration/input/fsh/examples/mii-exa-mtb-kim-musterperson-therapieempfehlungen.fsh
  Line: 17
error Value $ATC_DE does not resolve as alias, values beginning with "$" must resolve
  File: /Users/thome/code/fhir-profiling/mtb-template-migration/input/fsh/examples/mii-exa-mtb-kim-musterperson-therapieempfehlungen.fsh
  Line: 18
error Value $ATC_DE does not resolve as alias, values beginning with "$" must resolve
  File: /Users/thome/code/fhir-profiling/mtb-template-migration/input/fsh/examples/mii-exa-mtb-kim-musterperson-therapieempfehlungen.fsh
  Line: 20
error Value $ATC_DE does not resolve as alias, values beginning with "$" must resolve
  File: /Users/thome/code/fhir-profiling/mtb-template-migration/input/fsh/examples/mii-exa-mtb-kim-musterperson-therapieempfehlungen.fsh
  Line: 46
error Value $UNII does not resolve as alias, values beginning with "$" must resolve
  File: /Users/thome/code/fhir-profiling/mtb-template-migration/input/fsh/examples/mii-exa-mtb-kim-musterperson-therapieempfehlungen.fsh
  Line: 66
error Value $ATC_DE does not resolve as alias, values beginning with "$" must resolve
  File: /Users/thome/code/fhir-profiling/mtb-template-migration/input/fsh/examples/mii-exa-mtb-kim-musterperson-therapieempfehlungen.fsh
  Line: 79
error Value $mii-cs-onko-therapie-typ does not resolve as alias, values beginning with "$" must resolve
  File: /Users/thome/code/fhir-profiling/mtb-template-migration/input/fsh/examples/mii-exa-mtb-kim-musterperson-therapieempfehlungen.fsh
  Line: 93
error Value $UNII does not resolve as alias, values beginning with "$" must resolve
  File: /Users/thome/code/fhir-profiling/mtb-template-migration/input/fsh/examples/mii-exa-mtb-kim-musterperson-therapieempfehlungen.fsh
  Line: 115
error Value $UNII does not resolve as alias, values beginning with "$" must resolve
  File: /Users/thome/code/fhir-profiling/mtb-template-migration/input/fsh/examples/mii-exa-mtb-kim-musterperson-therapieempfehlungen.fsh
  Line: 128
error Value $mii-cs-onko-therapie-typ does not resolve as alias, values beginning with "$" must resolve
  File: /Users/thome/code/fhir-profiling/mtb-template-migration/input/fsh/examples/mii-exa-mtb-kim-musterperson-therapieempfehlungen.fsh
  Line: 141
error Value $UNII does not resolve as alias, values beginning with "$" must resolve
  File: /Users/thome/code/fhir-profiling/mtb-template-migration/input/fsh/examples/mii-exa-mtb-kim-musterperson-therapieempfehlungen.fsh
  Line: 160
error Value $mii-cs-onko-therapieplanung-typ does not resolve as alias, values beginning with "$" must resolve
  File: /Users/thome/code/fhir-profiling/mtb-template-migration/input/fsh/examples/mii-exa-mtb-kim-musterperson-therapieplan.fsh
  Line: 10
error Error parsing insert rule with parameterized RuleSet LM_Header
- Value $mii-lm-mtb does not resolve as alias, values beginning with "$" must resolve
  File: /Users/thome/code/fhir-profiling/mtb-template-migration/input/fsh/logical-model/Molekulares-Tumorboard.fsh
  Line: 6
error Value $mii-vs-mtb-therapiestatusgrund does not resolve as alias, values beginning with "$" must resolve
  File: /Users/thome/code/fhir-profiling/mtb-template-migration/input/fsh/profiles/Behandlungsepisode/mii-cm-mtb-therapiestatusgrund-obds.fsh
  Line: 13
error Value $mii-vs-mtb-therapiestatusgrund does not resolve as alias, values beginning with "$" must resolve
  File: /Users/thome/code/fhir-profiling/mtb-template-migration/input/fsh/profiles/Behandlungsepisode/mii-cm-mtb-therapiestatusgrund-sct.fsh
  Line: 13
error Error parsing insert rule with parameterized RuleSet CS_Header
- Value $mii-cs-mtb-leitlinienbehandlung-status does not resolve as alias, values beginning with "$" must resolve
  File: /Users/thome/code/fhir-profiling/mtb-template-migration/input/fsh/profiles/Behandlungsepisode/mii-cs-mtb-leitlinienbehandlung-status.fsh
  Line: 5
error Error parsing insert rule with parameterized RuleSet CS_Header
- Value $mii-cs-mtb-therapiestatusgrund does not resolve as alias, values beginning with "$" must resolve
  File: /Users/thome/code/fhir-profiling/mtb-template-migration/input/fsh/profiles/Behandlungsepisode/mii-cs-mtb-therapiestatusgrund-mvgenomseq.fsh
  Line: 5
error Error parsing insert rule with parameterized RuleSet CS_Header
- Value $mii-cs-mtb-zulassungsstatus does not resolve as alias, values beginning with "$" must resolve
  File: /Users/thome/code/fhir-profiling/mtb-template-migration/input/fsh/profiles/Behandlungsepisode/mii-cs-mtb-zulassungsstatus.fsh
  Line: 5
error Error parsing insert rule with parameterized RuleSet EX_Header
- Value $mii-ex-mtb-leitlinie-dokumentation does not resolve as alias, values beginning with "$" must resolve
  File: /Users/thome/code/fhir-profiling/mtb-template-migration/input/fsh/profiles/Behandlungsepisode/mii-ex-mtb-leitlinie-dokumentation.fsh
  Line: 6
error Value $mii-cs-mtb-zulassungsstatus does not resolve as alias, values beginning with "$" must resolve
  File: /Users/thome/code/fhir-profiling/mtb-template-migration/input/fsh/profiles/Behandlungsepisode/mii-ex-mtb-leitlinie-dokumentation.fsh
  Line: 21
error Error parsing insert rule with parameterized RuleSet EX_Header
- Value $mii-ex-mtb-leitlinienbehandlung-status does not resolve as alias, values beginning with "$" must resolve
  File: /Users/thome/code/fhir-profiling/mtb-template-migration/input/fsh/profiles/Behandlungsepisode/mii-ex-mtb-leitlinienbehandlung-status.fsh
  Line: 6
error Value $mii-cs-mtb-leitlinienbehandlung-status does not resolve as alias, values beginning with "$" must resolve
  File: /Users/thome/code/fhir-profiling/mtb-template-migration/input/fsh/profiles/Behandlungsepisode/mii-ex-mtb-leitlinienbehandlung-status.fsh
  Line: 14
error Value $SCT does not resolve as alias, values beginning with "$" must resolve
  File: /Users/thome/code/fhir-profiling/mtb-template-migration/input/fsh/profiles/Behandlungsepisode/mii-exa-mtb-behandlungsepisode.fsh
  Line: 20
error Value $SCT does not resolve as alias, values beginning with "$" must resolve
  File: /Users/thome/code/fhir-profiling/mtb-template-migration/input/fsh/profiles/Behandlungsepisode/mii-exa-mtb-behandlungsepisode.fsh
  Line: 22
error Value $SCT does not resolve as alias, values beginning with "$" must resolve
  File: /Users/thome/code/fhir-profiling/mtb-template-migration/input/fsh/profiles/Behandlungsepisode/mii-exa-mtb-behandlungsepisode.fsh
  Line: 25
error Value $SCT does not resolve as alias, values beginning with "$" must resolve
  File: /Users/thome/code/fhir-profiling/mtb-template-migration/input/fsh/profiles/Behandlungsepisode/mii-exa-mtb-behandlungsepisode.fsh
  Line: 28
error Value $SCT does not resolve as alias, values beginning with "$" must resolve
  File: /Users/thome/code/fhir-profiling/mtb-template-migration/input/fsh/profiles/Behandlungsepisode/mii-exa-mtb-behandlungsepisode.fsh
  Line: 31
error Value $mii-cs-mtb-zulassungsstatus does not resolve as alias, values beginning with "$" must resolve
  File: /Users/thome/code/fhir-profiling/mtb-template-migration/input/fsh/profiles/Behandlungsepisode/mii-exa-mtb-behandlungsepisode.fsh
  Line: 39
error Value $mii-cs-mtb-zulassungsstatus does not resolve as alias, values beginning with "$" must resolve
  File: /Users/thome/code/fhir-profiling/mtb-template-migration/input/fsh/profiles/Behandlungsepisode/mii-exa-mtb-behandlungsepisode.fsh
  Line: 44
error Value $mii-cs-mtb-leitlinienbehandlung-status does not resolve as alias, values beginning with "$" must resolve
  File: /Users/thome/code/fhir-profiling/mtb-template-migration/input/fsh/profiles/Behandlungsepisode/mii-exa-mtb-behandlungsepisode.fsh
  Line: 46
error Value $SCT does not resolve as alias, values beginning with "$" must resolve
  File: /Users/thome/code/fhir-profiling/mtb-template-migration/input/fsh/profiles/Behandlungsepisode/mii-exa-mtb-who-grad-tumor-zns.fsh
  Line: 13
error Value $SCT does not resolve as alias, values beginning with "$" must resolve
  File: /Users/thome/code/fhir-profiling/mtb-template-migration/input/fsh/profiles/Behandlungsepisode/mii-exa-mtb-who-grad-tumor-zns.fsh
  Line: 14
error Value $SCT does not resolve as alias, values beginning with "$" must resolve
  File: /Users/thome/code/fhir-profiling/mtb-template-migration/input/fsh/profiles/Behandlungsepisode/mii-pr-mtb-behandlungsepisode.fsh
  Line: 54
error Value $SCT does not resolve as alias, values beginning with "$" must resolve
  File: /Users/thome/code/fhir-profiling/mtb-template-migration/input/fsh/profiles/Behandlungsepisode/mii-pr-mtb-behandlungsepisode.fsh
  Line: 65
error Value $SCT does not resolve as alias, values beginning with "$" must resolve
  File: /Users/thome/code/fhir-profiling/mtb-template-migration/input/fsh/profiles/Behandlungsepisode/mii-pr-mtb-behandlungsepisode.fsh
  Line: 77
error Value $LNC does not resolve as alias, values beginning with "$" must resolve
  File: /Users/thome/code/fhir-profiling/mtb-template-migration/input/fsh/profiles/Behandlungsepisode/mii-pr-mtb-behandlungsepisode.fsh
  Line: 89
error Value $LNC does not resolve as alias, values beginning with "$" must resolve
  File: /Users/thome/code/fhir-profiling/mtb-template-migration/input/fsh/profiles/Behandlungsepisode/mii-pr-mtb-behandlungsepisode.fsh
  Line: 100
error Value $LNC does not resolve as alias, values beginning with "$" must resolve
  File: /Users/thome/code/fhir-profiling/mtb-template-migration/input/fsh/profiles/Behandlungsepisode/mii-pr-mtb-consent-given.fsh
  Line: 11
error Value $SCT does not resolve as alias, values beginning with "$" must resolve
  File: /Users/thome/code/fhir-profiling/mtb-template-migration/input/fsh/profiles/Behandlungsepisode/mii-pr-mtb-consent-given.fsh
  Line: 49
error Value $SCT does not resolve as alias, values beginning with "$" must resolve
  File: /Users/thome/code/fhir-profiling/mtb-template-migration/input/fsh/profiles/Behandlungsepisode/mii-pr-mtb-diagnose.fsh
  Line: 26
error Value $SCT does not resolve as alias, values beginning with "$" must resolve
  File: /Users/thome/code/fhir-profiling/mtb-template-migration/input/fsh/profiles/Behandlungsepisode/mii-pr-mtb-diagnose.fsh
  Line: 39
error Value $NCIT does not resolve as alias, values beginning with "$" must resolve
  File: /Users/thome/code/fhir-profiling/mtb-template-migration/input/fsh/profiles/Behandlungsepisode/mii-pr-mtb-diagnose.fsh
  Line: 54
error Value $SCT does not resolve as alias, values beginning with "$" must resolve
  File: /Users/thome/code/fhir-profiling/mtb-template-migration/input/fsh/profiles/Behandlungsepisode/mii-pr-mtb-diagnose.fsh
  Line: 68
error Value $SCT does not resolve as alias, values beginning with "$" must resolve
  File: /Users/thome/code/fhir-profiling/mtb-template-migration/input/fsh/profiles/Behandlungsepisode/mii-pr-mtb-oncotree.fsh
  Line: 10
error Value $OT does not resolve as alias, values beginning with "$" must resolve
  File: /Users/thome/code/fhir-profiling/mtb-template-migration/input/fsh/profiles/Behandlungsepisode/mii-pr-mtb-oncotree.fsh
  Line: 34
error Value $mii-cs-mtb-therapiestatusgrund does not resolve as alias, values beginning with "$" must resolve
  File: /Users/thome/code/fhir-profiling/mtb-template-migration/input/fsh/profiles/Behandlungsepisode/mii-pr-mtb-systemische-vortherapie.fsh
  Line: 49
error Value $SCT does not resolve as alias, values beginning with "$" must resolve
  File: /Users/thome/code/fhir-profiling/mtb-template-migration/input/fsh/profiles/Behandlungsepisode/mii-pr-mtb-tumorausbreitung.fsh
  Line: 20
error Value $SCT does not resolve as alias, values beginning with "$" must resolve
  File: /Users/thome/code/fhir-profiling/mtb-template-migration/input/fsh/profiles/Behandlungsepisode/mii-pr-mtb-tumorausbreitung.fsh
  Line: 24
error Value $SCT does not resolve as alias, values beginning with "$" must resolve
  File: /Users/thome/code/fhir-profiling/mtb-template-migration/input/fsh/profiles/Behandlungsepisode/mii-pr-mtb-tumorausbreitung.fsh
  Line: 29
error Value $SCT does not resolve as alias, values beginning with "$" must resolve
  File: /Users/thome/code/fhir-profiling/mtb-template-migration/input/fsh/profiles/Behandlungsepisode/mii-pr-mtb-tumorausbreitung.fsh
  Line: 68
error Value $SCT does not resolve as alias, values beginning with "$" must resolve
  File: /Users/thome/code/fhir-profiling/mtb-template-migration/input/fsh/profiles/Behandlungsepisode/mii-pr-mtb-who-grad-tumor-zns.fsh
  Line: 11
error Value $SCT does not resolve as alias, values beginning with "$" must resolve
  File: /Users/thome/code/fhir-profiling/mtb-template-migration/input/fsh/profiles/Behandlungsepisode/mii-pr-mtb-who-grad-tumor-zns.fsh
  Line: 45
error Error parsing insert rule with parameterized RuleSet VS_Header
- Value $mii-vs-mtb-leitlinienbehandlung-status does not resolve as alias, values beginning with "$" must resolve
  File: /Users/thome/code/fhir-profiling/mtb-template-migration/input/fsh/profiles/Behandlungsepisode/mii-vs-mtb-leitlinienbehandlung-status.fsh
  Line: 5
error Error parsing insert rule with parameterized RuleSet VS_Header
- Value $mii-vs-mtb-oncotree does not resolve as alias, values beginning with "$" must resolve
  File: /Users/thome/code/fhir-profiling/mtb-template-migration/input/fsh/profiles/Behandlungsepisode/mii-vs-mtb-oncotree.fsh
  Line: 5
error Value $OT does not resolve as alias, values beginning with "$" must resolve
  File: /Users/thome/code/fhir-profiling/mtb-template-migration/input/fsh/profiles/Behandlungsepisode/mii-vs-mtb-oncotree.fsh
  Line: 6
error Error parsing insert rule with parameterized RuleSet VS_Header
- Value $mii-vs-mtb-therapiestatusgrund does not resolve as alias, values beginning with "$" must resolve
  File: /Users/thome/code/fhir-profiling/mtb-template-migration/input/fsh/profiles/Behandlungsepisode/mii-vs-mtb-therapiestatusgrund.fsh
  Line: 5
error Error parsing insert rule with parameterized RuleSet VS_Header
- Value $mii-vs-mtb-tumorausbreitung does not resolve as alias, values beginning with "$" must resolve
  File: /Users/thome/code/fhir-profiling/mtb-template-migration/input/fsh/profiles/Behandlungsepisode/mii-vs-mtb-tumorausbreitung.fsh
  Line: 5
error Value $SCT does not resolve as alias, values beginning with "$" must resolve
  File: /Users/thome/code/fhir-profiling/mtb-template-migration/input/fsh/profiles/Behandlungsepisode/mii-vs-mtb-tumorausbreitung.fsh
  Line: 8
error Value $SCT does not resolve as alias, values beginning with "$" must resolve
  File: /Users/thome/code/fhir-profiling/mtb-template-migration/input/fsh/profiles/Behandlungsepisode/mii-vs-mtb-tumorausbreitung.fsh
  Line: 10
error Value $SCT does not resolve as alias, values beginning with "$" must resolve
  File: /Users/thome/code/fhir-profiling/mtb-template-migration/input/fsh/profiles/Behandlungsepisode/mii-vs-mtb-tumorausbreitung.fsh
  Line: 12
error Value $SCT does not resolve as alias, values beginning with "$" must resolve
  File: /Users/thome/code/fhir-profiling/mtb-template-migration/input/fsh/profiles/Behandlungsepisode/mii-vs-mtb-tumorausbreitung.fsh
  Line: 14
error Error parsing insert rule with parameterized RuleSet VS_Header
- Value $mii-vs-mtb-who-grad-tumor-zns does not resolve as alias, values beginning with "$" must resolve
  File: /Users/thome/code/fhir-profiling/mtb-template-migration/input/fsh/profiles/Behandlungsepisode/mii-vs-mtb-who-grad-tumor-zns.fsh
  Line: 5
error Value $SCT does not resolve as alias, values beginning with "$" must resolve
  File: /Users/thome/code/fhir-profiling/mtb-template-migration/input/fsh/profiles/Behandlungsepisode/mii-vs-mtb-who-grad-tumor-zns.fsh
  Line: 8
error Value $SCT does not resolve as alias, values beginning with "$" must resolve
  File: /Users/thome/code/fhir-profiling/mtb-template-migration/input/fsh/profiles/Behandlungsepisode/mii-vs-mtb-who-grad-tumor-zns.fsh
  Line: 9
error Value $SCT does not resolve as alias, values beginning with "$" must resolve
  File: /Users/thome/code/fhir-profiling/mtb-template-migration/input/fsh/profiles/Behandlungsepisode/mii-vs-mtb-who-grad-tumor-zns.fsh
  Line: 10
error Value $SCT does not resolve as alias, values beginning with "$" must resolve
  File: /Users/thome/code/fhir-profiling/mtb-template-migration/input/fsh/profiles/Behandlungsepisode/mii-vs-mtb-who-grad-tumor-zns.fsh
  Line: 11
error Error parsing insert rule with parameterized RuleSet VS_Header
- Value $mii-vs-mtb-zulassungsstatus does not resolve as alias, values beginning with "$" must resolve
  File: /Users/thome/code/fhir-profiling/mtb-template-migration/input/fsh/profiles/Behandlungsepisode/mii-vs-mtb-zulassungsstatus.fsh
  Line: 5
error Error parsing insert rule with parameterized RuleSet CS_Header
- Value $mii-cs-mtb-auftrag-begruendung does not resolve as alias, values beginning with "$" must resolve
  File: /Users/thome/code/fhir-profiling/mtb-template-migration/input/fsh/profiles/Beschluss-Therapieplan/mii-cs-mtb-auftrag-begruendung.fsh
  Line: 5
error Error parsing insert rule with parameterized RuleSet CS_Header
- Value $mii-cs-mtb-bestimmungsmethode-tumorzellgehalt does not resolve as alias, values beginning with "$" must resolve
  File: /Users/thome/code/fhir-profiling/mtb-template-migration/input/fsh/profiles/Beschluss-Therapieplan/mii-cs-mtb-bestimmungsmethode-tumorzellgehalt.fsh
  Line: 6
error Error parsing insert rule with parameterized RuleSet CS_Header
- Value $mii-cs-mtb-empfehlung-evidenzgrad-zusatzverweis does not resolve as alias, values beginning with "$" must resolve
  File: /Users/thome/code/fhir-profiling/mtb-template-migration/input/fsh/profiles/Beschluss-Therapieplan/mii-cs-mtb-empfehlung-evidenzgrad-zusatzverweis.fsh
  Line: 5
error Error parsing insert rule with parameterized RuleSet CS_Header
- Value $mii-cs-mtb-empfehlung-evidenzgrad does not resolve as alias, values beginning with "$" must resolve
  File: /Users/thome/code/fhir-profiling/mtb-template-migration/input/fsh/profiles/Beschluss-Therapieplan/mii-cs-mtb-empfehlung-evidenzgrad.fsh
  Line: 5
error Error parsing insert rule with parameterized RuleSet CS_Header
- Value $mii-cs-mtb-empfehlung-status-begruendung does not resolve as alias, values beginning with "$" must resolve
  File: /Users/thome/code/fhir-profiling/mtb-template-migration/input/fsh/profiles/Beschluss-Therapieplan/mii-cs-mtb-empfehlung-status-begruendung.fsh
  Line: 5
error Error parsing insert rule with parameterized RuleSet EX_Header
- Value $mii-ex-mtb-diagnose does not resolve as alias, values beginning with "$" must resolve
  File: /Users/thome/code/fhir-profiling/mtb-template-migration/input/fsh/profiles/Beschluss-Therapieplan/mii-ex-mtb-diagnose.fsh
  Line: 7
error Error parsing insert rule with parameterized RuleSet EX_Header
- Value $mii-ex-mtb-empfehlung-publikation does not resolve as alias, values beginning with "$" must resolve
  File: /Users/thome/code/fhir-profiling/mtb-template-migration/input/fsh/profiles/Beschluss-Therapieplan/mii-ex-mtb-empfehlung-evidenzgraduierung-publikation.fsh
  Line: 6
error Error parsing insert rule with parameterized RuleSet EX_Header
- Value $mii-ex-mtb-empfehlung-evidenzgraduierung does not resolve as alias, values beginning with "$" must resolve
  File: /Users/thome/code/fhir-profiling/mtb-template-migration/input/fsh/profiles/Beschluss-Therapieplan/mii-ex-mtb-empfehlung-evidenzgraduierung.fsh
  Line: 6
error Value $mii-cs-mtb-empfehlung-evidenzgrad does not resolve as alias, values beginning with "$" must resolve
  File: /Users/thome/code/fhir-profiling/mtb-template-migration/input/fsh/profiles/Beschluss-Therapieplan/mii-ex-mtb-empfehlung-evidenzgraduierung.fsh
  Line: 33
error Value $mii-cs-mtb-empfehlung-evidenzgrad-zusatzverweis does not resolve as alias, values beginning with "$" must resolve
  File: /Users/thome/code/fhir-profiling/mtb-template-migration/input/fsh/profiles/Beschluss-Therapieplan/mii-ex-mtb-empfehlung-evidenzgraduierung.fsh
  Line: 43
error Error parsing insert rule with parameterized RuleSet EX_Header
- Value $mii-ex-mtb-empfehlung-prioritaet does not resolve as alias, values beginning with "$" must resolve
  File: /Users/thome/code/fhir-profiling/mtb-template-migration/input/fsh/profiles/Beschluss-Therapieplan/mii-ex-mtb-empfehlung-prioritaet.fsh
  Line: 6
error Value $ATC_DE does not resolve as alias, values beginning with "$" must resolve
  File: /Users/thome/code/fhir-profiling/mtb-template-migration/input/fsh/profiles/Beschluss-Therapieplan/mii-exa-mtb-therapieempfehlung-dabrafenib.fsh
  Line: 32
error Value $ATC_DE does not resolve as alias, values beginning with "$" must resolve
  File: /Users/thome/code/fhir-profiling/mtb-template-migration/input/fsh/profiles/Beschluss-Therapieplan/mii-exa-mtb-therapieempfehlung-trametinib.fsh
  Line: 32
error Value $mii-cs-onko-therapieplanung-typ does not resolve as alias, values beginning with "$" must resolve
  File: /Users/thome/code/fhir-profiling/mtb-template-migration/input/fsh/profiles/Beschluss-Therapieplan/mii-exa-mtb-therapieplan-kombinationstherapie.fsh
  Line: 28
error Value $SCT does not resolve as alias, values beginning with "$" must resolve
  File: /Users/thome/code/fhir-profiling/mtb-template-migration/input/fsh/profiles/Beschluss-Therapieplan/mii-pr-mtb-histologie-evaluation-auftrag.fsh
  Line: 25
error Value $SCT does not resolve as alias, values beginning with "$" must resolve
  File: /Users/thome/code/fhir-profiling/mtb-template-migration/input/fsh/profiles/Beschluss-Therapieplan/mii-pr-mtb-humangenetische-beratung-auftrag.fsh
  Line: 24
error Value $SCT does not resolve as alias, values beginning with "$" must resolve
  File: /Users/thome/code/fhir-profiling/mtb-template-migration/input/fsh/profiles/Beschluss-Therapieplan/mii-pr-mtb-rebiopsie-auftrag.fsh
  Line: 24
error Value $SCT does not resolve as alias, values beginning with "$" must resolve
  File: /Users/thome/code/fhir-profiling/mtb-template-migration/input/fsh/profiles/Beschluss-Therapieplan/mii-pr-mtb-studieneinschluss-anfrage.fsh
  Line: 31
error Value $SCT does not resolve as alias, values beginning with "$" must resolve
  File: /Users/thome/code/fhir-profiling/mtb-template-migration/input/fsh/profiles/Beschluss-Therapieplan/mii-pr-mtb-studieneinschluss-anfrage.fsh
  Line: 36
error Value $fhir-observation-category does not resolve as alias, values beginning with "$" must resolve
  File: /Users/thome/code/fhir-profiling/mtb-template-migration/input/fsh/profiles/Beschluss-Therapieplan/mii-pr-mtb-tumorzellgehalt.fsh
  Line: 9
error Value $LNC does not resolve as alias, values beginning with "$" must resolve
  File: /Users/thome/code/fhir-profiling/mtb-template-migration/input/fsh/profiles/Beschluss-Therapieplan/mii-pr-mtb-tumorzellgehalt.fsh
  Line: 12
error Value $UCUM does not resolve as alias, values beginning with "$" must resolve
  File: /Users/thome/code/fhir-profiling/mtb-template-migration/input/fsh/profiles/Beschluss-Therapieplan/mii-pr-mtb-tumorzellgehalt.fsh
  Line: 18
error Error parsing insert rule with parameterized RuleSet VS_Header
- Value $mii-vs-mtb-auftrag-begruendung does not resolve as alias, values beginning with "$" must resolve
  File: /Users/thome/code/fhir-profiling/mtb-template-migration/input/fsh/profiles/Beschluss-Therapieplan/mii-vs-mtb-auftrag-begruendung.fsh
  Line: 5
error Error parsing insert rule with parameterized RuleSet VS_Header
- Value $mii-vs-mtb-bestimmungsmethode-tumorzellgehalt does not resolve as alias, values beginning with "$" must resolve
  File: /Users/thome/code/fhir-profiling/mtb-template-migration/input/fsh/profiles/Beschluss-Therapieplan/mii-vs-mtb-bestimmungsmethode-tumorzellgehalt.fsh
  Line: 5
error Error parsing insert rule with parameterized RuleSet VS_Header
- Value $mii-vs-mtb-empfehlung-evidenzgrad-zusatzverweis does not resolve as alias, values beginning with "$" must resolve
  File: /Users/thome/code/fhir-profiling/mtb-template-migration/input/fsh/profiles/Beschluss-Therapieplan/mii-vs-mtb-empfehlung-evidenzgrad-zusatzverweis.fsh
  Line: 5
error Error parsing insert rule with parameterized RuleSet VS_Header
- Value $mii-vs-mtb-empfehlung-evidenzgrad does not resolve as alias, values beginning with "$" must resolve
  File: /Users/thome/code/fhir-profiling/mtb-template-migration/input/fsh/profiles/Beschluss-Therapieplan/mii-vs-mtb-empfehlung-evidenzgrad.fsh
  Line: 5
error Error parsing insert rule with parameterized RuleSet VS_Header
- Value $mii-vs-mtb-empfehlung-status-begruendung does not resolve as alias, values beginning with "$" must resolve
  File: /Users/thome/code/fhir-profiling/mtb-template-migration/input/fsh/profiles/Beschluss-Therapieplan/mii-vs-mtb-empfehlung-status-begruendung.fsh
  Line: 5
error Error parsing insert rule with parameterized RuleSet CS_Header
- Value $mii-cs-mtb-antrag-kostenuebernahme-antragsstadium does not resolve as alias, values beginning with "$" must resolve
  File: /Users/thome/code/fhir-profiling/mtb-template-migration/input/fsh/profiles/Follow-Up/Kostenuebernahme/mii-cs-mtb-antrag-kostenuebernahme-antragsstadium.fsh
  Line: 5
error Error parsing insert rule with parameterized RuleSet CS_Header
- Value $mii-cs-mtb-antwort-kostenuebernahme-entscheidung does not resolve as alias, values beginning with "$" must resolve
  File: /Users/thome/code/fhir-profiling/mtb-template-migration/input/fsh/profiles/Follow-Up/Kostenuebernahme/mii-cs-mtb-antwort-kostenuebernahme-antragsstadium.fsh
  Line: 5
error Error parsing insert rule with parameterized RuleSet CS_Header
- Value $mii-cs-mtb-antwort-kostenuebernahme-ablehnungsgrund does not resolve as alias, values beginning with "$" must resolve
  File: /Users/thome/code/fhir-profiling/mtb-template-migration/input/fsh/profiles/Follow-Up/Kostenuebernahme/mii-cs-mtb-antwort-kostenuebernahme-antragsstadium.fsh
  Line: 14
error Error parsing insert rule with parameterized RuleSet EX_Header
- Value $mii-ex-mtb-antrag-kostenuebernahme-antragsstadium does not resolve as alias, values beginning with "$" must resolve
  File: /Users/thome/code/fhir-profiling/mtb-template-migration/input/fsh/profiles/Follow-Up/Kostenuebernahme/mii-ex-mtb-antrag-kostenuebernahme-antragsstadium.fsh
  Line: 6
error Value $mii-cs-mtb-antrag-kostenuebernahme-antragsstadium does not resolve as alias, values beginning with "$" must resolve
  File: /Users/thome/code/fhir-profiling/mtb-template-migration/input/fsh/profiles/Follow-Up/Kostenuebernahme/mii-ex-mtb-antrag-kostenuebernahme-antragsstadium.fsh
  Line: 18
error Error parsing insert rule with parameterized RuleSet EX_Header
- Value $mii-ex-mtb-antwort-kostenuebernahme-ablehnungsgrund does not resolve as alias, values beginning with "$" must resolve
  File: /Users/thome/code/fhir-profiling/mtb-template-migration/input/fsh/profiles/Follow-Up/Kostenuebernahme/mii-ex-mtb-antwort-kostenuebernahme-ablehnungsgrund.fsh
  Line: 6
error Value $mii-cs-mtb-antwort-kostenuebernahme-ablehnungsgrund does not resolve as alias, values beginning with "$" must resolve
  File: /Users/thome/code/fhir-profiling/mtb-template-migration/input/fsh/profiles/Follow-Up/Kostenuebernahme/mii-ex-mtb-antwort-kostenuebernahme-ablehnungsgrund.fsh
  Line: 17
error Error parsing insert rule with parameterized RuleSet EX_Header
- Value $mii-ex-mtb-antwort-kostenuebernahme-entscheidung does not resolve as alias, values beginning with "$" must resolve
  File: /Users/thome/code/fhir-profiling/mtb-template-migration/input/fsh/profiles/Follow-Up/Kostenuebernahme/mii-ex-mtb-antwort-kostenuebernahme-entscheidung.fsh
  Line: 6
error Value $mii-cs-mtb-antwort-kostenuebernahme-entscheidung does not resolve as alias, values beginning with "$" must resolve
  File: /Users/thome/code/fhir-profiling/mtb-template-migration/input/fsh/profiles/Follow-Up/Kostenuebernahme/mii-ex-mtb-antwort-kostenuebernahme-entscheidung.fsh
  Line: 18
error Value $mii-cs-mtb-antwort-kostenuebernahme-entscheidung does not resolve as alias, values beginning with "$" must resolve
  File: /Users/thome/code/fhir-profiling/mtb-template-migration/input/fsh/profiles/Follow-Up/Kostenuebernahme/mii-exa-mtb-antwort-kostenuebernahme-1.fsh
  Line: 14
error Value $mii-cs-mtb-antwort-kostenuebernahme-ablehnungsgrund does not resolve as alias, values beginning with "$" must resolve
  File: /Users/thome/code/fhir-profiling/mtb-template-migration/input/fsh/profiles/Follow-Up/Kostenuebernahme/mii-exa-mtb-antwort-kostenuebernahme-1.fsh
  Line: 15
error Value $process-priority does not resolve as alias, values beginning with "$" must resolve
  File: /Users/thome/code/fhir-profiling/mtb-template-migration/input/fsh/profiles/Follow-Up/Kostenuebernahme/mii-pr-mtb-antrag-kostenuebernahme.fsh
  Line: 55
error Value $mii-cs-mtb-antrag-kostenuebernahme-antragsstadium does not resolve as alias, values beginning with "$" must resolve
  File: /Users/thome/code/fhir-profiling/mtb-template-migration/input/fsh/profiles/Follow-Up/Kostenuebernahme/mii-pr-mtb-antrag-kostenuebernahme.fsh
  Line: 153
error Error parsing insert rule with parameterized RuleSet VS_Header
- Value $mii-vs-mtb-antrag-kostenuebernahme-antragsstadium does not resolve as alias, values beginning with "$" must resolve
  File: /Users/thome/code/fhir-profiling/mtb-template-migration/input/fsh/profiles/Follow-Up/Kostenuebernahme/mii-vs-mtb-antrag-kostenuebernahme-antragsstadium.fsh
  Line: 5
error Error parsing insert rule with parameterized RuleSet VS_Header
- Value $mii-vs-mtb-antrag-kostenuebernahme does not resolve as alias, values beginning with "$" must resolve
  File: /Users/thome/code/fhir-profiling/mtb-template-migration/input/fsh/profiles/Follow-Up/Kostenuebernahme/mii-vs-mtb-antrag-kostenuebernahme-type.fsh
  Line: 5
error Value $fhir-claim-type does not resolve as alias, values beginning with "$" must resolve
  File: /Users/thome/code/fhir-profiling/mtb-template-migration/input/fsh/profiles/Follow-Up/Kostenuebernahme/mii-vs-mtb-antrag-kostenuebernahme-type.fsh
  Line: 7
error Value $fhir-claim-type does not resolve as alias, values beginning with "$" must resolve
  File: /Users/thome/code/fhir-profiling/mtb-template-migration/input/fsh/profiles/Follow-Up/Kostenuebernahme/mii-vs-mtb-antrag-kostenuebernahme-type.fsh
  Line: 8
error Value $fhir-claim-type does not resolve as alias, values beginning with "$" must resolve
  File: /Users/thome/code/fhir-profiling/mtb-template-migration/input/fsh/profiles/Follow-Up/Kostenuebernahme/mii-vs-mtb-antrag-kostenuebernahme-type.fsh
  Line: 9
error Error parsing insert rule with parameterized RuleSet VS_Header
- Value $mii-vs-mtb-antwort-kostenuebernahme-entscheidung does not resolve as alias, values beginning with "$" must resolve
  File: /Users/thome/code/fhir-profiling/mtb-template-migration/input/fsh/profiles/Follow-Up/Kostenuebernahme/mii-vs-mtb-antwort-kostenuebernahme-antragsstadium.fsh
  Line: 5
error Value $mii-cs-mtb-antwort-kostenuebernahme-entscheidung does not resolve as alias, values beginning with "$" must resolve
  File: /Users/thome/code/fhir-profiling/mtb-template-migration/input/fsh/profiles/Follow-Up/Kostenuebernahme/mii-vs-mtb-antwort-kostenuebernahme-antragsstadium.fsh
  Line: 6
error Error parsing insert rule with parameterized RuleSet VS_Header
- Value $mii-vs-mtb-antwort-kostenuebernahme-ablehnungsgrund does not resolve as alias, values beginning with "$" must resolve
  File: /Users/thome/code/fhir-profiling/mtb-template-migration/input/fsh/profiles/Follow-Up/Kostenuebernahme/mii-vs-mtb-antwort-kostenuebernahme-antragsstadium.fsh
  Line: 12
error Value $mii-cs-mtb-antwort-kostenuebernahme-ablehnungsgrund does not resolve as alias, values beginning with "$" must resolve
  File: /Users/thome/code/fhir-profiling/mtb-template-migration/input/fsh/profiles/Follow-Up/Kostenuebernahme/mii-vs-mtb-antwort-kostenuebernahme-antragsstadium.fsh
  Line: 13
error Error parsing insert rule with parameterized RuleSet CS_Header
- Value $mii-cs-mtb-response-befund-beurteilungsmethode does not resolve as alias, values beginning with "$" must resolve
  File: /Users/thome/code/fhir-profiling/mtb-template-migration/input/fsh/profiles/Follow-Up/Systemtherapie/mii-cs-mtb-beurteilungsmethode.fsh
  Line: 6
error Error parsing insert rule with parameterized RuleSet VS_Header
- Value $mii-vs-mtb-response-befund-beurteilungsmethode does not resolve as alias, values beginning with "$" must resolve
  File: /Users/thome/code/fhir-profiling/mtb-template-migration/input/fsh/profiles/Follow-Up/Systemtherapie/mii-cs-mtb-beurteilungsmethode.fsh
  Line: 15
error Error parsing insert rule with parameterized RuleSet CS_Header
- Value $mii-cs-mtb-dosisdichte does not resolve as alias, values beginning with "$" must resolve
  File: /Users/thome/code/fhir-profiling/mtb-template-migration/input/fsh/profiles/Follow-Up/Systemtherapie/mii-cs-mtb-dosisdichte.fsh
  Line: 5
error Error parsing insert rule with parameterized RuleSet VS_Header
- Value $mii-vs-mtb-dosisdichte does not resolve as alias, values beginning with "$" must resolve
  File: /Users/thome/code/fhir-profiling/mtb-template-migration/input/fsh/profiles/Follow-Up/Systemtherapie/mii-cs-mtb-dosisdichte.fsh
  Line: 16
error Error parsing insert rule with parameterized RuleSet CS_Header
- Value $mii-cs-mtb-response-befund-beurteilung does not resolve as alias, values beginning with "$" must resolve
  File: /Users/thome/code/fhir-profiling/mtb-template-migration/input/fsh/profiles/Follow-Up/Systemtherapie/mii-cs-mtb-response-befund-beurteilung.fsh
  Line: 6
error Error parsing insert rule with parameterized RuleSet VS_Header
- Value $mii-vs-mtb-response-befund-beurteilung does not resolve as alias, values beginning with "$" must resolve
  File: /Users/thome/code/fhir-profiling/mtb-template-migration/input/fsh/profiles/Follow-Up/Systemtherapie/mii-cs-mtb-response-befund-beurteilung.fsh
  Line: 20
error Value $mii-cs-mtb-response-befund-beurteilungsmethode does not resolve as alias, values beginning with "$" must resolve
  File: /Users/thome/code/fhir-profiling/mtb-template-migration/input/fsh/profiles/Follow-Up/Systemtherapie/mii-exa-mtb-response-befund-1.fsh
  Line: 13
error Value $mii-cs-mtb-response-befund-beurteilung does not resolve as alias, values beginning with "$" must resolve
  File: /Users/thome/code/fhir-profiling/mtb-template-migration/input/fsh/profiles/Follow-Up/Systemtherapie/mii-exa-mtb-response-befund-1.fsh
  Line: 14
error Value $mii-cs-onko-verlauf-primaertumor does not resolve as alias, values beginning with "$" must resolve
  File: /Users/thome/code/fhir-profiling/mtb-template-migration/input/fsh/profiles/Follow-Up/Systemtherapie/mii-exa-mtb-response-befund-1.fsh
  Line: 16
error Value $UNII does not resolve as alias, values beginning with "$" must resolve
  File: /Users/thome/code/fhir-profiling/mtb-template-migration/input/fsh/profiles/Follow-Up/Systemtherapie/mii-exa-mtb-systemische-therapie-medication-statement-1.fsh
  Line: 10
error Value $ATC_DE does not resolve as alias, values beginning with "$" must resolve
  File: /Users/thome/code/fhir-profiling/mtb-template-migration/input/fsh/profiles/Follow-Up/Systemtherapie/mii-exa-mtb-systemische-therapie-medication-statement-1.fsh
  Line: 11
error Value $UCUM does not resolve as alias, values beginning with "$" must resolve
  File: /Users/thome/code/fhir-profiling/mtb-template-migration/input/fsh/profiles/Follow-Up/Systemtherapie/mii-exa-mtb-systemische-therapie-medication-statement-1.fsh
  Line: 20
error Value $SCT does not resolve as alias, values beginning with "$" must resolve
  File: /Users/thome/code/fhir-profiling/mtb-template-migration/input/fsh/profiles/Follow-Up/Systemtherapie/mii-exa-mtb-systemtherapie-1.fsh
  Line: 9
error Value $mii-cs-onko-intention does not resolve as alias, values beginning with "$" must resolve
  File: /Users/thome/code/fhir-profiling/mtb-template-migration/input/fsh/profiles/Follow-Up/Systemtherapie/mii-exa-mtb-systemtherapie-1.fsh
  Line: 10
error Value $mii-cs-onko-therapie-typ does not resolve as alias, values beginning with "$" must resolve
  File: /Users/thome/code/fhir-profiling/mtb-template-migration/input/fsh/profiles/Follow-Up/Systemtherapie/mii-exa-mtb-systemtherapie-1.fsh
  Line: 13
error Value $OPS does not resolve as alias, values beginning with "$" must resolve
  File: /Users/thome/code/fhir-profiling/mtb-template-migration/input/fsh/profiles/Follow-Up/Systemtherapie/mii-exa-mtb-systemtherapie-1.fsh
  Line: 14
error Value $mii-cs-onko-verlauf-gesamtbeurteilung does not resolve as alias, values beginning with "$" must resolve
  File: /Users/thome/code/fhir-profiling/mtb-template-migration/input/fsh/profiles/Follow-Up/Systemtherapie/mii-pr-mtb-response-befund.fsh
  Line: 45
error Value $mii-cs-mtb-response-befund-beurteilung does not resolve as alias, values beginning with "$" must resolve
  File: /Users/thome/code/fhir-profiling/mtb-template-migration/input/fsh/profiles/Follow-Up/Systemtherapie/mii-pr-mtb-response-befund.fsh
  Line: 51
error Value $mii-cs-mtb-dosisdichte does not resolve as alias, values beginning with "$" must resolve
  File: /Users/thome/code/fhir-profiling/mtb-template-migration/input/fsh/profiles/Follow-Up/Systemtherapie/mii-pr-mtb-systemische-therapie-medication-statement.fsh
  Line: 85
error Value $mii-cs-mtb-therapiestatusgrund does not resolve as alias, values beginning with "$" must resolve
  File: /Users/thome/code/fhir-profiling/mtb-template-migration/input/fsh/profiles/Follow-Up/Systemtherapie/mii-pr-mtb-systemische-therapie.fsh
  Line: 31
error Value $fhir-ext-caused-by does not resolve as alias, values beginning with "$" must resolve
  File: /Users/thome/code/fhir-profiling/mtb-template-migration/input/fsh/profiles/Follow-Up/Systemtherapie/mii-pr-mtb-systemische-therapie.fsh
  Line: 52
error Error parsing insert rule with parameterized RuleSet VS_Header
- Value $mii-vs-mtb-systemische-therapie-status does not resolve as alias, values beginning with "$" must resolve
  File: /Users/thome/code/fhir-profiling/mtb-template-migration/input/fsh/profiles/Follow-Up/Systemtherapie/mii-vs-mtb-systemische-therapie-status.fsh
  Line: 5
error Value $systemtherapie-status does not resolve as alias, values beginning with "$" must resolve
  File: /Users/thome/code/fhir-profiling/mtb-template-migration/input/fsh/profiles/Follow-Up/Systemtherapie/mii-vs-mtb-systemische-therapie-status.fsh
  Line: 8
error Value $systemtherapie-status does not resolve as alias, values beginning with "$" must resolve
  File: /Users/thome/code/fhir-profiling/mtb-template-migration/input/fsh/profiles/Follow-Up/Systemtherapie/mii-vs-mtb-systemische-therapie-status.fsh
  Line: 9
error Value $systemtherapie-status does not resolve as alias, values beginning with "$" must resolve
  File: /Users/thome/code/fhir-profiling/mtb-template-migration/input/fsh/profiles/Follow-Up/Systemtherapie/mii-vs-mtb-systemische-therapie-status.fsh
  Line: 10
error Value $systemtherapie-status does not resolve as alias, values beginning with "$" must resolve
  File: /Users/thome/code/fhir-profiling/mtb-template-migration/input/fsh/profiles/Follow-Up/Systemtherapie/mii-vs-mtb-systemische-therapie-status.fsh
  Line: 11
error Error parsing insert rule with parameterized RuleSet CS_Header
- Value $mii-cs-mtb-follow-up-status does not resolve as alias, values beginning with "$" must resolve
  File: /Users/thome/code/fhir-profiling/mtb-template-migration/input/fsh/profiles/Follow-Up/mii-cs-mtb-follow-up-status.fsh
  Line: 6
error Value $SCT does not resolve as alias, values beginning with "$" must resolve
  File: /Users/thome/code/fhir-profiling/mtb-template-migration/input/fsh/profiles/Follow-Up/mii-exa-mtb-follow-up-clinicalimpression.fsh
  Line: 9
error Value $mii-cs-mtb-follow-up-status does not resolve as alias, values beginning with "$" must resolve
  File: /Users/thome/code/fhir-profiling/mtb-template-migration/input/fsh/profiles/Follow-Up/mii-exa-mtb-follow-up-clinicalimpression.fsh
  Line: 11
error Value $SCT does not resolve as alias, values beginning with "$" must resolve
  File: /Users/thome/code/fhir-profiling/mtb-template-migration/input/fsh/profiles/Follow-Up/mii-pr-mtb-follow-up-clinicalimpression.fsh
  Line: 11
error Value $mii-cs-mtb-follow-up-status does not resolve as alias, values beginning with "$" must resolve
  File: /Users/thome/code/fhir-profiling/mtb-template-migration/input/fsh/profiles/Follow-Up/mii-pr-mtb-follow-up-clinicalimpression.fsh
  Line: 26
error Value $mii-cs-mtb-systemische-therapie-status-grund does not resolve as alias, values beginning with "$" must resolve
  File: /Users/thome/code/fhir-profiling/mtb-template-migration/input/fsh/profiles/Follow-Up/mii-pr-mtb-follow-up-clinicalimpression.fsh
  Line: 42
error Error parsing insert rule with parameterized RuleSet VS_Header
- Value $mii-vs-mtb-follow-up-grund-nicht-umsetzung does not resolve as alias, values beginning with "$" must resolve
  File: /Users/thome/code/fhir-profiling/mtb-template-migration/input/fsh/profiles/Follow-Up/mii-vs-mtb-follow-up-grund-nicht-umsetzung.fsh
  Line: 6
error Value $mii-cs-mtb-systemische-therapie-status-grund does not resolve as alias, values beginning with "$" must resolve
  File: /Users/thome/code/fhir-profiling/mtb-template-migration/input/fsh/profiles/Follow-Up/mii-vs-mtb-follow-up-grund-nicht-umsetzung.fsh
  Line: 8
error Value $mii-cs-mtb-systemische-therapie-status-grund does not resolve as alias, values beginning with "$" must resolve
  File: /Users/thome/code/fhir-profiling/mtb-template-migration/input/fsh/profiles/Follow-Up/mii-vs-mtb-follow-up-grund-nicht-umsetzung.fsh
  Line: 9
error Value $mii-cs-mtb-systemische-therapie-status-grund does not resolve as alias, values beginning with "$" must resolve
  File: /Users/thome/code/fhir-profiling/mtb-template-migration/input/fsh/profiles/Follow-Up/mii-vs-mtb-follow-up-grund-nicht-umsetzung.fsh
  Line: 10
error Value $mii-cs-mtb-systemische-therapie-status-grund does not resolve as alias, values beginning with "$" must resolve
  File: /Users/thome/code/fhir-profiling/mtb-template-migration/input/fsh/profiles/Follow-Up/mii-vs-mtb-follow-up-grund-nicht-umsetzung.fsh
  Line: 11
error Value $mii-cs-mtb-systemische-therapie-status-grund does not resolve as alias, values beginning with "$" must resolve
  File: /Users/thome/code/fhir-profiling/mtb-template-migration/input/fsh/profiles/Follow-Up/mii-vs-mtb-follow-up-grund-nicht-umsetzung.fsh
  Line: 12
error Value $mii-cs-mtb-systemische-therapie-status-grund does not resolve as alias, values beginning with "$" must resolve
  File: /Users/thome/code/fhir-profiling/mtb-template-migration/input/fsh/profiles/Follow-Up/mii-vs-mtb-follow-up-grund-nicht-umsetzung.fsh
  Line: 13
error Value $mii-cs-mtb-systemische-therapie-status-grund does not resolve as alias, values beginning with "$" must resolve
  File: /Users/thome/code/fhir-profiling/mtb-template-migration/input/fsh/profiles/Follow-Up/mii-vs-mtb-follow-up-grund-nicht-umsetzung.fsh
  Line: 14
error Value $mii-cs-mtb-systemische-therapie-status-grund does not resolve as alias, values beginning with "$" must resolve
  File: /Users/thome/code/fhir-profiling/mtb-template-migration/input/fsh/profiles/Follow-Up/mii-vs-mtb-follow-up-grund-nicht-umsetzung.fsh
  Line: 15
error Value $mii-cs-mtb-systemische-therapie-status-grund does not resolve as alias, values beginning with "$" must resolve
  File: /Users/thome/code/fhir-profiling/mtb-template-migration/input/fsh/profiles/Follow-Up/mii-vs-mtb-follow-up-grund-nicht-umsetzung.fsh
  Line: 16
error Value $mii-cs-mtb-systemische-therapie-status-grund does not resolve as alias, values beginning with "$" must resolve
  File: /Users/thome/code/fhir-profiling/mtb-template-migration/input/fsh/profiles/Follow-Up/mii-vs-mtb-follow-up-grund-nicht-umsetzung.fsh
  Line: 17
error Value $mii-cs-mtb-systemische-therapie-status-grund does not resolve as alias, values beginning with "$" must resolve
  File: /Users/thome/code/fhir-profiling/mtb-template-migration/input/fsh/profiles/Follow-Up/mii-vs-mtb-follow-up-grund-nicht-umsetzung.fsh
  Line: 18
error Value $mii-cs-mtb-systemische-therapie-status-grund does not resolve as alias, values beginning with "$" must resolve
  File: /Users/thome/code/fhir-profiling/mtb-template-migration/input/fsh/profiles/Follow-Up/mii-vs-mtb-follow-up-grund-nicht-umsetzung.fsh
  Line: 19
error Value $mii-cs-mtb-systemische-therapie-status-grund does not resolve as alias, values beginning with "$" must resolve
  File: /Users/thome/code/fhir-profiling/mtb-template-migration/input/fsh/profiles/Follow-Up/mii-vs-mtb-follow-up-grund-nicht-umsetzung.fsh
  Line: 20
error Value $mii-cs-mtb-systemische-therapie-status-grund does not resolve as alias, values beginning with "$" must resolve
  File: /Users/thome/code/fhir-profiling/mtb-template-migration/input/fsh/profiles/Follow-Up/mii-vs-mtb-follow-up-grund-nicht-umsetzung.fsh
  Line: 21
error Value $mii-cs-mtb-systemische-therapie-status-grund does not resolve as alias, values beginning with "$" must resolve
  File: /Users/thome/code/fhir-profiling/mtb-template-migration/input/fsh/profiles/Follow-Up/mii-vs-mtb-follow-up-grund-nicht-umsetzung.fsh
  Line: 22
error Value $mii-cs-mtb-systemische-therapie-status-grund does not resolve as alias, values beginning with "$" must resolve
  File: /Users/thome/code/fhir-profiling/mtb-template-migration/input/fsh/profiles/Follow-Up/mii-vs-mtb-follow-up-grund-nicht-umsetzung.fsh
  Line: 23
error Value $mii-cs-mtb-systemische-therapie-status-grund does not resolve as alias, values beginning with "$" must resolve
  File: /Users/thome/code/fhir-profiling/mtb-template-migration/input/fsh/profiles/Follow-Up/mii-vs-mtb-follow-up-grund-nicht-umsetzung.fsh
  Line: 24
error Error parsing insert rule with parameterized RuleSet VS_Header
- Value $mii-vs-mtb-follow-up-status does not resolve as alias, values beginning with "$" must resolve
  File: /Users/thome/code/fhir-profiling/mtb-template-migration/input/fsh/profiles/Follow-Up/mii-vs-mtb-follow-up-status.fsh
  Line: 6
error Error parsing insert rule with parameterized RuleSet CS_Header
- Value $mii-cs-mtb-genomicanalysis-devicefunction does not resolve as alias, values beginning with "$" must resolve
  File: /Users/thome/code/fhir-profiling/mtb-template-migration/input/fsh/profiles/NGS-Bericht/mii-cs-mtb-genomic-analysis-device-function.fsh
  Line: 5
error Error parsing insert rule with parameterized RuleSet CS_Header
- Value $mii-cs-mtb-genomic-analysis-method-type does not resolve as alias, values beginning with "$" must resolve
  File: /Users/thome/code/fhir-profiling/mtb-template-migration/input/fsh/profiles/NGS-Bericht/mii-cs-mtb-genomic-analysis-method-type.fsh
  Line: 5
error Error parsing insert rule with parameterized RuleSet CS_Header
- Value $mii-cs-mtb-molekulare-biomarker does not resolve as alias, values beginning with "$" must resolve
  File: /Users/thome/code/fhir-profiling/mtb-template-migration/input/fsh/profiles/NGS-Bericht/mii-cs-mtb-molekulare-biomarker.fsh
  Line: 5
error Error parsing insert rule with parameterized RuleSet CS_Header
- Value $mii-cs-mtb-msi-method-type does not resolve as alias, values beginning with "$" must resolve
  File: /Users/thome/code/fhir-profiling/mtb-template-migration/input/fsh/profiles/NGS-Bericht/mii-cs-mtb-msi-method-type.fsh
  Line: 5
error Error parsing insert rule with parameterized RuleSet EX_Header
- Value $mii-ex-mtb-genomic-study-analysis-qc does not resolve as alias, values beginning with "$" must resolve
  File: /Users/thome/code/fhir-profiling/mtb-template-migration/input/fsh/profiles/NGS-Bericht/mii-ex-mtb-genomic-study-analysis-metrics.fsh
  Line: 6
error Value $fhir-observation-category does not resolve as alias, values beginning with "$" must resolve
  File: /Users/thome/code/fhir-profiling/mtb-template-migration/input/fsh/profiles/NGS-Bericht/mii-exa-mtb-brcaness.fsh
  Line: 10
error Value $hl7-v2-0074 does not resolve as alias, values beginning with "$" must resolve
  File: /Users/thome/code/fhir-profiling/mtb-template-migration/input/fsh/profiles/NGS-Bericht/mii-exa-mtb-brcaness.fsh
  Line: 12
error Value $mii-cs-mtb-molekulare-biomarker does not resolve as alias, values beginning with "$" must resolve
  File: /Users/thome/code/fhir-profiling/mtb-template-migration/input/fsh/profiles/NGS-Bericht/mii-exa-mtb-brcaness.fsh
  Line: 15
error Value $LNC does not resolve as alias, values beginning with "$" must resolve
  File: /Users/thome/code/fhir-profiling/mtb-template-migration/input/fsh/profiles/NGS-Bericht/mii-exa-mtb-brcaness.fsh
  Line: 23
error Value $LNC does not resolve as alias, values beginning with "$" must resolve
  File: /Users/thome/code/fhir-profiling/mtb-template-migration/input/fsh/profiles/NGS-Bericht/mii-exa-mtb-brcaness.fsh
  Line: 24
error Value $fhir-observation-category does not resolve as alias, values beginning with "$" must resolve
  File: /Users/thome/code/fhir-profiling/mtb-template-migration/input/fsh/profiles/NGS-Bericht/mii-exa-mtb-copy-number-variant.fsh
  Line: 9
error Value $LNC does not resolve as alias, values beginning with "$" must resolve
  File: /Users/thome/code/fhir-profiling/mtb-template-migration/input/fsh/profiles/NGS-Bericht/mii-exa-mtb-copy-number-variant.fsh
  Line: 10
error Value $LNC does not resolve as alias, values beginning with "$" must resolve
  File: /Users/thome/code/fhir-profiling/mtb-template-migration/input/fsh/profiles/NGS-Bericht/mii-exa-mtb-copy-number-variant.fsh
  Line: 14
error Value $LNC does not resolve as alias, values beginning with "$" must resolve
  File: /Users/thome/code/fhir-profiling/mtb-template-migration/input/fsh/profiles/NGS-Bericht/mii-exa-mtb-copy-number-variant.fsh
  Line: 15
error Value $LNC does not resolve as alias, values beginning with "$" must resolve
  File: /Users/thome/code/fhir-profiling/mtb-template-migration/input/fsh/profiles/NGS-Bericht/mii-exa-mtb-copy-number-variant.fsh
  Line: 17
error Value $LNC does not resolve as alias, values beginning with "$" must resolve
  File: /Users/thome/code/fhir-profiling/mtb-template-migration/input/fsh/profiles/NGS-Bericht/mii-exa-mtb-copy-number-variant.fsh
  Line: 21
error Value $UCUM does not resolve as alias, values beginning with "$" must resolve
  File: /Users/thome/code/fhir-profiling/mtb-template-migration/input/fsh/profiles/NGS-Bericht/mii-exa-mtb-copy-number-variant.fsh
  Line: 24
error Value $UCUM does not resolve as alias, values beginning with "$" must resolve
  File: /Users/thome/code/fhir-profiling/mtb-template-migration/input/fsh/profiles/NGS-Bericht/mii-exa-mtb-copy-number-variant.fsh
  Line: 29
error Value $UCUM does not resolve as alias, values beginning with "$" must resolve
  File: /Users/thome/code/fhir-profiling/mtb-template-migration/input/fsh/profiles/NGS-Bericht/mii-exa-mtb-copy-number-variant.fsh
  Line: 34
error Value $UCUM does not resolve as alias, values beginning with "$" must resolve
  File: /Users/thome/code/fhir-profiling/mtb-template-migration/input/fsh/profiles/NGS-Bericht/mii-exa-mtb-copy-number-variant.fsh
  Line: 39
error Value $LNC does not resolve as alias, values beginning with "$" must resolve
  File: /Users/thome/code/fhir-profiling/mtb-template-migration/input/fsh/profiles/NGS-Bericht/mii-exa-mtb-copy-number-variant.fsh
  Line: 41
error Value $UCUM does not resolve as alias, values beginning with "$" must resolve
  File: /Users/thome/code/fhir-profiling/mtb-template-migration/input/fsh/profiles/NGS-Bericht/mii-exa-mtb-copy-number-variant.fsh
  Line: 46
error Value $bwhc-cnv-type does not resolve as alias, values beginning with "$" must resolve
  File: /Users/thome/code/fhir-profiling/mtb-template-migration/input/fsh/profiles/NGS-Bericht/mii-exa-mtb-copy-number-variant.fsh
  Line: 49
error Value $bwhc-cnv-type does not resolve as alias, values beginning with "$" must resolve
  File: /Users/thome/code/fhir-profiling/mtb-template-migration/input/fsh/profiles/NGS-Bericht/mii-exa-mtb-copy-number-variant.fsh
  Line: 50
error Value $LNC does not resolve as alias, values beginning with "$" must resolve
  File: /Users/thome/code/fhir-profiling/mtb-template-migration/input/fsh/profiles/NGS-Bericht/mii-exa-mtb-copy-number-variant.fsh
  Line: 52
error Value $fhir-observation-category does not resolve as alias, values beginning with "$" must resolve
  File: /Users/thome/code/fhir-profiling/mtb-template-migration/input/fsh/profiles/NGS-Bericht/mii-exa-mtb-diagnostische-implikation.fsh
  Line: 9
error Value $TBD does not resolve as alias, values beginning with "$" must resolve
  File: /Users/thome/code/fhir-profiling/mtb-template-migration/input/fsh/profiles/NGS-Bericht/mii-exa-mtb-diagnostische-implikation.fsh
  Line: 10
error Value $LNC does not resolve as alias, values beginning with "$" must resolve
  File: /Users/thome/code/fhir-profiling/mtb-template-migration/input/fsh/profiles/NGS-Bericht/mii-exa-mtb-diagnostische-implikation.fsh
  Line: 15
error Value $LNC does not resolve as alias, values beginning with "$" must resolve
  File: /Users/thome/code/fhir-profiling/mtb-template-migration/input/fsh/profiles/NGS-Bericht/mii-exa-mtb-diagnostische-implikation.fsh
  Line: 16
error Value $fhir-observation-category does not resolve as alias, values beginning with "$" must resolve
  File: /Users/thome/code/fhir-profiling/mtb-template-migration/input/fsh/profiles/NGS-Bericht/mii-exa-mtb-dna-fusion.fsh
  Line: 9
error Value $LNC does not resolve as alias, values beginning with "$" must resolve
  File: /Users/thome/code/fhir-profiling/mtb-template-migration/input/fsh/profiles/NGS-Bericht/mii-exa-mtb-dna-fusion.fsh
  Line: 10
error Value $LNC does not resolve as alias, values beginning with "$" must resolve
  File: /Users/thome/code/fhir-profiling/mtb-template-migration/input/fsh/profiles/NGS-Bericht/mii-exa-mtb-dna-fusion.fsh
  Line: 14
error Value $LNC does not resolve as alias, values beginning with "$" must resolve
  File: /Users/thome/code/fhir-profiling/mtb-template-migration/input/fsh/profiles/NGS-Bericht/mii-exa-mtb-dna-fusion.fsh
  Line: 16
error Value $UCUM does not resolve as alias, values beginning with "$" must resolve
  File: /Users/thome/code/fhir-profiling/mtb-template-migration/input/fsh/profiles/NGS-Bericht/mii-exa-mtb-dna-fusion.fsh
  Line: 28
error Value $LNC does not resolve as alias, values beginning with "$" must resolve
  File: /Users/thome/code/fhir-profiling/mtb-template-migration/input/fsh/profiles/NGS-Bericht/mii-exa-mtb-dna-fusion.fsh
  Line: 29
error Value $fhir-observation-category does not resolve as alias, values beginning with "$" must resolve
  File: /Users/thome/code/fhir-profiling/mtb-template-migration/input/fsh/profiles/NGS-Bericht/mii-exa-mtb-einfache-variante.fsh
  Line: 9
error Value $hl7-v2-0074 does not resolve as alias, values beginning with "$" must resolve
  File: /Users/thome/code/fhir-profiling/mtb-template-migration/input/fsh/profiles/NGS-Bericht/mii-exa-mtb-einfache-variante.fsh
  Line: 10
error Value $LNC does not resolve as alias, values beginning with "$" must resolve
  File: /Users/thome/code/fhir-profiling/mtb-template-migration/input/fsh/profiles/NGS-Bericht/mii-exa-mtb-einfache-variante.fsh
  Line: 12
error Value $LNC does not resolve as alias, values beginning with "$" must resolve
  File: /Users/thome/code/fhir-profiling/mtb-template-migration/input/fsh/profiles/NGS-Bericht/mii-exa-mtb-einfache-variante.fsh
  Line: 13
error Value $LNC does not resolve as alias, values beginning with "$" must resolve
  File: /Users/thome/code/fhir-profiling/mtb-template-migration/input/fsh/profiles/NGS-Bericht/mii-exa-mtb-einfache-variante.fsh
  Line: 14
error Value $LNC does not resolve as alias, values beginning with "$" must resolve
  File: /Users/thome/code/fhir-profiling/mtb-template-migration/input/fsh/profiles/NGS-Bericht/mii-exa-mtb-einfache-variante.fsh
  Line: 18
error Value $LNC does not resolve as alias, values beginning with "$" must resolve
  File: /Users/thome/code/fhir-profiling/mtb-template-migration/input/fsh/profiles/NGS-Bericht/mii-exa-mtb-einfache-variante.fsh
  Line: 20
error Value $HGNC does not resolve as alias, values beginning with "$" must resolve
  File: /Users/thome/code/fhir-profiling/mtb-template-migration/input/fsh/profiles/NGS-Bericht/mii-exa-mtb-einfache-variante.fsh
  Line: 21
error Value $LNC does not resolve as alias, values beginning with "$" must resolve
  File: /Users/thome/code/fhir-profiling/mtb-template-migration/input/fsh/profiles/NGS-Bericht/mii-exa-mtb-einfache-variante.fsh
  Line: 25
error Value $LNC does not resolve as alias, values beginning with "$" must resolve
  File: /Users/thome/code/fhir-profiling/mtb-template-migration/input/fsh/profiles/NGS-Bericht/mii-exa-mtb-einfache-variante.fsh
  Line: 27
error Value $LNC does not resolve as alias, values beginning with "$" must resolve
  File: /Users/thome/code/fhir-profiling/mtb-template-migration/input/fsh/profiles/NGS-Bericht/mii-exa-mtb-einfache-variante.fsh
  Line: 36
error Value $HGVS does not resolve as alias, values beginning with "$" must resolve
  File: /Users/thome/code/fhir-profiling/mtb-template-migration/input/fsh/profiles/NGS-Bericht/mii-exa-mtb-einfache-variante.fsh
  Line: 37
error Value $LNC does not resolve as alias, values beginning with "$" must resolve
  File: /Users/thome/code/fhir-profiling/mtb-template-migration/input/fsh/profiles/NGS-Bericht/mii-exa-mtb-einfache-variante.fsh
  Line: 39
error Value $HGVS does not resolve as alias, values beginning with "$" must resolve
  File: /Users/thome/code/fhir-profiling/mtb-template-migration/input/fsh/profiles/NGS-Bericht/mii-exa-mtb-einfache-variante.fsh
  Line: 40
error Value $LNC does not resolve as alias, values beginning with "$" must resolve
  File: /Users/thome/code/fhir-profiling/mtb-template-migration/input/fsh/profiles/NGS-Bericht/mii-exa-mtb-einfache-variante.fsh
  Line: 44
error Value $LNC does not resolve as alias, values beginning with "$" must resolve
  File: /Users/thome/code/fhir-profiling/mtb-template-migration/input/fsh/profiles/NGS-Bericht/mii-exa-mtb-einfache-variante.fsh
  Line: 47
error Value $SNP does not resolve as alias, values beginning with "$" must resolve
  File: /Users/thome/code/fhir-profiling/mtb-template-migration/input/fsh/profiles/NGS-Bericht/mii-exa-mtb-einfache-variante.fsh
  Line: 48
error Value $LNC does not resolve as alias, values beginning with "$" must resolve
  File: /Users/thome/code/fhir-profiling/mtb-template-migration/input/fsh/profiles/NGS-Bericht/mii-exa-mtb-genomic-study.fsh
  Line: 28
error Value $fhir-observation-category does not resolve as alias, values beginning with "$" must resolve
  File: /Users/thome/code/fhir-profiling/mtb-template-migration/input/fsh/profiles/NGS-Bericht/mii-exa-mtb-hrd-score.fsh
  Line: 9
error Value $hl7-v2-0074 does not resolve as alias, values beginning with "$" must resolve
  File: /Users/thome/code/fhir-profiling/mtb-template-migration/input/fsh/profiles/NGS-Bericht/mii-exa-mtb-hrd-score.fsh
  Line: 10
error Value $LNC does not resolve as alias, values beginning with "$" must resolve
  File: /Users/thome/code/fhir-profiling/mtb-template-migration/input/fsh/profiles/NGS-Bericht/mii-exa-mtb-hrd-score.fsh
  Line: 11
error Value $fhir-observation-category does not resolve as alias, values beginning with "$" must resolve
  File: /Users/thome/code/fhir-profiling/mtb-template-migration/input/fsh/profiles/NGS-Bericht/mii-exa-mtb-mikrosatelliteninstabilitaet.fsh
  Line: 9
error Value $LNC does not resolve as alias, values beginning with "$" must resolve
  File: /Users/thome/code/fhir-profiling/mtb-template-migration/input/fsh/profiles/NGS-Bericht/mii-exa-mtb-mikrosatelliteninstabilitaet.fsh
  Line: 10
error Value $UCUM does not resolve as alias, values beginning with "$" must resolve
  File: /Users/thome/code/fhir-profiling/mtb-template-migration/input/fsh/profiles/NGS-Bericht/mii-exa-mtb-mikrosatelliteninstabilitaet.fsh
  Line: 13
error Value $mii-cs-mtb-msi-method-type does not resolve as alias, values beginning with "$" must resolve
  File: /Users/thome/code/fhir-profiling/mtb-template-migration/input/fsh/profiles/NGS-Bericht/mii-exa-mtb-mikrosatelliteninstabilitaet.fsh
  Line: 14
error Value $LNC does not resolve as alias, values beginning with "$" must resolve
  File: /Users/thome/code/fhir-profiling/mtb-template-migration/input/fsh/profiles/NGS-Bericht/mii-exa-mtb-mikrosatelliteninstabilitaet.fsh
  Line: 16
error Value $fhir-observation-category does not resolve as alias, values beginning with "$" must resolve
  File: /Users/thome/code/fhir-profiling/mtb-template-migration/input/fsh/profiles/NGS-Bericht/mii-exa-mtb-mutationslast.fsh
  Line: 9
error Value $LNC does not resolve as alias, values beginning with "$" must resolve
  File: /Users/thome/code/fhir-profiling/mtb-template-migration/input/fsh/profiles/NGS-Bericht/mii-exa-mtb-mutationslast.fsh
  Line: 10
error Value $UCUM does not resolve as alias, values beginning with "$" must resolve
  File: /Users/thome/code/fhir-profiling/mtb-template-migration/input/fsh/profiles/NGS-Bericht/mii-exa-mtb-mutationslast.fsh
  Line: 13
error Value $hl7-v3-observation-interpretation does not resolve as alias, values beginning with "$" must resolve
  File: /Users/thome/code/fhir-profiling/mtb-template-migration/input/fsh/profiles/NGS-Bericht/mii-exa-mtb-mutationslast.fsh
  Line: 15
error Value $hl7-v3-observation-interpretation does not resolve as alias, values beginning with "$" must resolve
  File: /Users/thome/code/fhir-profiling/mtb-template-migration/input/fsh/profiles/NGS-Bericht/mii-exa-mtb-ploidie.fsh
  Line: 11
error Value $fhir-observation-category does not resolve as alias, values beginning with "$" must resolve
  File: /Users/thome/code/fhir-profiling/mtb-template-migration/input/fsh/profiles/NGS-Bericht/mii-exa-mtb-rna-fusion.fsh
  Line: 9
error Value $LNC does not resolve as alias, values beginning with "$" must resolve
  File: /Users/thome/code/fhir-profiling/mtb-template-migration/input/fsh/profiles/NGS-Bericht/mii-exa-mtb-rna-fusion.fsh
  Line: 10
error Value $LNC does not resolve as alias, values beginning with "$" must resolve
  File: /Users/thome/code/fhir-profiling/mtb-template-migration/input/fsh/profiles/NGS-Bericht/mii-exa-mtb-rna-fusion.fsh
  Line: 11
error Value $mii-cs-mtb-molekulare-biomarker does not resolve as alias, values beginning with "$" must resolve
  File: /Users/thome/code/fhir-profiling/mtb-template-migration/input/fsh/profiles/NGS-Bericht/mii-exa-mtb-rna-fusion.fsh
  Line: 16
error Value $HGNC does not resolve as alias, values beginning with "$" must resolve
  File: /Users/thome/code/fhir-profiling/mtb-template-migration/input/fsh/profiles/NGS-Bericht/mii-exa-mtb-rna-fusion.fsh
  Line: 17
error Value $mii-cs-mtb-molekulare-biomarker does not resolve as alias, values beginning with "$" must resolve
  File: /Users/thome/code/fhir-profiling/mtb-template-migration/input/fsh/profiles/NGS-Bericht/mii-exa-mtb-rna-fusion.fsh
  Line: 18
error Value $mii-cs-mtb-molekulare-biomarker does not resolve as alias, values beginning with "$" must resolve
  File: /Users/thome/code/fhir-profiling/mtb-template-migration/input/fsh/profiles/NGS-Bericht/mii-exa-mtb-rna-fusion.fsh
  Line: 20
error Value $mii-cs-mtb-molekulare-biomarker does not resolve as alias, values beginning with "$" must resolve
  File: /Users/thome/code/fhir-profiling/mtb-template-migration/input/fsh/profiles/NGS-Bericht/mii-exa-mtb-rna-fusion.fsh
  Line: 22
error Value $mii-cs-mtb-molekulare-biomarker does not resolve as alias, values beginning with "$" must resolve
  File: /Users/thome/code/fhir-profiling/mtb-template-migration/input/fsh/profiles/NGS-Bericht/mii-exa-mtb-rna-fusion.fsh
  Line: 25
error Value $mii-cs-mtb-molekulare-biomarker does not resolve as alias, values beginning with "$" must resolve
  File: /Users/thome/code/fhir-profiling/mtb-template-migration/input/fsh/profiles/NGS-Bericht/mii-exa-mtb-rna-fusion.fsh
  Line: 29
error Value $HGNC does not resolve as alias, values beginning with "$" must resolve
  File: /Users/thome/code/fhir-profiling/mtb-template-migration/input/fsh/profiles/NGS-Bericht/mii-exa-mtb-rna-fusion.fsh
  Line: 30
error Value $mii-cs-mtb-molekulare-biomarker does not resolve as alias, values beginning with "$" must resolve
  File: /Users/thome/code/fhir-profiling/mtb-template-migration/input/fsh/profiles/NGS-Bericht/mii-exa-mtb-rna-fusion.fsh
  Line: 31
error Value $mii-cs-mtb-molekulare-biomarker does not resolve as alias, values beginning with "$" must resolve
  File: /Users/thome/code/fhir-profiling/mtb-template-migration/input/fsh/profiles/NGS-Bericht/mii-exa-mtb-rna-fusion.fsh
  Line: 33
error Value $mii-cs-mtb-molekulare-biomarker does not resolve as alias, values beginning with "$" must resolve
  File: /Users/thome/code/fhir-profiling/mtb-template-migration/input/fsh/profiles/NGS-Bericht/mii-exa-mtb-rna-fusion.fsh
  Line: 35
error Value $mii-cs-mtb-molekulare-biomarker does not resolve as alias, values beginning with "$" must resolve
  File: /Users/thome/code/fhir-profiling/mtb-template-migration/input/fsh/profiles/NGS-Bericht/mii-exa-mtb-rna-fusion.fsh
  Line: 38
error Value $UCUM does not resolve as alias, values beginning with "$" must resolve
  File: /Users/thome/code/fhir-profiling/mtb-template-migration/input/fsh/profiles/NGS-Bericht/mii-exa-mtb-rna-fusion.fsh
  Line: 45
error Value $hl7-v3-observation-high-low-codes does not resolve as alias, values beginning with "$" must resolve
  File: /Users/thome/code/fhir-profiling/mtb-template-migration/input/fsh/profiles/NGS-Bericht/mii-pr-mtb-brcaness.fsh
  Line: 25
error Value $mii-cs-mtb-molekulare-biomarker does not resolve as alias, values beginning with "$" must resolve
  File: /Users/thome/code/fhir-profiling/mtb-template-migration/input/fsh/profiles/NGS-Bericht/mii-pr-mtb-brcaness.fsh
  Line: 28
error Value $LNC does not resolve as alias, values beginning with "$" must resolve
  File: /Users/thome/code/fhir-profiling/mtb-template-migration/input/fsh/profiles/NGS-Bericht/mii-pr-mtb-copy-number-variant.fsh
  Line: 28
error Value $LNC does not resolve as alias, values beginning with "$" must resolve
  File: /Users/thome/code/fhir-profiling/mtb-template-migration/input/fsh/profiles/NGS-Bericht/mii-pr-mtb-copy-number-variant.fsh
  Line: 35
error Value $LNC does not resolve as alias, values beginning with "$" must resolve
  File: /Users/thome/code/fhir-profiling/mtb-template-migration/input/fsh/profiles/NGS-Bericht/mii-pr-mtb-copy-number-variant.fsh
  Line: 46
error Value $mii-cs-mtb-molekulare-biomarker does not resolve as alias, values beginning with "$" must resolve
  File: /Users/thome/code/fhir-profiling/mtb-template-migration/input/fsh/profiles/NGS-Bericht/mii-pr-mtb-copy-number-variant.fsh
  Line: 57
error Value $mii-cs-mtb-molekulare-biomarker does not resolve as alias, values beginning with "$" must resolve
  File: /Users/thome/code/fhir-profiling/mtb-template-migration/input/fsh/profiles/NGS-Bericht/mii-pr-mtb-copy-number-variant.fsh
  Line: 68
error Value $mii-cs-mtb-molekulare-biomarker does not resolve as alias, values beginning with "$" must resolve
  File: /Users/thome/code/fhir-profiling/mtb-template-migration/input/fsh/profiles/NGS-Bericht/mii-pr-mtb-copy-number-variant.fsh
  Line: 79
error Value $LNC does not resolve as alias, values beginning with "$" must resolve
  File: /Users/thome/code/fhir-profiling/mtb-template-migration/input/fsh/profiles/NGS-Bericht/mii-pr-mtb-copy-number-variant.fsh
  Line: 90
error Value $mii-cs-mtb-molekulare-biomarker does not resolve as alias, values beginning with "$" must resolve
  File: /Users/thome/code/fhir-profiling/mtb-template-migration/input/fsh/profiles/NGS-Bericht/mii-pr-mtb-copy-number-variant.fsh
  Line: 101
error Value $bwhc-cnv-type does not resolve as alias, values beginning with "$" must resolve
  File: /Users/thome/code/fhir-profiling/mtb-template-migration/input/fsh/profiles/NGS-Bericht/mii-pr-mtb-copy-number-variant.fsh
  Line: 111
error Value $mii-cs-mtb-molekulare-biomarker does not resolve as alias, values beginning with "$" must resolve
  File: /Users/thome/code/fhir-profiling/mtb-template-migration/input/fsh/profiles/NGS-Bericht/mii-pr-mtb-copy-number-variant.fsh
  Line: 122
error Value $mii-pr-molgen-diagnostische-implikation does not resolve as alias, values beginning with "$" must resolve
  File: /Users/thome/code/fhir-profiling/mtb-template-migration/input/fsh/profiles/NGS-Bericht/mii-pr-mtb-diagnostische-implikation.fsh
  Line: 2
error Value $mii-cs-mtb-molekulare-biomarker does not resolve as alias, values beginning with "$" must resolve
  File: /Users/thome/code/fhir-profiling/mtb-template-migration/input/fsh/profiles/NGS-Bericht/mii-pr-mtb-dna-fusion.fsh
  Line: 32
error Value $mii-cs-mtb-molekulare-biomarker does not resolve as alias, values beginning with "$" must resolve
  File: /Users/thome/code/fhir-profiling/mtb-template-migration/input/fsh/profiles/NGS-Bericht/mii-pr-mtb-dna-fusion.fsh
  Line: 40
error Value $mii-cs-mtb-molekulare-biomarker does not resolve as alias, values beginning with "$" must resolve
  File: /Users/thome/code/fhir-profiling/mtb-template-migration/input/fsh/profiles/NGS-Bericht/mii-pr-mtb-dna-fusion.fsh
  Line: 48
error Value $mii-cs-mtb-molekulare-biomarker does not resolve as alias, values beginning with "$" must resolve
  File: /Users/thome/code/fhir-profiling/mtb-template-migration/input/fsh/profiles/NGS-Bericht/mii-pr-mtb-dna-fusion.fsh
  Line: 56
error Value $mii-cs-mtb-molekulare-biomarker does not resolve as alias, values beginning with "$" must resolve
  File: /Users/thome/code/fhir-profiling/mtb-template-migration/input/fsh/profiles/NGS-Bericht/mii-pr-mtb-dna-fusion.fsh
  Line: 64
error Value $mii-cs-mtb-molekulare-biomarker does not resolve as alias, values beginning with "$" must resolve
  File: /Users/thome/code/fhir-profiling/mtb-template-migration/input/fsh/profiles/NGS-Bericht/mii-pr-mtb-dna-fusion.fsh
  Line: 72
error Value $ENS does not resolve as alias, values beginning with "$" must resolve
  File: /Users/thome/code/fhir-profiling/mtb-template-migration/input/fsh/profiles/NGS-Bericht/mii-pr-mtb-einfache-variante.fsh
  Line: 41
error Value $LNC does not resolve as alias, values beginning with "$" must resolve
  File: /Users/thome/code/fhir-profiling/mtb-template-migration/input/fsh/profiles/NGS-Bericht/mii-pr-mtb-hrd-score.fsh
  Line: 13
error Value $hl7-v3-observation-high-low-codes does not resolve as alias, values beginning with "$" must resolve
  File: /Users/thome/code/fhir-profiling/mtb-template-migration/input/fsh/profiles/NGS-Bericht/mii-pr-mtb-hrd-score.fsh
  Line: 28
error Value $NCIT does not resolve as alias, values beginning with "$" must resolve
  File: /Users/thome/code/fhir-profiling/mtb-template-migration/input/fsh/profiles/NGS-Bericht/mii-pr-mtb-hrd-score.fsh
  Line: 40
error Value $NCIT does not resolve as alias, values beginning with "$" must resolve
  File: /Users/thome/code/fhir-profiling/mtb-template-migration/input/fsh/profiles/NGS-Bericht/mii-pr-mtb-hrd-score.fsh
  Line: 46
error Value $NCIT does not resolve as alias, values beginning with "$" must resolve
  File: /Users/thome/code/fhir-profiling/mtb-template-migration/input/fsh/profiles/NGS-Bericht/mii-pr-mtb-hrd-score.fsh
  Line: 52
error Value $LNC does not resolve as alias, values beginning with "$" must resolve
  File: /Users/thome/code/fhir-profiling/mtb-template-migration/input/fsh/profiles/NGS-Bericht/mii-pr-mtb-immunohistochemistry-her2.fsh
  Line: 9
error Value $LNC does not resolve as alias, values beginning with "$" must resolve
  File: /Users/thome/code/fhir-profiling/mtb-template-migration/input/fsh/profiles/NGS-Bericht/mii-pr-mtb-immunohistochemistry-her2.fsh
  Line: 10
error Value $HGNC does not resolve as alias, values beginning with "$" must resolve
  File: /Users/thome/code/fhir-profiling/mtb-template-migration/input/fsh/profiles/NGS-Bericht/mii-pr-mtb-immunohistochemistry-her2.fsh
  Line: 15
error Value $LNC does not resolve as alias, values beginning with "$" must resolve
  File: /Users/thome/code/fhir-profiling/mtb-template-migration/input/fsh/profiles/NGS-Bericht/mii-pr-mtb-immunohistochemistry-her2.fsh
  Line: 30
error Value $SCT does not resolve as alias, values beginning with "$" must resolve
  File: /Users/thome/code/fhir-profiling/mtb-template-migration/input/fsh/profiles/NGS-Bericht/mii-pr-mtb-immunohistochemistry-her2.fsh
  Line: 33
error Value $LNC does not resolve as alias, values beginning with "$" must resolve
  File: /Users/thome/code/fhir-profiling/mtb-template-migration/input/fsh/profiles/NGS-Bericht/mii-pr-mtb-immunohistochemistry-her2.fsh
  Line: 50
error Value $UCUM does not resolve as alias, values beginning with "$" must resolve
  File: /Users/thome/code/fhir-profiling/mtb-template-migration/input/fsh/profiles/NGS-Bericht/mii-pr-mtb-immunohistochemistry-her2.fsh
  Line: 53
error Value $LNC does not resolve as alias, values beginning with "$" must resolve
  File: /Users/thome/code/fhir-profiling/mtb-template-migration/input/fsh/profiles/NGS-Bericht/mii-pr-mtb-immunohistochemistry-her2.fsh
  Line: 58
error Value $UCUM does not resolve as alias, values beginning with "$" must resolve
  File: /Users/thome/code/fhir-profiling/mtb-template-migration/input/fsh/profiles/NGS-Bericht/mii-pr-mtb-immunohistochemistry-her2.fsh
  Line: 61
error Value $LNC does not resolve as alias, values beginning with "$" must resolve
  File: /Users/thome/code/fhir-profiling/mtb-template-migration/input/fsh/profiles/NGS-Bericht/mii-pr-mtb-immunohistochemistry-her2.fsh
  Line: 66
error Value $UCUM does not resolve as alias, values beginning with "$" must resolve
  File: /Users/thome/code/fhir-profiling/mtb-template-migration/input/fsh/profiles/NGS-Bericht/mii-pr-mtb-immunohistochemistry-her2.fsh
  Line: 69
error Value $HGNC does not resolve as alias, values beginning with "$" must resolve
  File: /Users/thome/code/fhir-profiling/mtb-template-migration/input/fsh/profiles/NGS-Bericht/mii-pr-mtb-immunohistochemistry-her2.fsh
  Line: 72
error Value $LNC does not resolve as alias, values beginning with "$" must resolve
  File: /Users/thome/code/fhir-profiling/mtb-template-migration/input/fsh/profiles/NGS-Bericht/mii-pr-mtb-immunohistochemistry-her2.fsh
  Line: 93
error Value $LNC does not resolve as alias, values beginning with "$" must resolve
  File: /Users/thome/code/fhir-profiling/mtb-template-migration/input/fsh/profiles/NGS-Bericht/mii-pr-mtb-immunohistochemistry-her2.fsh
  Line: 94
error Value $HGNC does not resolve as alias, values beginning with "$" must resolve
  File: /Users/thome/code/fhir-profiling/mtb-template-migration/input/fsh/profiles/NGS-Bericht/mii-pr-mtb-immunohistochemistry-her2.fsh
  Line: 97
error Value $LNC does not resolve as alias, values beginning with "$" must resolve
  File: /Users/thome/code/fhir-profiling/mtb-template-migration/input/fsh/profiles/NGS-Bericht/mii-pr-mtb-immunohistochemistry-msi.fsh
  Line: 19
error Value $NCIT does not resolve as alias, values beginning with "$" must resolve
  File: /Users/thome/code/fhir-profiling/mtb-template-migration/input/fsh/profiles/NGS-Bericht/mii-pr-mtb-immunohistochemistry-pdl1.fsh
  Line: 38
error Value $NCIT does not resolve as alias, values beginning with "$" must resolve
  File: /Users/thome/code/fhir-profiling/mtb-template-migration/input/fsh/profiles/NGS-Bericht/mii-pr-mtb-immunohistochemistry-pdl1.fsh
  Line: 49
error Value $NCIT does not resolve as alias, values beginning with "$" must resolve
  File: /Users/thome/code/fhir-profiling/mtb-template-migration/input/fsh/profiles/NGS-Bericht/mii-pr-mtb-immunohistochemistry-pdl1.fsh
  Line: 62
error Value $LNC does not resolve as alias, values beginning with "$" must resolve
  File: /Users/thome/code/fhir-profiling/mtb-template-migration/input/fsh/profiles/NGS-Bericht/mii-pr-mtb-immunohistochemistry-pdl1.fsh
  Line: 75
error Value $SCT does not resolve as alias, values beginning with "$" must resolve
  File: /Users/thome/code/fhir-profiling/mtb-template-migration/input/fsh/profiles/NGS-Bericht/mii-pr-mtb-immunohistochemistry.fsh
  Line: 29
error Value $mii-vs-mtb-mmr-proficiency does not resolve as alias, values beginning with "$" must resolve
  File: /Users/thome/code/fhir-profiling/mtb-template-migration/input/fsh/profiles/NGS-Bericht/mii-pr-mtb-immunohistochemistry_mmr.fsh
  Line: 22
error Value $LNC does not resolve as alias, values beginning with "$" must resolve
  File: /Users/thome/code/fhir-profiling/mtb-template-migration/input/fsh/profiles/NGS-Bericht/mii-pr-mtb-immunohistochemistry_mmr.fsh
  Line: 41
error Value $mii-vs-mtb-mmr-expression does not resolve as alias, values beginning with "$" must resolve
  File: /Users/thome/code/fhir-profiling/mtb-template-migration/input/fsh/profiles/NGS-Bericht/mii-pr-mtb-immunohistochemistry_mmr.fsh
  Line: 42
error Value $LNC does not resolve as alias, values beginning with "$" must resolve
  File: /Users/thome/code/fhir-profiling/mtb-template-migration/input/fsh/profiles/NGS-Bericht/mii-pr-mtb-immunohistochemistry_mmr.fsh
  Line: 43
error Value $mii-vs-mtb-mmr-expression does not resolve as alias, values beginning with "$" must resolve
  File: /Users/thome/code/fhir-profiling/mtb-template-migration/input/fsh/profiles/NGS-Bericht/mii-pr-mtb-immunohistochemistry_mmr.fsh
  Line: 44
error Value $LNC does not resolve as alias, values beginning with "$" must resolve
  File: /Users/thome/code/fhir-profiling/mtb-template-migration/input/fsh/profiles/NGS-Bericht/mii-pr-mtb-immunohistochemistry_mmr.fsh
  Line: 45
error Value $mii-vs-mtb-mmr-expression does not resolve as alias, values beginning with "$" must resolve
  File: /Users/thome/code/fhir-profiling/mtb-template-migration/input/fsh/profiles/NGS-Bericht/mii-pr-mtb-immunohistochemistry_mmr.fsh
  Line: 46
error Value $LNC does not resolve as alias, values beginning with "$" must resolve
  File: /Users/thome/code/fhir-profiling/mtb-template-migration/input/fsh/profiles/NGS-Bericht/mii-pr-mtb-immunohistochemistry_mmr.fsh
  Line: 47
error Value $mii-vs-mtb-mmr-expression does not resolve as alias, values beginning with "$" must resolve
  File: /Users/thome/code/fhir-profiling/mtb-template-migration/input/fsh/profiles/NGS-Bericht/mii-pr-mtb-immunohistochemistry_mmr.fsh
  Line: 48
error Value $LNC does not resolve as alias, values beginning with "$" must resolve
  File: /Users/thome/code/fhir-profiling/mtb-template-migration/input/fsh/profiles/NGS-Bericht/mii-pr-mtb-immunohistochemistry_mmr.fsh
  Line: 49
error Value $mii-vs-mtb-mmr-expression does not resolve as alias, values beginning with "$" must resolve
  File: /Users/thome/code/fhir-profiling/mtb-template-migration/input/fsh/profiles/NGS-Bericht/mii-pr-mtb-immunohistochemistry_mmr.fsh
  Line: 50
error Value $LNC does not resolve as alias, values beginning with "$" must resolve
  File: /Users/thome/code/fhir-profiling/mtb-template-migration/input/fsh/profiles/NGS-Bericht/mii-pr-mtb-immunohistochemistry_mmr.fsh
  Line: 51
error Value $mii-vs-mtb-mmr-expression does not resolve as alias, values beginning with "$" must resolve
  File: /Users/thome/code/fhir-profiling/mtb-template-migration/input/fsh/profiles/NGS-Bericht/mii-pr-mtb-immunohistochemistry_mmr.fsh
  Line: 52
error Value $SCT does not resolve as alias, values beginning with "$" must resolve
  File: /Users/thome/code/fhir-profiling/mtb-template-migration/input/fsh/profiles/NGS-Bericht/mii-pr-mtb-insituhybridization.fsh
  Line: 47
error Value $LNC does not resolve as alias, values beginning with "$" must resolve
  File: /Users/thome/code/fhir-profiling/mtb-template-migration/input/fsh/profiles/NGS-Bericht/mii-pr-mtb-molecular-pathology-report.fsh
  Line: 9
error Value $mii-vs-mtb-molekulare-biomarker does not resolve as alias, values beginning with "$" must resolve
  File: /Users/thome/code/fhir-profiling/mtb-template-migration/input/fsh/profiles/NGS-Bericht/mii-pr-mtb-molukularer-biomarker.fsh
  Line: 15
error Value $LNC does not resolve as alias, values beginning with "$" must resolve
  File: /Users/thome/code/fhir-profiling/mtb-template-migration/input/fsh/profiles/NGS-Bericht/mii-pr-mtb-mutationslast.fsh
  Line: 12
error Value $hl7-v3-observation-high-low-codes does not resolve as alias, values beginning with "$" must resolve
  File: /Users/thome/code/fhir-profiling/mtb-template-migration/input/fsh/profiles/NGS-Bericht/mii-pr-mtb-mutationslast.fsh
  Line: 21
error Error parsing insert rule with parameterized RuleSet EX_Header
- Value $mii-ex-mtb-ngs-bericht-genomic-study does not resolve as alias, values beginning with "$" must resolve
  File: /Users/thome/code/fhir-profiling/mtb-template-migration/input/fsh/profiles/NGS-Bericht/mii-pr-mtb-ngs-bericht.fsh
  Line: 161
error Value $NCIT does not resolve as alias, values beginning with "$" must resolve
  File: /Users/thome/code/fhir-profiling/mtb-template-migration/input/fsh/profiles/NGS-Bericht/mii-pr-mtb-ploidie.fsh
  Line: 16
error Value $hl7-v3-observation-high-low-codes does not resolve as alias, values beginning with "$" must resolve
  File: /Users/thome/code/fhir-profiling/mtb-template-migration/input/fsh/profiles/NGS-Bericht/mii-pr-mtb-ploidie.fsh
  Line: 26
error Value $mii-cs-mtb-molekulare-biomarker does not resolve as alias, values beginning with "$" must resolve
  File: /Users/thome/code/fhir-profiling/mtb-template-migration/input/fsh/profiles/NGS-Bericht/mii-pr-mtb-rna-fusion.fsh
  Line: 43
error Value $mii-cs-mtb-molekulare-biomarker does not resolve as alias, values beginning with "$" must resolve
  File: /Users/thome/code/fhir-profiling/mtb-template-migration/input/fsh/profiles/NGS-Bericht/mii-pr-mtb-rna-fusion.fsh
  Line: 50
error Value $mii-cs-mtb-molekulare-biomarker does not resolve as alias, values beginning with "$" must resolve
  File: /Users/thome/code/fhir-profiling/mtb-template-migration/input/fsh/profiles/NGS-Bericht/mii-pr-mtb-rna-fusion.fsh
  Line: 57
error Value $mii-cs-mtb-molekulare-biomarker does not resolve as alias, values beginning with "$" must resolve
  File: /Users/thome/code/fhir-profiling/mtb-template-migration/input/fsh/profiles/NGS-Bericht/mii-pr-mtb-rna-fusion.fsh
  Line: 64
error Value $mii-cs-mtb-molekulare-biomarker does not resolve as alias, values beginning with "$" must resolve
  File: /Users/thome/code/fhir-profiling/mtb-template-migration/input/fsh/profiles/NGS-Bericht/mii-pr-mtb-rna-fusion.fsh
  Line: 71
error Value $mii-cs-mtb-molekulare-biomarker does not resolve as alias, values beginning with "$" must resolve
  File: /Users/thome/code/fhir-profiling/mtb-template-migration/input/fsh/profiles/NGS-Bericht/mii-pr-mtb-rna-fusion.fsh
  Line: 78
error Value $mii-cs-mtb-molekulare-biomarker does not resolve as alias, values beginning with "$" must resolve
  File: /Users/thome/code/fhir-profiling/mtb-template-migration/input/fsh/profiles/NGS-Bericht/mii-pr-mtb-rna-fusion.fsh
  Line: 85
error Value $mii-cs-mtb-molekulare-biomarker does not resolve as alias, values beginning with "$" must resolve
  File: /Users/thome/code/fhir-profiling/mtb-template-migration/input/fsh/profiles/NGS-Bericht/mii-pr-mtb-rna-fusion.fsh
  Line: 92
error Value $mii-cs-mtb-molekulare-biomarker does not resolve as alias, values beginning with "$" must resolve
  File: /Users/thome/code/fhir-profiling/mtb-template-migration/input/fsh/profiles/NGS-Bericht/mii-pr-mtb-rna-fusion.fsh
  Line: 99
error Value $mii-cs-mtb-molekulare-biomarker does not resolve as alias, values beginning with "$" must resolve
  File: /Users/thome/code/fhir-profiling/mtb-template-migration/input/fsh/profiles/NGS-Bericht/mii-pr-mtb-rna-fusion.fsh
  Line: 106
error Value $mii-pr-molgen-therapeutische-implikation does not resolve as alias, values beginning with "$" must resolve
  File: /Users/thome/code/fhir-profiling/mtb-template-migration/input/fsh/profiles/NGS-Bericht/mii-pr-mtb-therapeutische-implikation.fsh
  Line: 2
error Error parsing insert rule with parameterized RuleSet VS_Header
- Value $mii-vs-mtb-genomic-analysis-method-type does not resolve as alias, values beginning with "$" must resolve
  File: /Users/thome/code/fhir-profiling/mtb-template-migration/input/fsh/profiles/NGS-Bericht/mii-vs-mtb-genomic-analysis-method-type.fsh
  Line: 6
error Error parsing insert rule with parameterized RuleSet VS_Header
- Value $mii-vs-mtb-immunohistochemistry-specific-codes does not resolve as alias, values beginning with "$" must resolve
  File: /Users/thome/code/fhir-profiling/mtb-template-migration/input/fsh/profiles/NGS-Bericht/mii-vs-mtb-immunhistochemistry-targets.fsh
  Line: 5
error Value $SCT does not resolve as alias, values beginning with "$" must resolve
  File: /Users/thome/code/fhir-profiling/mtb-template-migration/input/fsh/profiles/NGS-Bericht/mii-vs-mtb-immunhistochemistry-targets.fsh
  Line: 8
error Value $LNC does not resolve as alias, values beginning with "$" must resolve
  File: /Users/thome/code/fhir-profiling/mtb-template-migration/input/fsh/profiles/NGS-Bericht/mii-vs-mtb-immunhistochemistry-targets.fsh
  Line: 12
error Value $LNC does not resolve as alias, values beginning with "$" must resolve
  File: /Users/thome/code/fhir-profiling/mtb-template-migration/input/fsh/profiles/NGS-Bericht/mii-vs-mtb-immunhistochemistry-targets.fsh
  Line: 15
error Value $LNC does not resolve as alias, values beginning with "$" must resolve
  File: /Users/thome/code/fhir-profiling/mtb-template-migration/input/fsh/profiles/NGS-Bericht/mii-vs-mtb-immunhistochemistry-targets.fsh
  Line: 16
error Value $LNC does not resolve as alias, values beginning with "$" must resolve
  File: /Users/thome/code/fhir-profiling/mtb-template-migration/input/fsh/profiles/NGS-Bericht/mii-vs-mtb-immunhistochemistry-targets.fsh
  Line: 17
error Value $LNC does not resolve as alias, values beginning with "$" must resolve
  File: /Users/thome/code/fhir-profiling/mtb-template-migration/input/fsh/profiles/NGS-Bericht/mii-vs-mtb-immunhistochemistry-targets.fsh
  Line: 20
error Value $LNC does not resolve as alias, values beginning with "$" must resolve
  File: /Users/thome/code/fhir-profiling/mtb-template-migration/input/fsh/profiles/NGS-Bericht/mii-vs-mtb-immunhistochemistry-targets.fsh
  Line: 21
error Value $LNC does not resolve as alias, values beginning with "$" must resolve
  File: /Users/thome/code/fhir-profiling/mtb-template-migration/input/fsh/profiles/NGS-Bericht/mii-vs-mtb-immunhistochemistry-targets.fsh
  Line: 24
error Value $LNC does not resolve as alias, values beginning with "$" must resolve
  File: /Users/thome/code/fhir-profiling/mtb-template-migration/input/fsh/profiles/NGS-Bericht/mii-vs-mtb-immunhistochemistry-targets.fsh
  Line: 25
error Value $LNC does not resolve as alias, values beginning with "$" must resolve
  File: /Users/thome/code/fhir-profiling/mtb-template-migration/input/fsh/profiles/NGS-Bericht/mii-vs-mtb-immunhistochemistry-targets.fsh
  Line: 26
error Value $LNC does not resolve as alias, values beginning with "$" must resolve
  File: /Users/thome/code/fhir-profiling/mtb-template-migration/input/fsh/profiles/NGS-Bericht/mii-vs-mtb-immunhistochemistry-targets.fsh
  Line: 29
error Value $LNC does not resolve as alias, values beginning with "$" must resolve
  File: /Users/thome/code/fhir-profiling/mtb-template-migration/input/fsh/profiles/NGS-Bericht/mii-vs-mtb-immunhistochemistry-targets.fsh
  Line: 30
error Value $LNC does not resolve as alias, values beginning with "$" must resolve
  File: /Users/thome/code/fhir-profiling/mtb-template-migration/input/fsh/profiles/NGS-Bericht/mii-vs-mtb-immunhistochemistry-targets.fsh
  Line: 31
error Value $LNC does not resolve as alias, values beginning with "$" must resolve
  File: /Users/thome/code/fhir-profiling/mtb-template-migration/input/fsh/profiles/NGS-Bericht/mii-vs-mtb-immunhistochemistry-targets.fsh
  Line: 34
error Value $LNC does not resolve as alias, values beginning with "$" must resolve
  File: /Users/thome/code/fhir-profiling/mtb-template-migration/input/fsh/profiles/NGS-Bericht/mii-vs-mtb-immunhistochemistry-targets.fsh
  Line: 35
error Value $LNC does not resolve as alias, values beginning with "$" must resolve
  File: /Users/thome/code/fhir-profiling/mtb-template-migration/input/fsh/profiles/NGS-Bericht/mii-vs-mtb-immunhistochemistry-targets.fsh
  Line: 36
error Value $LNC does not resolve as alias, values beginning with "$" must resolve
  File: /Users/thome/code/fhir-profiling/mtb-template-migration/input/fsh/profiles/NGS-Bericht/mii-vs-mtb-immunhistochemistry-targets.fsh
  Line: 37
error Value $LNC does not resolve as alias, values beginning with "$" must resolve
  File: /Users/thome/code/fhir-profiling/mtb-template-migration/input/fsh/profiles/NGS-Bericht/mii-vs-mtb-immunhistochemistry-targets.fsh
  Line: 40
error Value $LNC does not resolve as alias, values beginning with "$" must resolve
  File: /Users/thome/code/fhir-profiling/mtb-template-migration/input/fsh/profiles/NGS-Bericht/mii-vs-mtb-immunhistochemistry-targets.fsh
  Line: 43
error Value $LNC does not resolve as alias, values beginning with "$" must resolve
  File: /Users/thome/code/fhir-profiling/mtb-template-migration/input/fsh/profiles/NGS-Bericht/mii-vs-mtb-immunhistochemistry-targets.fsh
  Line: 46
error Value $LNC does not resolve as alias, values beginning with "$" must resolve
  File: /Users/thome/code/fhir-profiling/mtb-template-migration/input/fsh/profiles/NGS-Bericht/mii-vs-mtb-immunhistochemistry-targets.fsh
  Line: 47
error Value $LNC does not resolve as alias, values beginning with "$" must resolve
  File: /Users/thome/code/fhir-profiling/mtb-template-migration/input/fsh/profiles/NGS-Bericht/mii-vs-mtb-immunhistochemistry-targets.fsh
  Line: 48
error Error parsing insert rule with parameterized RuleSet VS_Header
- Value $mii-vs-mtb-ish-method does not resolve as alias, values beginning with "$" must resolve
  File: /Users/thome/code/fhir-profiling/mtb-template-migration/input/fsh/profiles/NGS-Bericht/mii-vs-mtb-ish-method.fsh
  Line: 6
error Value $SCT does not resolve as alias, values beginning with "$" must resolve
  File: /Users/thome/code/fhir-profiling/mtb-template-migration/input/fsh/profiles/NGS-Bericht/mii-vs-mtb-ish-method.fsh
  Line: 7
error Value $SCT does not resolve as alias, values beginning with "$" must resolve
  File: /Users/thome/code/fhir-profiling/mtb-template-migration/input/fsh/profiles/NGS-Bericht/mii-vs-mtb-ish-method.fsh
  Line: 8
error Value $SCT does not resolve as alias, values beginning with "$" must resolve
  File: /Users/thome/code/fhir-profiling/mtb-template-migration/input/fsh/profiles/NGS-Bericht/mii-vs-mtb-ish-method.fsh
  Line: 9
error Value $SCT does not resolve as alias, values beginning with "$" must resolve
  File: /Users/thome/code/fhir-profiling/mtb-template-migration/input/fsh/profiles/NGS-Bericht/mii-vs-mtb-ish-method.fsh
  Line: 10
error Error parsing insert rule with parameterized RuleSet VS_Header
- Value $mii-vs-mtb-mmr-expression does not resolve as alias, values beginning with "$" must resolve
  File: /Users/thome/code/fhir-profiling/mtb-template-migration/input/fsh/profiles/NGS-Bericht/mii-vs-mtb-mmr-expression.fsh
  Line: 6
error Value $LNC does not resolve as alias, values beginning with "$" must resolve
  File: /Users/thome/code/fhir-profiling/mtb-template-migration/input/fsh/profiles/NGS-Bericht/mii-vs-mtb-mmr-expression.fsh
  Line: 7
error Value $LNC does not resolve as alias, values beginning with "$" must resolve
  File: /Users/thome/code/fhir-profiling/mtb-template-migration/input/fsh/profiles/NGS-Bericht/mii-vs-mtb-mmr-expression.fsh
  Line: 8
error Value $LNC does not resolve as alias, values beginning with "$" must resolve
  File: /Users/thome/code/fhir-profiling/mtb-template-migration/input/fsh/profiles/NGS-Bericht/mii-vs-mtb-mmr-expression.fsh
  Line: 9
error Error parsing insert rule with parameterized RuleSet VS_Header
- Value $mii-vs-mtb-mmr-proficiency does not resolve as alias, values beginning with "$" must resolve
  File: /Users/thome/code/fhir-profiling/mtb-template-migration/input/fsh/profiles/NGS-Bericht/mii-vs-mtb-mmr-proficiency.fsh
  Line: 6
error Error parsing insert rule with parameterized RuleSet VS_Header
- Value $mii-vs-mtb-molekulare-biomarker does not resolve as alias, values beginning with "$" must resolve
  File: /Users/thome/code/fhir-profiling/mtb-template-migration/input/fsh/profiles/NGS-Bericht/mii-vs-mtb-molekulare-biomarker.fsh
  Line: 6
error Error parsing insert rule with parameterized RuleSet VS_Header
- Value $mii-vs-mtb-msi-method-type does not resolve as alias, values beginning with "$" must resolve
  File: /Users/thome/code/fhir-profiling/mtb-template-migration/input/fsh/profiles/NGS-Bericht/mii-vs-mtb-msi-method-type.fsh
  Line: 6
error Error parsing insert rule with parameterized RuleSet VS_Header
- Value $mii-vs-mtb-msi does not resolve as alias, values beginning with "$" must resolve
  File: /Users/thome/code/fhir-profiling/mtb-template-migration/input/fsh/profiles/NGS-Bericht/mii-vs-mtb-msi.fsh
  Line: 6
error Value $LNC does not resolve as alias, values beginning with "$" must resolve
  File: /Users/thome/code/fhir-profiling/mtb-template-migration/input/fsh/profiles/NGS-Bericht/mii-vs-mtb-msi.fsh
  Line: 8
error Value $LNC does not resolve as alias, values beginning with "$" must resolve
  File: /Users/thome/code/fhir-profiling/mtb-template-migration/input/fsh/profiles/NGS-Bericht/mii-vs-mtb-msi.fsh
  Line: 9
error Value $LNC does not resolve as alias, values beginning with "$" must resolve
  File: /Users/thome/code/fhir-profiling/mtb-template-migration/input/fsh/profiles/NGS-Bericht/mii-vs-mtb-msi.fsh
  Line: 10
error Value $LNC does not resolve as alias, values beginning with "$" must resolve
  File: /Users/thome/code/fhir-profiling/mtb-template-migration/input/fsh/profiles/NGS-Bericht/mii-vs-mtb-msi.fsh
  Line: 12
error Value $LNC does not resolve as alias, values beginning with "$" must resolve
  File: /Users/thome/code/fhir-profiling/mtb-template-migration/input/fsh/profiles/NGS-Bericht/mii-vs-mtb-msi.fsh
  Line: 13
info  Imported 112 definitions and 191 instances.
info  Loaded virtual package sushi-r5forR4#1.0.0 with 7 resources
info  Resolved hl7.fhir.uv.tools.r4#latest to concrete version 1.1.2
info  Loaded hl7.fhir.uv.tools.r4#1.1.2 with 119 resources
info  Loaded hl7.terminology.r4#7.3.0 with 4176 resources
info  Loaded de.basisprofil.r4#1.5.4 with 168 resources
info  Attempting to download de.medizininformatikinitiative.kerndatensatz.base#2026.0.0 from https://packages.fhir.org/de.medizininformatikinitiative.kerndatensatz.base/2026.0.0
info  Downloaded de.medizininformatikinitiative.kerndatensatz.base#2026.0.0
info  Cached de.medizininformatikinitiative.kerndatensatz.base#2026.0.0 to /Users/thome/.fhir/packages/de.medizininformatikinitiative.kerndatensatz.base#2026.0.0
info  Loaded de.medizininformatikinitiative.kerndatensatz.base#2026.0.0 with 37 resources
info  Attempting to download de.medizininformatikinitiative.kerndatensatz.biobank#2026.0.0 from https://packages.fhir.org/de.medizininformatikinitiative.kerndatensatz.biobank/2026.0.0
info  Downloaded de.medizininformatikinitiative.kerndatensatz.biobank#2026.0.0
info  Cached de.medizininformatikinitiative.kerndatensatz.biobank#2026.0.0 to /Users/thome/.fhir/packages/de.medizininformatikinitiative.kerndatensatz.biobank#2026.0.0
info  Loaded de.medizininformatikinitiative.kerndatensatz.biobank#2026.0.0 with 42 resources
info  Attempting to download de.medizininformatikinitiative.kerndatensatz.consent#2026.0.0 from https://packages.fhir.org/de.medizininformatikinitiative.kerndatensatz.consent/2026.0.0
info  Downloaded de.medizininformatikinitiative.kerndatensatz.consent#2026.0.0
info  Cached de.medizininformatikinitiative.kerndatensatz.consent#2026.0.0 to /Users/thome/.fhir/packages/de.medizininformatikinitiative.kerndatensatz.consent#2026.0.0
info  Loaded de.medizininformatikinitiative.kerndatensatz.consent#2026.0.0 with 16 resources
info  Attempting to download de.medizininformatikinitiative.kerndatensatz.medikation#2026.0.0 from https://packages.fhir.org/de.medizininformatikinitiative.kerndatensatz.medikation/2026.0.0
info  Downloaded de.medizininformatikinitiative.kerndatensatz.medikation#2026.0.0
info  Cached de.medizininformatikinitiative.kerndatensatz.medikation#2026.0.0 to /Users/thome/.fhir/packages/de.medizininformatikinitiative.kerndatensatz.medikation#2026.0.0
info  Loaded de.medizininformatikinitiative.kerndatensatz.medikation#2026.0.0 with 16 resources
info  Loaded de.medizininformatikinitiative.kerndatensatz.meta#2026.0.0 with 173 resources
info  Loaded de.medizininformatikinitiative.kerndatensatz.molgen#2026.0.4 with 33 resources
info  Loaded de.medizininformatikinitiative.kerndatensatz.onkologie#2026.0.3 with 286 resources
info  Attempting to download de.medizininformatikinitiative.kerndatensatz.patho#2026.0.0 from https://packages.fhir.org/de.medizininformatikinitiative.kerndatensatz.patho/2026.0.0
info  Downloaded de.medizininformatikinitiative.kerndatensatz.patho#2026.0.0
info  Cached de.medizininformatikinitiative.kerndatensatz.patho#2026.0.0 to /Users/thome/.fhir/packages/de.medizininformatikinitiative.kerndatensatz.patho#2026.0.0
info  Loaded de.medizininformatikinitiative.kerndatensatz.patho#2026.0.0 with 30 resources
info  Attempting to download de.medizininformatikinitiative.kerndatensatz.studie#2026.0.2 from https://packages.fhir.org/de.medizininformatikinitiative.kerndatensatz.studie/2026.0.2
info  Downloaded de.medizininformatikinitiative.kerndatensatz.studie#2026.0.2
info  Cached de.medizininformatikinitiative.kerndatensatz.studie#2026.0.2 to /Users/thome/.fhir/packages/de.medizininformatikinitiative.kerndatensatz.studie#2026.0.2
info  Loaded de.medizininformatikinitiative.kerndatensatz.studie#2026.0.2 with 45 resources
info  Loaded hl7.fhir.uv.genomics-reporting#3.0.0 with 93 resources
info  Loaded hl7.fhir.uv.crmi#2.0.0 with 123 resources
info  Loaded hl7.fhir.uv.xver-r5.r4#0.1.0 with 4707 resources
info  Loaded hl7.fhir.r4.core#4.0.1 with 4581 resources
info  Loaded hl7.fhir.uv.extensions.r4#5.3.0 with 885 resources
info  Found 1 non-JSON / non-XML file(s) in directory: /Users/thome/code/fhir-profiling/mtb-template-migration/input/resources. Only resource files with JSON or XML extensions are supported. To see the skipped files in the logs, use debug logging.
info  Loaded virtual package sushi-local#LOCAL with 1 resources
info  Converting FSH to FHIR resources...
error Resolved value "$SCT" is not a valid URI.
  File: /Users/thome/code/fhir-profiling/mtb-template-migration/input/fsh/profiles/Behandlungsepisode/mii-pr-mtb-behandlungsepisode.fsh
  Line: 54
error Resolved value "$SCT" is not a valid URI.
  File: /Users/thome/code/fhir-profiling/mtb-template-migration/input/fsh/profiles/Behandlungsepisode/mii-pr-mtb-behandlungsepisode.fsh
  Line: 65
error Resolved value "$SCT" is not a valid URI.
  File: /Users/thome/code/fhir-profiling/mtb-template-migration/input/fsh/profiles/Behandlungsepisode/mii-pr-mtb-behandlungsepisode.fsh
  Line: 77
error Resolved value "$LNC" is not a valid URI.
  File: /Users/thome/code/fhir-profiling/mtb-template-migration/input/fsh/profiles/Behandlungsepisode/mii-pr-mtb-behandlungsepisode.fsh
  Line: 89
error Resolved value "$LNC" is not a valid URI.
  File: /Users/thome/code/fhir-profiling/mtb-template-migration/input/fsh/profiles/Behandlungsepisode/mii-pr-mtb-behandlungsepisode.fsh
  Line: 100
error Cannot assign Instance at path extension[Zulassungsstatus].valueCodeableConcept.coding.system to element of type uri. Definition not found for Instance: $mii-cs-mtb-zulassungsstatus.
  File: /Users/thome/code/fhir-profiling/mtb-template-migration/input/fsh/profiles/Behandlungsepisode/mii-ex-mtb-leitlinie-dokumentation.fsh
  Line: 21
error Cannot assign Instance at path valueCoding.system to element of type uri. Definition not found for Instance: $mii-cs-mtb-leitlinienbehandlung-status.
  File: /Users/thome/code/fhir-profiling/mtb-template-migration/input/fsh/profiles/Behandlungsepisode/mii-ex-mtb-leitlinienbehandlung-status.fsh
  Line: 14
error Resolved value "$LNC" is not a valid URI.
  File: /Users/thome/code/fhir-profiling/mtb-template-migration/input/fsh/profiles/Behandlungsepisode/mii-pr-mtb-consent-given.fsh
  Line: 11
error Cannot assign Instance at path valueCodeableConcept.coding[SCT].system to element of type uri. Definition not found for Instance: $SCT.
  File: /Users/thome/code/fhir-profiling/mtb-template-migration/input/fsh/profiles/Behandlungsepisode/mii-pr-mtb-consent-given.fsh
  Line: 49
error Resolved value "$SCT" is not a valid URI.
  File: /Users/thome/code/fhir-profiling/mtb-template-migration/input/fsh/profiles/Behandlungsepisode/mii-pr-mtb-diagnose.fsh
  Line: 26
error Resolved value "$SCT" is not a valid URI.
  File: /Users/thome/code/fhir-profiling/mtb-template-migration/input/fsh/profiles/Behandlungsepisode/mii-pr-mtb-diagnose.fsh
  Line: 39
error Resolved value "$NCIT" is not a valid URI.
  File: /Users/thome/code/fhir-profiling/mtb-template-migration/input/fsh/profiles/Behandlungsepisode/mii-pr-mtb-diagnose.fsh
  Line: 54
error Resolved value "$SCT" is not a valid URI.
  File: /Users/thome/code/fhir-profiling/mtb-template-migration/input/fsh/profiles/Behandlungsepisode/mii-pr-mtb-diagnose.fsh
  Line: 68
error Resolved value "$SCT" is not a valid URI.
  File: /Users/thome/code/fhir-profiling/mtb-template-migration/input/fsh/profiles/Behandlungsepisode/mii-pr-mtb-oncotree.fsh
  Line: 10
error Cannot assign Instance at path valueCodeableConcept.coding.system to element of type uri. Definition not found for Instance: $OT.
  File: /Users/thome/code/fhir-profiling/mtb-template-migration/input/fsh/profiles/Behandlungsepisode/mii-pr-mtb-oncotree.fsh
  Line: 33 - 34
error Cannot assign Instance at path statusReason.coding[Therapiestatusgrund].system to element of type uri. Definition not found for Instance: $mii-cs-mtb-therapiestatusgrund.
  File: /Users/thome/code/fhir-profiling/mtb-template-migration/input/fsh/profiles/Behandlungsepisode/mii-pr-mtb-systemische-vortherapie.fsh
  Line: 49
error Resolved value "$SCT" is not a valid URI.
  File: /Users/thome/code/fhir-profiling/mtb-template-migration/input/fsh/profiles/Behandlungsepisode/mii-pr-mtb-tumorausbreitung.fsh
  Line: 20
error Resolved value "$SCT" is not a valid URI.
  File: /Users/thome/code/fhir-profiling/mtb-template-migration/input/fsh/profiles/Behandlungsepisode/mii-pr-mtb-tumorausbreitung.fsh
  Line: 24
error Resolved value "$SCT" is not a valid URI.
  File: /Users/thome/code/fhir-profiling/mtb-template-migration/input/fsh/profiles/Behandlungsepisode/mii-pr-mtb-tumorausbreitung.fsh
  Line: 29
error Cannot assign Instance at path valueCodeableConcept.coding[Tumorausbreitung].system to element of type uri. Definition not found for Instance: $SCT.
  File: /Users/thome/code/fhir-profiling/mtb-template-migration/input/fsh/profiles/Behandlungsepisode/mii-pr-mtb-tumorausbreitung.fsh
  Line: 68
error Resolved value "$SCT" is not a valid URI.
  File: /Users/thome/code/fhir-profiling/mtb-template-migration/input/fsh/profiles/Behandlungsepisode/mii-pr-mtb-who-grad-tumor-zns.fsh
  Line: 11
error Cannot assign Instance at path valueCodeableConcept.coding[SCT].system to element of type uri. Definition not found for Instance: $SCT.
  File: /Users/thome/code/fhir-profiling/mtb-template-migration/input/fsh/profiles/Behandlungsepisode/mii-pr-mtb-who-grad-tumor-zns.fsh
  Line: 45
error Resolved value "$SCT" is not a valid URI.
  File: /Users/thome/code/fhir-profiling/mtb-template-migration/input/fsh/profiles/Beschluss-Therapieplan/mii-pr-mtb-histologie-evaluation-auftrag.fsh
  Line: 25
error Resolved value "$SCT" is not a valid URI.
  File: /Users/thome/code/fhir-profiling/mtb-template-migration/input/fsh/profiles/Beschluss-Therapieplan/mii-pr-mtb-humangenetische-beratung-auftrag.fsh
  Line: 24
error Resolved value "$SCT" is not a valid URI.
  File: /Users/thome/code/fhir-profiling/mtb-template-migration/input/fsh/profiles/Beschluss-Therapieplan/mii-pr-mtb-rebiopsie-auftrag.fsh
  Line: 24
error Resolved value "$SCT" is not a valid URI.
  File: /Users/thome/code/fhir-profiling/mtb-template-migration/input/fsh/profiles/Beschluss-Therapieplan/mii-pr-mtb-studieneinschluss-anfrage.fsh
  Line: 31
error Resolved value "$SCT" is not a valid URI.
  File: /Users/thome/code/fhir-profiling/mtb-template-migration/input/fsh/profiles/Beschluss-Therapieplan/mii-pr-mtb-studieneinschluss-anfrage.fsh
  Line: 36
error Cannot assign Instance at path valueCodeableConcept.coding[Evidenzgrad].system to element of type uri. Definition not found for Instance: $mii-cs-mtb-empfehlung-evidenzgrad.
  File: /Users/thome/code/fhir-profiling/mtb-template-migration/input/fsh/profiles/Beschluss-Therapieplan/mii-ex-mtb-empfehlung-evidenzgraduierung.fsh
  Line: 33
error Cannot assign Instance at path valueCodeableConcept.coding[Zusatzverweis].system to element of type uri. Definition not found for Instance: $mii-cs-mtb-empfehlung-evidenzgrad-zusatzverweis.
  File: /Users/thome/code/fhir-profiling/mtb-template-migration/input/fsh/profiles/Beschluss-Therapieplan/mii-ex-mtb-empfehlung-evidenzgraduierung.fsh
  Line: 43
error Resolved value "$fhir-observation-category" is not a valid URI.
  File: /Users/thome/code/fhir-profiling/mtb-template-migration/input/fsh/profiles/Beschluss-Therapieplan/mii-pr-mtb-tumorzellgehalt.fsh
  Line: 9
error Resolved value "$LNC" is not a valid URI.
  File: /Users/thome/code/fhir-profiling/mtb-template-migration/input/fsh/profiles/Beschluss-Therapieplan/mii-pr-mtb-tumorzellgehalt.fsh
  Line: 12
error Cannot assign Instance at path valueQuantity.system to element of type uri. Definition not found for Instance: $UCUM.
  File: /Users/thome/code/fhir-profiling/mtb-template-migration/input/fsh/profiles/Beschluss-Therapieplan/mii-pr-mtb-tumorzellgehalt.fsh
  Line: 18
error Resolved value "$process-priority" is not a valid URI.
  File: /Users/thome/code/fhir-profiling/mtb-template-migration/input/fsh/profiles/Follow-Up/Kostenuebernahme/mii-pr-mtb-antrag-kostenuebernahme.fsh
  Line: 55
error Cannot assign Instance at path related.relationship.coding.system to element of type uri. Definition not found for Instance: $mii-cs-mtb-antrag-kostenuebernahme-antragsstadium.
  File: /Users/thome/code/fhir-profiling/mtb-template-migration/input/fsh/profiles/Follow-Up/Kostenuebernahme/mii-pr-mtb-antrag-kostenuebernahme.fsh
  Line: 153
error Cannot assign Instance at path valueCodeableConcept.coding.system to element of type uri. Definition not found for Instance: $mii-cs-mtb-antwort-kostenuebernahme-entscheidung.
  File: /Users/thome/code/fhir-profiling/mtb-template-migration/input/fsh/profiles/Follow-Up/Kostenuebernahme/mii-ex-mtb-antwort-kostenuebernahme-entscheidung.fsh
  Line: 18
error Cannot assign Instance at path valueCodeableConcept.coding.system to element of type uri. Definition not found for Instance: $mii-cs-mtb-antwort-kostenuebernahme-ablehnungsgrund.
  File: /Users/thome/code/fhir-profiling/mtb-template-migration/input/fsh/profiles/Follow-Up/Kostenuebernahme/mii-ex-mtb-antwort-kostenuebernahme-ablehnungsgrund.fsh
  Line: 17
error Cannot assign Instance at path valueCodeableConcept.coding[oBDS].system to element of type uri. Definition not found for Instance: $mii-cs-onko-verlauf-gesamtbeurteilung.
  File: /Users/thome/code/fhir-profiling/mtb-template-migration/input/fsh/profiles/Follow-Up/Systemtherapie/mii-pr-mtb-response-befund.fsh
  Line: 45
error Cannot assign Instance at path valueCodeableConcept.coding[MTB].system to element of type uri. Definition not found for Instance: $mii-cs-mtb-response-befund-beurteilung.
  File: /Users/thome/code/fhir-profiling/mtb-template-migration/input/fsh/profiles/Follow-Up/Systemtherapie/mii-pr-mtb-response-befund.fsh
  Line: 51
error Cannot assign Instance at path dosage.doseAndRate.type.coding.system to element of type uri. Definition not found for Instance: $mii-cs-mtb-dosisdichte.
  File: /Users/thome/code/fhir-profiling/mtb-template-migration/input/fsh/profiles/Follow-Up/Systemtherapie/mii-pr-mtb-systemische-therapie-medication-statement.fsh
  Line: 85
error Cannot assign Instance at path statusReason.coding.system to element of type uri. Definition not found for Instance: $mii-cs-mtb-therapiestatusgrund.
  File: /Users/thome/code/fhir-profiling/mtb-template-migration/input/fsh/profiles/Follow-Up/Systemtherapie/mii-pr-mtb-systemische-therapie.fsh
  Line: 31
error Cannot create causedBy extension; unable to locate extension definition for: $fhir-ext-caused-by.
  File: /Users/thome/code/fhir-profiling/mtb-template-migration/input/fsh/profiles/Follow-Up/Systemtherapie/mii-pr-mtb-systemische-therapie.fsh
  Line: 51 - 52
error No element found at path extension[causedBy] for CardRule in MII_PR_MTB_Systemische_Therapie, skipping rule
  File: /Users/thome/code/fhir-profiling/mtb-template-migration/input/fsh/profiles/Follow-Up/Systemtherapie/mii-pr-mtb-systemische-therapie.fsh
  Line: 51 - 52
error No element found at path extension[causedBy] for FlagRule in MII_PR_MTB_Systemische_Therapie, skipping rule
  File: /Users/thome/code/fhir-profiling/mtb-template-migration/input/fsh/profiles/Follow-Up/Systemtherapie/mii-pr-mtb-systemische-therapie.fsh
  Line: 51 - 52
error No element found at path extension[causedBy] for CaretValueRule in MII_PR_MTB_Systemische_Therapie, skipping rule
  File: /Users/thome/code/fhir-profiling/mtb-template-migration/input/fsh/profiles/Follow-Up/Systemtherapie/mii-pr-mtb-systemische-therapie.fsh
  Line: 53
error No element found at path extension[causedBy] for CaretValueRule in MII_PR_MTB_Systemische_Therapie, skipping rule
  File: /Users/thome/code/fhir-profiling/mtb-template-migration/input/fsh/profiles/Follow-Up/Systemtherapie/mii-pr-mtb-systemische-therapie.fsh
  Line: 54
error No element found at path extension[causedBy] for CaretValueRule in MII_PR_MTB_Systemische_Therapie, skipping rule
  File: /Users/thome/code/fhir-profiling/mtb-template-migration/input/fsh/common/Translation.fsh
  Line: 2
  Applied in File: /Users/thome/code/fhir-profiling/mtb-template-migration/input/fsh/profiles/Follow-Up/Systemtherapie/mii-pr-mtb-systemische-therapie.fsh
  Applied on Line: 55
error No element found at path extension[causedBy] for CaretValueRule in MII_PR_MTB_Systemische_Therapie, skipping rule
  File: /Users/thome/code/fhir-profiling/mtb-template-migration/input/fsh/common/Translation.fsh
  Line: 3
  Applied in File: /Users/thome/code/fhir-profiling/mtb-template-migration/input/fsh/profiles/Follow-Up/Systemtherapie/mii-pr-mtb-systemische-therapie.fsh
  Applied on Line: 55
error No element found at path extension[causedBy] for CaretValueRule in MII_PR_MTB_Systemische_Therapie, skipping rule
  File: /Users/thome/code/fhir-profiling/mtb-template-migration/input/fsh/common/Translation.fsh
  Line: 4
  Applied in File: /Users/thome/code/fhir-profiling/mtb-template-migration/input/fsh/profiles/Follow-Up/Systemtherapie/mii-pr-mtb-systemische-therapie.fsh
  Applied on Line: 55
error No element found at path extension[causedBy] for CaretValueRule in MII_PR_MTB_Systemische_Therapie, skipping rule
  File: /Users/thome/code/fhir-profiling/mtb-template-migration/input/fsh/common/Translation.fsh
  Line: 5
  Applied in File: /Users/thome/code/fhir-profiling/mtb-template-migration/input/fsh/profiles/Follow-Up/Systemtherapie/mii-pr-mtb-systemische-therapie.fsh
  Applied on Line: 55
error No element found at path extension[causedBy] for CaretValueRule in MII_PR_MTB_Systemische_Therapie, skipping rule
  File: /Users/thome/code/fhir-profiling/mtb-template-migration/input/fsh/common/Translation.fsh
  Line: 6
  Applied in File: /Users/thome/code/fhir-profiling/mtb-template-migration/input/fsh/profiles/Follow-Up/Systemtherapie/mii-pr-mtb-systemische-therapie.fsh
  Applied on Line: 55
error No element found at path extension[causedBy] for CaretValueRule in MII_PR_MTB_Systemische_Therapie, skipping rule
  File: /Users/thome/code/fhir-profiling/mtb-template-migration/input/fsh/common/Translation.fsh
  Line: 2
  Applied in File: /Users/thome/code/fhir-profiling/mtb-template-migration/input/fsh/profiles/Follow-Up/Systemtherapie/mii-pr-mtb-systemische-therapie.fsh
  Applied on Line: 56
error No element found at path extension[causedBy] for CaretValueRule in MII_PR_MTB_Systemische_Therapie, skipping rule
  File: /Users/thome/code/fhir-profiling/mtb-template-migration/input/fsh/common/Translation.fsh
  Line: 3
  Applied in File: /Users/thome/code/fhir-profiling/mtb-template-migration/input/fsh/profiles/Follow-Up/Systemtherapie/mii-pr-mtb-systemische-therapie.fsh
  Applied on Line: 56
error No element found at path extension[causedBy] for CaretValueRule in MII_PR_MTB_Systemische_Therapie, skipping rule
  File: /Users/thome/code/fhir-profiling/mtb-template-migration/input/fsh/common/Translation.fsh
  Line: 4
  Applied in File: /Users/thome/code/fhir-profiling/mtb-template-migration/input/fsh/profiles/Follow-Up/Systemtherapie/mii-pr-mtb-systemische-therapie.fsh
  Applied on Line: 56
error No element found at path extension[causedBy] for CaretValueRule in MII_PR_MTB_Systemische_Therapie, skipping rule
  File: /Users/thome/code/fhir-profiling/mtb-template-migration/input/fsh/common/Translation.fsh
  Line: 5
  Applied in File: /Users/thome/code/fhir-profiling/mtb-template-migration/input/fsh/profiles/Follow-Up/Systemtherapie/mii-pr-mtb-systemische-therapie.fsh
  Applied on Line: 56
error No element found at path extension[causedBy] for CaretValueRule in MII_PR_MTB_Systemische_Therapie, skipping rule
  File: /Users/thome/code/fhir-profiling/mtb-template-migration/input/fsh/common/Translation.fsh
  Line: 6
  Applied in File: /Users/thome/code/fhir-profiling/mtb-template-migration/input/fsh/profiles/Follow-Up/Systemtherapie/mii-pr-mtb-systemische-therapie.fsh
  Applied on Line: 56
error No element found at path extension[causedBy] for CaretValueRule in MII_PR_MTB_Systemische_Therapie, skipping rule
  File: /Users/thome/code/fhir-profiling/mtb-template-migration/input/fsh/common/Translation.fsh
  Line: 2
  Applied in File: /Users/thome/code/fhir-profiling/mtb-template-migration/input/fsh/profiles/Follow-Up/Systemtherapie/mii-pr-mtb-systemische-therapie.fsh
  Applied on Line: 57
error No element found at path extension[causedBy] for CaretValueRule in MII_PR_MTB_Systemische_Therapie, skipping rule
  File: /Users/thome/code/fhir-profiling/mtb-template-migration/input/fsh/common/Translation.fsh
  Line: 3
  Applied in File: /Users/thome/code/fhir-profiling/mtb-template-migration/input/fsh/profiles/Follow-Up/Systemtherapie/mii-pr-mtb-systemische-therapie.fsh
  Applied on Line: 57
error No element found at path extension[causedBy] for CaretValueRule in MII_PR_MTB_Systemische_Therapie, skipping rule
  File: /Users/thome/code/fhir-profiling/mtb-template-migration/input/fsh/common/Translation.fsh
  Line: 4
  Applied in File: /Users/thome/code/fhir-profiling/mtb-template-migration/input/fsh/profiles/Follow-Up/Systemtherapie/mii-pr-mtb-systemische-therapie.fsh
  Applied on Line: 57
error No element found at path extension[causedBy] for CaretValueRule in MII_PR_MTB_Systemische_Therapie, skipping rule
  File: /Users/thome/code/fhir-profiling/mtb-template-migration/input/fsh/common/Translation.fsh
  Line: 5
  Applied in File: /Users/thome/code/fhir-profiling/mtb-template-migration/input/fsh/profiles/Follow-Up/Systemtherapie/mii-pr-mtb-systemische-therapie.fsh
  Applied on Line: 57
error No element found at path extension[causedBy] for CaretValueRule in MII_PR_MTB_Systemische_Therapie, skipping rule
  File: /Users/thome/code/fhir-profiling/mtb-template-migration/input/fsh/common/Translation.fsh
  Line: 6
  Applied in File: /Users/thome/code/fhir-profiling/mtb-template-migration/input/fsh/profiles/Follow-Up/Systemtherapie/mii-pr-mtb-systemische-therapie.fsh
  Applied on Line: 57
error No element found at path extension[causedBy] for CaretValueRule in MII_PR_MTB_Systemische_Therapie, skipping rule
  File: /Users/thome/code/fhir-profiling/mtb-template-migration/input/fsh/common/Translation.fsh
  Line: 2
  Applied in File: /Users/thome/code/fhir-profiling/mtb-template-migration/input/fsh/profiles/Follow-Up/Systemtherapie/mii-pr-mtb-systemische-therapie.fsh
  Applied on Line: 58
error No element found at path extension[causedBy] for CaretValueRule in MII_PR_MTB_Systemische_Therapie, skipping rule
  File: /Users/thome/code/fhir-profiling/mtb-template-migration/input/fsh/common/Translation.fsh
  Line: 3
  Applied in File: /Users/thome/code/fhir-profiling/mtb-template-migration/input/fsh/profiles/Follow-Up/Systemtherapie/mii-pr-mtb-systemische-therapie.fsh
  Applied on Line: 58
error No element found at path extension[causedBy] for CaretValueRule in MII_PR_MTB_Systemische_Therapie, skipping rule
  File: /Users/thome/code/fhir-profiling/mtb-template-migration/input/fsh/common/Translation.fsh
  Line: 4
  Applied in File: /Users/thome/code/fhir-profiling/mtb-template-migration/input/fsh/profiles/Follow-Up/Systemtherapie/mii-pr-mtb-systemische-therapie.fsh
  Applied on Line: 58
error No element found at path extension[causedBy] for CaretValueRule in MII_PR_MTB_Systemische_Therapie, skipping rule
  File: /Users/thome/code/fhir-profiling/mtb-template-migration/input/fsh/common/Translation.fsh
  Line: 5
  Applied in File: /Users/thome/code/fhir-profiling/mtb-template-migration/input/fsh/profiles/Follow-Up/Systemtherapie/mii-pr-mtb-systemische-therapie.fsh
  Applied on Line: 58
error No element found at path extension[causedBy] for CaretValueRule in MII_PR_MTB_Systemische_Therapie, skipping rule
  File: /Users/thome/code/fhir-profiling/mtb-template-migration/input/fsh/common/Translation.fsh
  Line: 6
  Applied in File: /Users/thome/code/fhir-profiling/mtb-template-migration/input/fsh/profiles/Follow-Up/Systemtherapie/mii-pr-mtb-systemische-therapie.fsh
  Applied on Line: 58
error No element found at path extension[causedBy].value[x] for OnlyRule in MII_PR_MTB_Systemische_Therapie, skipping rule
  File: /Users/thome/code/fhir-profiling/mtb-template-migration/input/fsh/profiles/Follow-Up/Systemtherapie/mii-pr-mtb-systemische-therapie.fsh
  Line: 59
error No element found at path extension[causedBy].extension for CardRule in MII_PR_MTB_Systemische_Therapie, skipping rule
error Resolved value "$SCT" is not a valid URI.
  File: /Users/thome/code/fhir-profiling/mtb-template-migration/input/fsh/profiles/Follow-Up/mii-pr-mtb-follow-up-clinicalimpression.fsh
  Line: 11
error Cannot assign Instance at path investigation.code.coding.system to element of type uri. Definition not found for Instance: $mii-cs-mtb-follow-up-status.
  File: /Users/thome/code/fhir-profiling/mtb-template-migration/input/fsh/profiles/Follow-Up/mii-pr-mtb-follow-up-clinicalimpression.fsh
  Line: 26
error Cannot assign Instance at path statusReason.coding.system to element of type uri. Definition not found for Instance: $mii-cs-mtb-systemische-therapie-status-grund.
  File: /Users/thome/code/fhir-profiling/mtb-template-migration/input/fsh/profiles/Follow-Up/mii-pr-mtb-follow-up-clinicalimpression.fsh
  Line: 42
error Resolved value "$mii-vs-mtb-molekulare-biomarker" is not a valid URI.
  File: /Users/thome/code/fhir-profiling/mtb-template-migration/input/fsh/profiles/NGS-Bericht/mii-pr-mtb-molukularer-biomarker.fsh
  Line: 15
error Resolved value "$hl7-v3-observation-high-low-codes" is not a valid URI.
  File: /Users/thome/code/fhir-profiling/mtb-template-migration/input/fsh/profiles/NGS-Bericht/mii-pr-mtb-brcaness.fsh
  Line: 25
error Resolved value "$mii-cs-mtb-molekulare-biomarker" is not a valid URI.
  File: /Users/thome/code/fhir-profiling/mtb-template-migration/input/fsh/profiles/NGS-Bericht/mii-pr-mtb-brcaness.fsh
  Line: 27 - 28
error Resolved value "$LNC" is not a valid URI.
  File: /Users/thome/code/fhir-profiling/mtb-template-migration/input/fsh/profiles/NGS-Bericht/mii-pr-mtb-copy-number-variant.fsh
  Line: 28
error Resolved value "$LNC" is not a valid URI.
  File: /Users/thome/code/fhir-profiling/mtb-template-migration/input/fsh/profiles/NGS-Bericht/mii-pr-mtb-copy-number-variant.fsh
  Line: 35
error Resolved value "$LNC" is not a valid URI.
  File: /Users/thome/code/fhir-profiling/mtb-template-migration/input/fsh/profiles/NGS-Bericht/mii-pr-mtb-copy-number-variant.fsh
  Line: 46
error Resolved value "$mii-cs-mtb-molekulare-biomarker" is not a valid URI.
  File: /Users/thome/code/fhir-profiling/mtb-template-migration/input/fsh/profiles/NGS-Bericht/mii-pr-mtb-copy-number-variant.fsh
  Line: 57
error Resolved value "$mii-cs-mtb-molekulare-biomarker" is not a valid URI.
  File: /Users/thome/code/fhir-profiling/mtb-template-migration/input/fsh/profiles/NGS-Bericht/mii-pr-mtb-copy-number-variant.fsh
  Line: 68
error Resolved value "$mii-cs-mtb-molekulare-biomarker" is not a valid URI.
  File: /Users/thome/code/fhir-profiling/mtb-template-migration/input/fsh/profiles/NGS-Bericht/mii-pr-mtb-copy-number-variant.fsh
  Line: 79
error Resolved value "$LNC" is not a valid URI.
  File: /Users/thome/code/fhir-profiling/mtb-template-migration/input/fsh/profiles/NGS-Bericht/mii-pr-mtb-copy-number-variant.fsh
  Line: 90
error Resolved value "$mii-cs-mtb-molekulare-biomarker" is not a valid URI.
  File: /Users/thome/code/fhir-profiling/mtb-template-migration/input/fsh/profiles/NGS-Bericht/mii-pr-mtb-copy-number-variant.fsh
  Line: 101
error Resolved value "$bwhc-cnv-type" is not a valid URI.
  File: /Users/thome/code/fhir-profiling/mtb-template-migration/input/fsh/profiles/NGS-Bericht/mii-pr-mtb-copy-number-variant.fsh
  Line: 111
error Resolved value "$mii-cs-mtb-molekulare-biomarker" is not a valid URI.
  File: /Users/thome/code/fhir-profiling/mtb-template-migration/input/fsh/profiles/NGS-Bericht/mii-pr-mtb-copy-number-variant.fsh
  Line: 122
error Parent $mii-pr-molgen-diagnostische-implikation not found for MII_PR_MTB_Diagnostische_Implikation
  File: /Users/thome/code/fhir-profiling/mtb-template-migration/input/fsh/profiles/NGS-Bericht/mii-pr-mtb-diagnostische-implikation.fsh
  Line: 1 - 14
error Resolved value "$mii-cs-mtb-molekulare-biomarker" is not a valid URI.
  File: /Users/thome/code/fhir-profiling/mtb-template-migration/input/fsh/profiles/NGS-Bericht/mii-pr-mtb-dna-fusion.fsh
  Line: 32
error Resolved value "$mii-cs-mtb-molekulare-biomarker" is not a valid URI.
  File: /Users/thome/code/fhir-profiling/mtb-template-migration/input/fsh/profiles/NGS-Bericht/mii-pr-mtb-dna-fusion.fsh
  Line: 40
error Resolved value "$mii-cs-mtb-molekulare-biomarker" is not a valid URI.
  File: /Users/thome/code/fhir-profiling/mtb-template-migration/input/fsh/profiles/NGS-Bericht/mii-pr-mtb-dna-fusion.fsh
  Line: 48
error Resolved value "$mii-cs-mtb-molekulare-biomarker" is not a valid URI.
  File: /Users/thome/code/fhir-profiling/mtb-template-migration/input/fsh/profiles/NGS-Bericht/mii-pr-mtb-dna-fusion.fsh
  Line: 56
error Resolved value "$mii-cs-mtb-molekulare-biomarker" is not a valid URI.
  File: /Users/thome/code/fhir-profiling/mtb-template-migration/input/fsh/profiles/NGS-Bericht/mii-pr-mtb-dna-fusion.fsh
  Line: 64
error Resolved value "$mii-cs-mtb-molekulare-biomarker" is not a valid URI.
  File: /Users/thome/code/fhir-profiling/mtb-template-migration/input/fsh/profiles/NGS-Bericht/mii-pr-mtb-dna-fusion.fsh
  Line: 72
error Resolved value "$ENS" is not a valid URI.
  File: /Users/thome/code/fhir-profiling/mtb-template-migration/input/fsh/profiles/NGS-Bericht/mii-pr-mtb-einfache-variante.fsh
  Line: 41
error Resolved value "$LNC" is not a valid URI.
  File: /Users/thome/code/fhir-profiling/mtb-template-migration/input/fsh/profiles/NGS-Bericht/mii-pr-mtb-hrd-score.fsh
  Line: 13
error Resolved value "$hl7-v3-observation-high-low-codes" is not a valid URI.
  File: /Users/thome/code/fhir-profiling/mtb-template-migration/input/fsh/profiles/NGS-Bericht/mii-pr-mtb-hrd-score.fsh
  Line: 28
error Resolved value "$NCIT" is not a valid URI.
  File: /Users/thome/code/fhir-profiling/mtb-template-migration/input/fsh/profiles/NGS-Bericht/mii-pr-mtb-hrd-score.fsh
  Line: 40
error Resolved value "$NCIT" is not a valid URI.
  File: /Users/thome/code/fhir-profiling/mtb-template-migration/input/fsh/profiles/NGS-Bericht/mii-pr-mtb-hrd-score.fsh
  Line: 46
error Resolved value "$NCIT" is not a valid URI.
  File: /Users/thome/code/fhir-profiling/mtb-template-migration/input/fsh/profiles/NGS-Bericht/mii-pr-mtb-hrd-score.fsh
  Line: 52
error Resolved value "$SCT" is not a valid URI.
  File: /Users/thome/code/fhir-profiling/mtb-template-migration/input/fsh/profiles/NGS-Bericht/mii-pr-mtb-immunohistochemistry.fsh
  Line: 28 - 29
error Resolved value "$LNC" is not a valid URI.
  File: /Users/thome/code/fhir-profiling/mtb-template-migration/input/fsh/profiles/NGS-Bericht/mii-pr-mtb-immunohistochemistry-her2.fsh
  Line: 9
error Cannot assign Instance at path valueCodeableConcept.coding.system to element of type uri. Definition not found for Instance: $LNC.
  File: /Users/thome/code/fhir-profiling/mtb-template-migration/input/fsh/profiles/NGS-Bericht/mii-pr-mtb-immunohistochemistry-her2.fsh
  Line: 10
error Resolved value "$HGNC" is not a valid URI.
  File: /Users/thome/code/fhir-profiling/mtb-template-migration/input/fsh/profiles/NGS-Bericht/mii-pr-mtb-immunohistochemistry-her2.fsh
  Line: 15
error Resolved value "$SCT" is not a valid URI.
  File: /Users/thome/code/fhir-profiling/mtb-template-migration/input/fsh/profiles/NGS-Bericht/mii-pr-mtb-insituhybridization.fsh
  Line: 46 - 47
error Resolved value "$LNC" is not a valid URI.
  File: /Users/thome/code/fhir-profiling/mtb-template-migration/input/fsh/profiles/NGS-Bericht/mii-pr-mtb-immunohistochemistry-her2.fsh
  Line: 30
error Resolved value "$SCT" is not a valid URI.
  File: /Users/thome/code/fhir-profiling/mtb-template-migration/input/fsh/profiles/NGS-Bericht/mii-pr-mtb-immunohistochemistry-her2.fsh
  Line: 33
error Resolved value "$LNC" is not a valid URI.
  File: /Users/thome/code/fhir-profiling/mtb-template-migration/input/fsh/profiles/NGS-Bericht/mii-pr-mtb-immunohistochemistry-her2.fsh
  Line: 50
error Cannot assign Instance at path component[target-signals].valueQuantity.system to element of type uri. Definition not found for Instance: $UCUM.
  File: /Users/thome/code/fhir-profiling/mtb-template-migration/input/fsh/profiles/NGS-Bericht/mii-pr-mtb-immunohistochemistry-her2.fsh
  Line: 53
error Resolved value "$LNC" is not a valid URI.
  File: /Users/thome/code/fhir-profiling/mtb-template-migration/input/fsh/profiles/NGS-Bericht/mii-pr-mtb-immunohistochemistry-her2.fsh
  Line: 58
error Cannot assign Instance at path component[reference-signals].valueQuantity.system to element of type uri. Definition not found for Instance: $UCUM.
  File: /Users/thome/code/fhir-profiling/mtb-template-migration/input/fsh/profiles/NGS-Bericht/mii-pr-mtb-immunohistochemistry-her2.fsh
  Line: 61
error Resolved value "$LNC" is not a valid URI.
  File: /Users/thome/code/fhir-profiling/mtb-template-migration/input/fsh/profiles/NGS-Bericht/mii-pr-mtb-immunohistochemistry-her2.fsh
  Line: 66
error Cannot assign Instance at path component[cells-counted].valueQuantity.system to element of type uri. Definition not found for Instance: $UCUM.
  File: /Users/thome/code/fhir-profiling/mtb-template-migration/input/fsh/profiles/NGS-Bericht/mii-pr-mtb-immunohistochemistry-her2.fsh
  Line: 69
error Resolved value "$HGNC" is not a valid URI.
  File: /Users/thome/code/fhir-profiling/mtb-template-migration/input/fsh/profiles/NGS-Bericht/mii-pr-mtb-immunohistochemistry-her2.fsh
  Line: 72
error Resolved value "$LNC" is not a valid URI.
  File: /Users/thome/code/fhir-profiling/mtb-template-migration/input/fsh/profiles/NGS-Bericht/mii-pr-mtb-immunohistochemistry-her2.fsh
  Line: 93
error Cannot assign Instance at path valueCodeableConcept.coding.system to element of type uri. Definition not found for Instance: $LNC.
  File: /Users/thome/code/fhir-profiling/mtb-template-migration/input/fsh/profiles/NGS-Bericht/mii-pr-mtb-immunohistochemistry-her2.fsh
  Line: 94
error Resolved value "$HGNC" is not a valid URI.
  File: /Users/thome/code/fhir-profiling/mtb-template-migration/input/fsh/profiles/NGS-Bericht/mii-pr-mtb-immunohistochemistry-her2.fsh
  Line: 96 - 97
error Resolved value "$LNC" is not a valid URI.
  File: /Users/thome/code/fhir-profiling/mtb-template-migration/input/fsh/profiles/NGS-Bericht/mii-pr-mtb-immunohistochemistry-msi.fsh
  Line: 19
error Resolved value "$NCIT" is not a valid URI.
  File: /Users/thome/code/fhir-profiling/mtb-template-migration/input/fsh/profiles/NGS-Bericht/mii-pr-mtb-immunohistochemistry-pdl1.fsh
  Line: 38
error Resolved value "$NCIT" is not a valid URI.
  File: /Users/thome/code/fhir-profiling/mtb-template-migration/input/fsh/profiles/NGS-Bericht/mii-pr-mtb-immunohistochemistry-pdl1.fsh
  Line: 49
error Resolved value "$NCIT" is not a valid URI.
  File: /Users/thome/code/fhir-profiling/mtb-template-migration/input/fsh/profiles/NGS-Bericht/mii-pr-mtb-immunohistochemistry-pdl1.fsh
  Line: 62
error Resolved value "$LNC" is not a valid URI.
  File: /Users/thome/code/fhir-profiling/mtb-template-migration/input/fsh/profiles/NGS-Bericht/mii-pr-mtb-immunohistochemistry-pdl1.fsh
  Line: 75
error Resolved value "$mii-vs-mtb-mmr-proficiency" is not a valid URI.
  File: /Users/thome/code/fhir-profiling/mtb-template-migration/input/fsh/profiles/NGS-Bericht/mii-pr-mtb-immunohistochemistry_mmr.fsh
  Line: 22
error Resolved value "$LNC" is not a valid URI.
  File: /Users/thome/code/fhir-profiling/mtb-template-migration/input/fsh/profiles/NGS-Bericht/mii-pr-mtb-immunohistochemistry_mmr.fsh
  Line: 40 - 41
error Resolved value "$mii-vs-mtb-mmr-expression" is not a valid URI.
  File: /Users/thome/code/fhir-profiling/mtb-template-migration/input/fsh/profiles/NGS-Bericht/mii-pr-mtb-immunohistochemistry_mmr.fsh
  Line: 42
error Resolved value "$LNC" is not a valid URI.
  File: /Users/thome/code/fhir-profiling/mtb-template-migration/input/fsh/profiles/NGS-Bericht/mii-pr-mtb-immunohistochemistry_mmr.fsh
  Line: 43
error Resolved value "$mii-vs-mtb-mmr-expression" is not a valid URI.
  File: /Users/thome/code/fhir-profiling/mtb-template-migration/input/fsh/profiles/NGS-Bericht/mii-pr-mtb-immunohistochemistry_mmr.fsh
  Line: 44
error Resolved value "$LNC" is not a valid URI.
  File: /Users/thome/code/fhir-profiling/mtb-template-migration/input/fsh/profiles/NGS-Bericht/mii-pr-mtb-immunohistochemistry_mmr.fsh
  Line: 45
error Resolved value "$mii-vs-mtb-mmr-expression" is not a valid URI.
  File: /Users/thome/code/fhir-profiling/mtb-template-migration/input/fsh/profiles/NGS-Bericht/mii-pr-mtb-immunohistochemistry_mmr.fsh
  Line: 46
error Resolved value "$LNC" is not a valid URI.
  File: /Users/thome/code/fhir-profiling/mtb-template-migration/input/fsh/profiles/NGS-Bericht/mii-pr-mtb-immunohistochemistry_mmr.fsh
  Line: 47
error Resolved value "$mii-vs-mtb-mmr-expression" is not a valid URI.
  File: /Users/thome/code/fhir-profiling/mtb-template-migration/input/fsh/profiles/NGS-Bericht/mii-pr-mtb-immunohistochemistry_mmr.fsh
  Line: 48
error Resolved value "$LNC" is not a valid URI.
  File: /Users/thome/code/fhir-profiling/mtb-template-migration/input/fsh/profiles/NGS-Bericht/mii-pr-mtb-immunohistochemistry_mmr.fsh
  Line: 49
error Resolved value "$mii-vs-mtb-mmr-expression" is not a valid URI.
  File: /Users/thome/code/fhir-profiling/mtb-template-migration/input/fsh/profiles/NGS-Bericht/mii-pr-mtb-immunohistochemistry_mmr.fsh
  Line: 50
error Resolved value "$LNC" is not a valid URI.
  File: /Users/thome/code/fhir-profiling/mtb-template-migration/input/fsh/profiles/NGS-Bericht/mii-pr-mtb-immunohistochemistry_mmr.fsh
  Line: 51
error Resolved value "$mii-vs-mtb-mmr-expression" is not a valid URI.
  File: /Users/thome/code/fhir-profiling/mtb-template-migration/input/fsh/profiles/NGS-Bericht/mii-pr-mtb-immunohistochemistry_mmr.fsh
  Line: 52
error Resolved value "$LNC" is not a valid URI.
  File: /Users/thome/code/fhir-profiling/mtb-template-migration/input/fsh/profiles/NGS-Bericht/mii-pr-mtb-molecular-pathology-report.fsh
  Line: 9
error Resolved value "$LNC" is not a valid URI.
  File: /Users/thome/code/fhir-profiling/mtb-template-migration/input/fsh/profiles/NGS-Bericht/mii-pr-mtb-mutationslast.fsh
  Line: 12
error Resolved value "$hl7-v3-observation-high-low-codes" is not a valid URI.
  File: /Users/thome/code/fhir-profiling/mtb-template-migration/input/fsh/profiles/NGS-Bericht/mii-pr-mtb-mutationslast.fsh
  Line: 21
error Resolved value "$NCIT" is not a valid URI.
  File: /Users/thome/code/fhir-profiling/mtb-template-migration/input/fsh/profiles/NGS-Bericht/mii-pr-mtb-ploidie.fsh
  Line: 16
error Resolved value "$hl7-v3-observation-high-low-codes" is not a valid URI.
  File: /Users/thome/code/fhir-profiling/mtb-template-migration/input/fsh/profiles/NGS-Bericht/mii-pr-mtb-ploidie.fsh
  Line: 26
error Resolved value "$mii-cs-mtb-molekulare-biomarker" is not a valid URI.
  File: /Users/thome/code/fhir-profiling/mtb-template-migration/input/fsh/profiles/NGS-Bericht/mii-pr-mtb-rna-fusion.fsh
  Line: 43
error Resolved value "$mii-cs-mtb-molekulare-biomarker" is not a valid URI.
  File: /Users/thome/code/fhir-profiling/mtb-template-migration/input/fsh/profiles/NGS-Bericht/mii-pr-mtb-rna-fusion.fsh
  Line: 50
error Resolved value "$mii-cs-mtb-molekulare-biomarker" is not a valid URI.
  File: /Users/thome/code/fhir-profiling/mtb-template-migration/input/fsh/profiles/NGS-Bericht/mii-pr-mtb-rna-fusion.fsh
  Line: 57
error Resolved value "$mii-cs-mtb-molekulare-biomarker" is not a valid URI.
  File: /Users/thome/code/fhir-profiling/mtb-template-migration/input/fsh/profiles/NGS-Bericht/mii-pr-mtb-rna-fusion.fsh
  Line: 64
error Resolved value "$mii-cs-mtb-molekulare-biomarker" is not a valid URI.
  File: /Users/thome/code/fhir-profiling/mtb-template-migration/input/fsh/profiles/NGS-Bericht/mii-pr-mtb-rna-fusion.fsh
  Line: 71
error Resolved value "$mii-cs-mtb-molekulare-biomarker" is not a valid URI.
  File: /Users/thome/code/fhir-profiling/mtb-template-migration/input/fsh/profiles/NGS-Bericht/mii-pr-mtb-rna-fusion.fsh
  Line: 78
error Resolved value "$mii-cs-mtb-molekulare-biomarker" is not a valid URI.
  File: /Users/thome/code/fhir-profiling/mtb-template-migration/input/fsh/profiles/NGS-Bericht/mii-pr-mtb-rna-fusion.fsh
  Line: 85
error Resolved value "$mii-cs-mtb-molekulare-biomarker" is not a valid URI.
  File: /Users/thome/code/fhir-profiling/mtb-template-migration/input/fsh/profiles/NGS-Bericht/mii-pr-mtb-rna-fusion.fsh
  Line: 92
error Resolved value "$mii-cs-mtb-molekulare-biomarker" is not a valid URI.
  File: /Users/thome/code/fhir-profiling/mtb-template-migration/input/fsh/profiles/NGS-Bericht/mii-pr-mtb-rna-fusion.fsh
  Line: 99
error Resolved value "$mii-cs-mtb-molekulare-biomarker" is not a valid URI.
  File: /Users/thome/code/fhir-profiling/mtb-template-migration/input/fsh/profiles/NGS-Bericht/mii-pr-mtb-rna-fusion.fsh
  Line: 106
error Parent $mii-pr-molgen-therapeutische-implikation not found for MII_PR_MTB_Therapeutische_Implikation
  File: /Users/thome/code/fhir-profiling/mtb-template-migration/input/fsh/profiles/NGS-Bericht/mii-pr-mtb-therapeutische-implikation.fsh
  Line: 1 - 11
error Cannot assign Instance at path valueCodeableConcept.coding.system to element of type uri. Definition not found for Instance: $mii-cs-mtb-antrag-kostenuebernahme-antragsstadium.
  File: /Users/thome/code/fhir-profiling/mtb-template-migration/input/fsh/profiles/Follow-Up/Kostenuebernahme/mii-ex-mtb-antrag-kostenuebernahme-antragsstadium.fsh
  Line: 18
info  Converted 64 FHIR StructureDefinitions.
error Cannot find definition for Instance: $mii-cs-mtb-leitlinienbehandlung-status. Skipping rule.
  File: /Users/thome/code/fhir-profiling/mtb-template-migration/input/fsh/common/Meta.fsh
  Line: 10
  Applied in File: /Users/thome/code/fhir-profiling/mtb-template-migration/input/fsh/profiles/Behandlungsepisode/mii-cs-mtb-leitlinienbehandlung-status.fsh
  Applied on Line: 5
error Cannot find definition for Instance: $mii-cs-mtb-therapiestatusgrund. Skipping rule.
  File: /Users/thome/code/fhir-profiling/mtb-template-migration/input/fsh/common/Meta.fsh
  Line: 10
  Applied in File: /Users/thome/code/fhir-profiling/mtb-template-migration/input/fsh/profiles/Behandlungsepisode/mii-cs-mtb-therapiestatusgrund-mvgenomseq.fsh
  Applied on Line: 5
error Cannot find definition for Instance: $mii-cs-mtb-zulassungsstatus. Skipping rule.
  File: /Users/thome/code/fhir-profiling/mtb-template-migration/input/fsh/common/Meta.fsh
  Line: 10
  Applied in File: /Users/thome/code/fhir-profiling/mtb-template-migration/input/fsh/profiles/Behandlungsepisode/mii-cs-mtb-zulassungsstatus.fsh
  Applied on Line: 5
error Cannot find definition for Instance: $mii-cs-mtb-auftrag-begruendung. Skipping rule.
  File: /Users/thome/code/fhir-profiling/mtb-template-migration/input/fsh/common/Meta.fsh
  Line: 10
  Applied in File: /Users/thome/code/fhir-profiling/mtb-template-migration/input/fsh/profiles/Beschluss-Therapieplan/mii-cs-mtb-auftrag-begruendung.fsh
  Applied on Line: 5
error Cannot find definition for Instance: $mii-cs-mtb-bestimmungsmethode-tumorzellgehalt. Skipping rule.
  File: /Users/thome/code/fhir-profiling/mtb-template-migration/input/fsh/common/Meta.fsh
  Line: 10
  Applied in File: /Users/thome/code/fhir-profiling/mtb-template-migration/input/fsh/profiles/Beschluss-Therapieplan/mii-cs-mtb-bestimmungsmethode-tumorzellgehalt.fsh
  Applied on Line: 6
error Cannot find definition for Instance: $mii-cs-mtb-empfehlung-evidenzgrad-zusatzverweis. Skipping rule.
  File: /Users/thome/code/fhir-profiling/mtb-template-migration/input/fsh/common/Meta.fsh
  Line: 10
  Applied in File: /Users/thome/code/fhir-profiling/mtb-template-migration/input/fsh/profiles/Beschluss-Therapieplan/mii-cs-mtb-empfehlung-evidenzgrad-zusatzverweis.fsh
  Applied on Line: 5
error Cannot find definition for Instance: $mii-cs-mtb-empfehlung-evidenzgrad. Skipping rule.
  File: /Users/thome/code/fhir-profiling/mtb-template-migration/input/fsh/common/Meta.fsh
  Line: 10
  Applied in File: /Users/thome/code/fhir-profiling/mtb-template-migration/input/fsh/profiles/Beschluss-Therapieplan/mii-cs-mtb-empfehlung-evidenzgrad.fsh
  Applied on Line: 5
error Cannot find definition for Instance: $mii-cs-mtb-empfehlung-status-begruendung. Skipping rule.
  File: /Users/thome/code/fhir-profiling/mtb-template-migration/input/fsh/common/Meta.fsh
  Line: 10
  Applied in File: /Users/thome/code/fhir-profiling/mtb-template-migration/input/fsh/profiles/Beschluss-Therapieplan/mii-cs-mtb-empfehlung-status-begruendung.fsh
  Applied on Line: 5
error Cannot find definition for Instance: $mii-cs-mtb-antrag-kostenuebernahme-antragsstadium. Skipping rule.
  File: /Users/thome/code/fhir-profiling/mtb-template-migration/input/fsh/common/Meta.fsh
  Line: 10
  Applied in File: /Users/thome/code/fhir-profiling/mtb-template-migration/input/fsh/profiles/Follow-Up/Kostenuebernahme/mii-cs-mtb-antrag-kostenuebernahme-antragsstadium.fsh
  Applied on Line: 5
error Cannot find definition for Instance: $mii-cs-mtb-antwort-kostenuebernahme-entscheidung. Skipping rule.
  File: /Users/thome/code/fhir-profiling/mtb-template-migration/input/fsh/common/Meta.fsh
  Line: 10
  Applied in File: /Users/thome/code/fhir-profiling/mtb-template-migration/input/fsh/profiles/Follow-Up/Kostenuebernahme/mii-cs-mtb-antwort-kostenuebernahme-antragsstadium.fsh
  Applied on Line: 5
error Cannot find definition for Instance: $mii-cs-mtb-antwort-kostenuebernahme-ablehnungsgrund. Skipping rule.
  File: /Users/thome/code/fhir-profiling/mtb-template-migration/input/fsh/common/Meta.fsh
  Line: 10
  Applied in File: /Users/thome/code/fhir-profiling/mtb-template-migration/input/fsh/profiles/Follow-Up/Kostenuebernahme/mii-cs-mtb-antwort-kostenuebernahme-antragsstadium.fsh
  Applied on Line: 14
error Cannot find definition for Instance: $mii-cs-mtb-response-befund-beurteilungsmethode. Skipping rule.
  File: /Users/thome/code/fhir-profiling/mtb-template-migration/input/fsh/common/Meta.fsh
  Line: 10
  Applied in File: /Users/thome/code/fhir-profiling/mtb-template-migration/input/fsh/profiles/Follow-Up/Systemtherapie/mii-cs-mtb-beurteilungsmethode.fsh
  Applied on Line: 6
error Cannot find definition for Instance: $mii-cs-mtb-dosisdichte. Skipping rule.
  File: /Users/thome/code/fhir-profiling/mtb-template-migration/input/fsh/common/Meta.fsh
  Line: 10
  Applied in File: /Users/thome/code/fhir-profiling/mtb-template-migration/input/fsh/profiles/Follow-Up/Systemtherapie/mii-cs-mtb-dosisdichte.fsh
  Applied on Line: 5
error Cannot find definition for Instance: $mii-cs-mtb-response-befund-beurteilung. Skipping rule.
  File: /Users/thome/code/fhir-profiling/mtb-template-migration/input/fsh/common/Meta.fsh
  Line: 10
  Applied in File: /Users/thome/code/fhir-profiling/mtb-template-migration/input/fsh/profiles/Follow-Up/Systemtherapie/mii-cs-mtb-response-befund-beurteilung.fsh
  Applied on Line: 6
error Cannot find definition for Instance: $mii-cs-mtb-follow-up-status. Skipping rule.
  File: /Users/thome/code/fhir-profiling/mtb-template-migration/input/fsh/common/Meta.fsh
  Line: 10
  Applied in File: /Users/thome/code/fhir-profiling/mtb-template-migration/input/fsh/profiles/Follow-Up/mii-cs-mtb-follow-up-status.fsh
  Applied on Line: 6
error Cannot find definition for Instance: $mii-cs-mtb-genomicanalysis-devicefunction. Skipping rule.
  File: /Users/thome/code/fhir-profiling/mtb-template-migration/input/fsh/common/Meta.fsh
  Line: 10
  Applied in File: /Users/thome/code/fhir-profiling/mtb-template-migration/input/fsh/profiles/NGS-Bericht/mii-cs-mtb-genomic-analysis-device-function.fsh
  Applied on Line: 5
error Cannot find definition for Instance: $mii-cs-mtb-genomic-analysis-method-type. Skipping rule.
  File: /Users/thome/code/fhir-profiling/mtb-template-migration/input/fsh/common/Meta.fsh
  Line: 10
  Applied in File: /Users/thome/code/fhir-profiling/mtb-template-migration/input/fsh/profiles/NGS-Bericht/mii-cs-mtb-genomic-analysis-method-type.fsh
  Applied on Line: 5
error Cannot find definition for Instance: $mii-cs-mtb-molekulare-biomarker. Skipping rule.
  File: /Users/thome/code/fhir-profiling/mtb-template-migration/input/fsh/common/Meta.fsh
  Line: 10
  Applied in File: /Users/thome/code/fhir-profiling/mtb-template-migration/input/fsh/profiles/NGS-Bericht/mii-cs-mtb-molekulare-biomarker.fsh
  Applied on Line: 5
error Cannot find definition for Instance: $mii-cs-mtb-msi-method-type. Skipping rule.
  File: /Users/thome/code/fhir-profiling/mtb-template-migration/input/fsh/common/Meta.fsh
  Line: 10
  Applied in File: /Users/thome/code/fhir-profiling/mtb-template-migration/input/fsh/profiles/NGS-Bericht/mii-cs-mtb-msi-method-type.fsh
  Applied on Line: 5
info  Converted 19 FHIR CodeSystems.
error Cannot find definition for Instance: $mii-vs-mtb-leitlinienbehandlung-status. Skipping rule.
  File: /Users/thome/code/fhir-profiling/mtb-template-migration/input/fsh/common/Meta.fsh
  Line: 10
  Applied in File: /Users/thome/code/fhir-profiling/mtb-template-migration/input/fsh/profiles/Behandlungsepisode/mii-vs-mtb-leitlinienbehandlung-status.fsh
  Applied on Line: 5
error Cannot find definition for Instance: $mii-vs-mtb-oncotree. Skipping rule.
  File: /Users/thome/code/fhir-profiling/mtb-template-migration/input/fsh/common/Meta.fsh
  Line: 10
  Applied in File: /Users/thome/code/fhir-profiling/mtb-template-migration/input/fsh/profiles/Behandlungsepisode/mii-vs-mtb-oncotree.fsh
  Applied on Line: 5
error Resolved value "$OT" is not a valid URI.
  File: /Users/thome/code/fhir-profiling/mtb-template-migration/input/fsh/profiles/Behandlungsepisode/mii-vs-mtb-oncotree.fsh
  Line: 1 - 6
error Cannot find definition for Instance: $mii-vs-mtb-therapiestatusgrund. Skipping rule.
  File: /Users/thome/code/fhir-profiling/mtb-template-migration/input/fsh/common/Meta.fsh
  Line: 10
  Applied in File: /Users/thome/code/fhir-profiling/mtb-template-migration/input/fsh/profiles/Behandlungsepisode/mii-vs-mtb-therapiestatusgrund.fsh
  Applied on Line: 5
error Cannot find definition for Instance: $mii-vs-mtb-tumorausbreitung. Skipping rule.
  File: /Users/thome/code/fhir-profiling/mtb-template-migration/input/fsh/common/Meta.fsh
  Line: 10
  Applied in File: /Users/thome/code/fhir-profiling/mtb-template-migration/input/fsh/profiles/Behandlungsepisode/mii-vs-mtb-tumorausbreitung.fsh
  Applied on Line: 5
error Resolved value "$SCT" is not a valid URI.
  File: /Users/thome/code/fhir-profiling/mtb-template-migration/input/fsh/profiles/Behandlungsepisode/mii-vs-mtb-tumorausbreitung.fsh
  Line: 1 - 14
error Cannot find definition for Instance: $mii-vs-mtb-who-grad-tumor-zns. Skipping rule.
  File: /Users/thome/code/fhir-profiling/mtb-template-migration/input/fsh/common/Meta.fsh
  Line: 10
  Applied in File: /Users/thome/code/fhir-profiling/mtb-template-migration/input/fsh/profiles/Behandlungsepisode/mii-vs-mtb-who-grad-tumor-zns.fsh
  Applied on Line: 5
error Resolved value "$SCT" is not a valid URI.
  File: /Users/thome/code/fhir-profiling/mtb-template-migration/input/fsh/profiles/Behandlungsepisode/mii-vs-mtb-who-grad-tumor-zns.fsh
  Line: 1 - 11
error Cannot find definition for Instance: $mii-vs-mtb-zulassungsstatus. Skipping rule.
  File: /Users/thome/code/fhir-profiling/mtb-template-migration/input/fsh/common/Meta.fsh
  Line: 10
  Applied in File: /Users/thome/code/fhir-profiling/mtb-template-migration/input/fsh/profiles/Behandlungsepisode/mii-vs-mtb-zulassungsstatus.fsh
  Applied on Line: 5
error Cannot find definition for Instance: $mii-vs-mtb-auftrag-begruendung. Skipping rule.
  File: /Users/thome/code/fhir-profiling/mtb-template-migration/input/fsh/common/Meta.fsh
  Line: 10
  Applied in File: /Users/thome/code/fhir-profiling/mtb-template-migration/input/fsh/profiles/Beschluss-Therapieplan/mii-vs-mtb-auftrag-begruendung.fsh
  Applied on Line: 5
error Cannot find definition for Instance: $mii-vs-mtb-bestimmungsmethode-tumorzellgehalt. Skipping rule.
  File: /Users/thome/code/fhir-profiling/mtb-template-migration/input/fsh/common/Meta.fsh
  Line: 10
  Applied in File: /Users/thome/code/fhir-profiling/mtb-template-migration/input/fsh/profiles/Beschluss-Therapieplan/mii-vs-mtb-bestimmungsmethode-tumorzellgehalt.fsh
  Applied on Line: 5
error Cannot find definition for Instance: $mii-vs-mtb-empfehlung-evidenzgrad-zusatzverweis. Skipping rule.
  File: /Users/thome/code/fhir-profiling/mtb-template-migration/input/fsh/common/Meta.fsh
  Line: 10
  Applied in File: /Users/thome/code/fhir-profiling/mtb-template-migration/input/fsh/profiles/Beschluss-Therapieplan/mii-vs-mtb-empfehlung-evidenzgrad-zusatzverweis.fsh
  Applied on Line: 5
error Cannot find definition for Instance: $mii-vs-mtb-empfehlung-evidenzgrad. Skipping rule.
  File: /Users/thome/code/fhir-profiling/mtb-template-migration/input/fsh/common/Meta.fsh
  Line: 10
  Applied in File: /Users/thome/code/fhir-profiling/mtb-template-migration/input/fsh/profiles/Beschluss-Therapieplan/mii-vs-mtb-empfehlung-evidenzgrad.fsh
  Applied on Line: 5
error Cannot find definition for Instance: $mii-vs-mtb-empfehlung-status-begruendung. Skipping rule.
  File: /Users/thome/code/fhir-profiling/mtb-template-migration/input/fsh/common/Meta.fsh
  Line: 10
  Applied in File: /Users/thome/code/fhir-profiling/mtb-template-migration/input/fsh/profiles/Beschluss-Therapieplan/mii-vs-mtb-empfehlung-status-begruendung.fsh
  Applied on Line: 5
error Cannot find definition for Instance: $mii-vs-mtb-antrag-kostenuebernahme-antragsstadium. Skipping rule.
  File: /Users/thome/code/fhir-profiling/mtb-template-migration/input/fsh/common/Meta.fsh
  Line: 10
  Applied in File: /Users/thome/code/fhir-profiling/mtb-template-migration/input/fsh/profiles/Follow-Up/Kostenuebernahme/mii-vs-mtb-antrag-kostenuebernahme-antragsstadium.fsh
  Applied on Line: 5
error Cannot find definition for Instance: $mii-vs-mtb-antrag-kostenuebernahme. Skipping rule.
  File: /Users/thome/code/fhir-profiling/mtb-template-migration/input/fsh/common/Meta.fsh
  Line: 10
  Applied in File: /Users/thome/code/fhir-profiling/mtb-template-migration/input/fsh/profiles/Follow-Up/Kostenuebernahme/mii-vs-mtb-antrag-kostenuebernahme-type.fsh
  Applied on Line: 5
error Resolved value "$fhir-claim-type" is not a valid URI.
  File: /Users/thome/code/fhir-profiling/mtb-template-migration/input/fsh/profiles/Follow-Up/Kostenuebernahme/mii-vs-mtb-antrag-kostenuebernahme-type.fsh
  Line: 1 - 9
error Cannot find definition for Instance: $mii-vs-mtb-antwort-kostenuebernahme-entscheidung. Skipping rule.
  File: /Users/thome/code/fhir-profiling/mtb-template-migration/input/fsh/common/Meta.fsh
  Line: 10
  Applied in File: /Users/thome/code/fhir-profiling/mtb-template-migration/input/fsh/profiles/Follow-Up/Kostenuebernahme/mii-vs-mtb-antwort-kostenuebernahme-antragsstadium.fsh
  Applied on Line: 5
error Resolved value "$mii-cs-mtb-antwort-kostenuebernahme-entscheidung" is not a valid URI.
  File: /Users/thome/code/fhir-profiling/mtb-template-migration/input/fsh/profiles/Follow-Up/Kostenuebernahme/mii-vs-mtb-antwort-kostenuebernahme-antragsstadium.fsh
  Line: 1 - 6
error Cannot find definition for Instance: $mii-vs-mtb-antwort-kostenuebernahme-ablehnungsgrund. Skipping rule.
  File: /Users/thome/code/fhir-profiling/mtb-template-migration/input/fsh/common/Meta.fsh
  Line: 10
  Applied in File: /Users/thome/code/fhir-profiling/mtb-template-migration/input/fsh/profiles/Follow-Up/Kostenuebernahme/mii-vs-mtb-antwort-kostenuebernahme-antragsstadium.fsh
  Applied on Line: 12
error Resolved value "$mii-cs-mtb-antwort-kostenuebernahme-ablehnungsgrund" is not a valid URI.
  File: /Users/thome/code/fhir-profiling/mtb-template-migration/input/fsh/profiles/Follow-Up/Kostenuebernahme/mii-vs-mtb-antwort-kostenuebernahme-antragsstadium.fsh
  Line: 8 - 13
error Cannot find definition for Instance: $mii-vs-mtb-response-befund-beurteilungsmethode. Skipping rule.
  File: /Users/thome/code/fhir-profiling/mtb-template-migration/input/fsh/common/Meta.fsh
  Line: 10
  Applied in File: /Users/thome/code/fhir-profiling/mtb-template-migration/input/fsh/profiles/Follow-Up/Systemtherapie/mii-cs-mtb-beurteilungsmethode.fsh
  Applied on Line: 15
error Cannot find definition for Instance: $mii-vs-mtb-dosisdichte. Skipping rule.
  File: /Users/thome/code/fhir-profiling/mtb-template-migration/input/fsh/common/Meta.fsh
  Line: 10
  Applied in File: /Users/thome/code/fhir-profiling/mtb-template-migration/input/fsh/profiles/Follow-Up/Systemtherapie/mii-cs-mtb-dosisdichte.fsh
  Applied on Line: 16
error Cannot find definition for Instance: $mii-vs-mtb-response-befund-beurteilung. Skipping rule.
  File: /Users/thome/code/fhir-profiling/mtb-template-migration/input/fsh/common/Meta.fsh
  Line: 10
  Applied in File: /Users/thome/code/fhir-profiling/mtb-template-migration/input/fsh/profiles/Follow-Up/Systemtherapie/mii-cs-mtb-response-befund-beurteilung.fsh
  Applied on Line: 20
error Cannot find definition for Instance: $mii-vs-mtb-systemische-therapie-status. Skipping rule.
  File: /Users/thome/code/fhir-profiling/mtb-template-migration/input/fsh/common/Meta.fsh
  Line: 10
  Applied in File: /Users/thome/code/fhir-profiling/mtb-template-migration/input/fsh/profiles/Follow-Up/Systemtherapie/mii-vs-mtb-systemische-therapie-status.fsh
  Applied on Line: 5
error Resolved value "$systemtherapie-status" is not a valid URI.
  File: /Users/thome/code/fhir-profiling/mtb-template-migration/input/fsh/profiles/Follow-Up/Systemtherapie/mii-vs-mtb-systemische-therapie-status.fsh
  Line: 1 - 11
error Cannot find definition for Instance: $mii-vs-mtb-follow-up-grund-nicht-umsetzung. Skipping rule.
  File: /Users/thome/code/fhir-profiling/mtb-template-migration/input/fsh/common/Meta.fsh
  Line: 10
  Applied in File: /Users/thome/code/fhir-profiling/mtb-template-migration/input/fsh/profiles/Follow-Up/mii-vs-mtb-follow-up-grund-nicht-umsetzung.fsh
  Applied on Line: 6
error Resolved value "$mii-cs-mtb-systemische-therapie-status-grund" is not a valid URI.
  File: /Users/thome/code/fhir-profiling/mtb-template-migration/input/fsh/profiles/Follow-Up/mii-vs-mtb-follow-up-grund-nicht-umsetzung.fsh
  Line: 2 - 24
error Cannot find definition for Instance: $mii-vs-mtb-follow-up-status. Skipping rule.
  File: /Users/thome/code/fhir-profiling/mtb-template-migration/input/fsh/common/Meta.fsh
  Line: 10
  Applied in File: /Users/thome/code/fhir-profiling/mtb-template-migration/input/fsh/profiles/Follow-Up/mii-vs-mtb-follow-up-status.fsh
  Applied on Line: 6
error Cannot find definition for Instance: $mii-vs-mtb-genomic-analysis-method-type. Skipping rule.
  File: /Users/thome/code/fhir-profiling/mtb-template-migration/input/fsh/common/Meta.fsh
  Line: 10
  Applied in File: /Users/thome/code/fhir-profiling/mtb-template-migration/input/fsh/profiles/NGS-Bericht/mii-vs-mtb-genomic-analysis-method-type.fsh
  Applied on Line: 6
error Cannot find definition for Instance: $mii-vs-mtb-immunohistochemistry-specific-codes. Skipping rule.
  File: /Users/thome/code/fhir-profiling/mtb-template-migration/input/fsh/common/Meta.fsh
  Line: 10
  Applied in File: /Users/thome/code/fhir-profiling/mtb-template-migration/input/fsh/profiles/NGS-Bericht/mii-vs-mtb-immunhistochemistry-targets.fsh
  Applied on Line: 5
error Resolved value "$SCT" is not a valid URI.
  File: /Users/thome/code/fhir-profiling/mtb-template-migration/input/fsh/profiles/NGS-Bericht/mii-vs-mtb-immunhistochemistry-targets.fsh
  Line: 1 - 48
error Cannot find definition for Instance: $mii-vs-mtb-ish-method. Skipping rule.
  File: /Users/thome/code/fhir-profiling/mtb-template-migration/input/fsh/common/Meta.fsh
  Line: 10
  Applied in File: /Users/thome/code/fhir-profiling/mtb-template-migration/input/fsh/profiles/NGS-Bericht/mii-vs-mtb-ish-method.fsh
  Applied on Line: 6
error Resolved value "$SCT" is not a valid URI.
  File: /Users/thome/code/fhir-profiling/mtb-template-migration/input/fsh/profiles/NGS-Bericht/mii-vs-mtb-ish-method.fsh
  Line: 2 - 10
error Cannot find definition for Instance: $mii-vs-mtb-mmr-expression. Skipping rule.
  File: /Users/thome/code/fhir-profiling/mtb-template-migration/input/fsh/common/Meta.fsh
  Line: 10
  Applied in File: /Users/thome/code/fhir-profiling/mtb-template-migration/input/fsh/profiles/NGS-Bericht/mii-vs-mtb-mmr-expression.fsh
  Applied on Line: 6
error Resolved value "$LNC" is not a valid URI.
  File: /Users/thome/code/fhir-profiling/mtb-template-migration/input/fsh/profiles/NGS-Bericht/mii-vs-mtb-mmr-expression.fsh
  Line: 2 - 9
error Cannot find definition for Instance: $mii-vs-mtb-mmr-proficiency. Skipping rule.
  File: /Users/thome/code/fhir-profiling/mtb-template-migration/input/fsh/common/Meta.fsh
  Line: 10
  Applied in File: /Users/thome/code/fhir-profiling/mtb-template-migration/input/fsh/profiles/NGS-Bericht/mii-vs-mtb-mmr-proficiency.fsh
  Applied on Line: 6
error Cannot find definition for Instance: $mii-vs-mtb-molekulare-biomarker. Skipping rule.
  File: /Users/thome/code/fhir-profiling/mtb-template-migration/input/fsh/common/Meta.fsh
  Line: 10
  Applied in File: /Users/thome/code/fhir-profiling/mtb-template-migration/input/fsh/profiles/NGS-Bericht/mii-vs-mtb-molekulare-biomarker.fsh
  Applied on Line: 6
error Cannot find definition for Instance: $mii-vs-mtb-msi-method-type. Skipping rule.
  File: /Users/thome/code/fhir-profiling/mtb-template-migration/input/fsh/common/Meta.fsh
  Line: 10
  Applied in File: /Users/thome/code/fhir-profiling/mtb-template-migration/input/fsh/profiles/NGS-Bericht/mii-vs-mtb-msi-method-type.fsh
  Applied on Line: 6
error Cannot find definition for Instance: $mii-vs-mtb-msi. Skipping rule.
  File: /Users/thome/code/fhir-profiling/mtb-template-migration/input/fsh/common/Meta.fsh
  Line: 10
  Applied in File: /Users/thome/code/fhir-profiling/mtb-template-migration/input/fsh/profiles/NGS-Bericht/mii-vs-mtb-msi.fsh
  Applied on Line: 6
error Resolved value "$LNC" is not a valid URI.
  File: /Users/thome/code/fhir-profiling/mtb-template-migration/input/fsh/profiles/NGS-Bericht/mii-vs-mtb-msi.fsh
  Line: 2 - 13
info  Converted 29 FHIR ValueSets.
error Resolved value "$mii-cs-onko-primaertumor-diagnosesicherung" is not a valid URI.
  File: /Users/thome/code/fhir-profiling/mtb-template-migration/input/fsh/examples/bundle/external.fsh
  Line: 10
error Resolved value "$ICD10GM|2020" is not a valid URI.
  File: /Users/thome/code/fhir-profiling/mtb-template-migration/input/fsh/examples/bundle/external.fsh
  Line: 11
error Resolved value "$ICDO3" is not a valid URI.
  File: /Users/thome/code/fhir-profiling/mtb-template-migration/input/fsh/examples/bundle/external.fsh
  Line: 13
error Element Condition.code has minimum cardinality 1 but occurs 0 time(s).
  File: /Users/thome/code/fhir-profiling/mtb-template-migration/input/fsh/examples/bundle/external.fsh
  Line: 1 - 13
error Resolved value "$SCT" is not a valid URI.
  File: /Users/thome/code/fhir-profiling/mtb-template-migration/input/fsh/examples/bundle/external.fsh
  Line: 19
error Element ClinicalImpression.investigation.code has minimum cardinality 1 but occurs 0 time(s).
  File: /Users/thome/code/fhir-profiling/mtb-template-migration/input/fsh/examples/mii-exa-mtb-kim-musterperson-behandlungsepisode.fsh
  Line: 2 - 103
error Element ClinicalImpression.investigation.code has minimum cardinality 1 but occurs 0 time(s).
  File: /Users/thome/code/fhir-profiling/mtb-template-migration/input/fsh/examples/mii-exa-mtb-kim-musterperson-behandlungsepisode.fsh
  Line: 2 - 103
error Element ClinicalImpression.investigation.code has minimum cardinality 1 but occurs 0 time(s).
  File: /Users/thome/code/fhir-profiling/mtb-template-migration/input/fsh/examples/mii-exa-mtb-kim-musterperson-behandlungsepisode.fsh
  Line: 2 - 103
error Element ClinicalImpression.investigation.code has minimum cardinality 1 but occurs 0 time(s).
  File: /Users/thome/code/fhir-profiling/mtb-template-migration/input/fsh/examples/mii-exa-mtb-kim-musterperson-behandlungsepisode.fsh
  Line: 2 - 103
error Element ClinicalImpression.investigation:ECOG.code has minimum cardinality 1 but occurs 0 time(s).
  File: /Users/thome/code/fhir-profiling/mtb-template-migration/input/fsh/examples/mii-exa-mtb-kim-musterperson-behandlungsepisode.fsh
  Line: 2 - 103
error Element ClinicalImpression.investigation:NgsBericht.code has minimum cardinality 1 but occurs 0 time(s).
  File: /Users/thome/code/fhir-profiling/mtb-template-migration/input/fsh/examples/mii-exa-mtb-kim-musterperson-behandlungsepisode.fsh
  Line: 2 - 103
error Element ClinicalImpression.investigation:MolekularPathologieBefund.code has minimum cardinality 1 but occurs 0 time(s).
  File: /Users/thome/code/fhir-profiling/mtb-template-migration/input/fsh/examples/mii-exa-mtb-kim-musterperson-behandlungsepisode.fsh
  Line: 2 - 103
error Element ClinicalImpression.investigation:Einwilligung.code has minimum cardinality 1 but occurs 0 time(s).
  File: /Users/thome/code/fhir-profiling/mtb-template-migration/input/fsh/examples/mii-exa-mtb-kim-musterperson-behandlungsepisode.fsh
  Line: 2 - 103
error Resolved value "$SCT" is not a valid URI.
  File: /Users/thome/code/fhir-profiling/mtb-template-migration/input/fsh/examples/mii-exa-mtb-kim-musterperson-behandlungsepisode.fsh
  Line: 114
error Element Observation.code has minimum cardinality 1 but occurs 0 time(s).
  File: /Users/thome/code/fhir-profiling/mtb-template-migration/input/fsh/examples/mii-exa-mtb-kim-musterperson-behandlungsepisode.fsh
  Line: 106 - 114
error Element Observation.value[x] has minimum cardinality 1 but occurs 0 time(s).
  File: /Users/thome/code/fhir-profiling/mtb-template-migration/input/fsh/examples/mii-exa-mtb-kim-musterperson-behandlungsepisode.fsh
  Line: 106 - 114
error Cannot find definition for Instance: $UCUM. Skipping rule.
  File: /Users/thome/code/fhir-profiling/mtb-template-migration/input/fsh/examples/mii-exa-mtb-kim-musterperson-cancer-antigene.fsh
  Line: 15
error Resolved value "$LNC" is not a valid URI.
  File: /Users/thome/code/fhir-profiling/mtb-template-migration/input/fsh/examples/mii-exa-mtb-kim-musterperson-cancer-antigene.fsh
  Line: 7
error Resolved value "$fhir-observation-category" is not a valid URI.
  File: /Users/thome/code/fhir-profiling/mtb-template-migration/input/fsh/examples/mii-exa-mtb-kim-musterperson-cancer-antigene.fsh
  Line: 8
error Resolved value "$LNC" is not a valid URI.
  File: /Users/thome/code/fhir-profiling/mtb-template-migration/input/fsh/examples/mii-exa-mtb-kim-musterperson-cancer-antigene.fsh
  Line: 9
error Element Observation.code has minimum cardinality 1 but occurs 0 time(s).
  File: /Users/thome/code/fhir-profiling/mtb-template-migration/input/fsh/examples/mii-exa-mtb-kim-musterperson-cancer-antigene.fsh
  Line: 1 - 15
error Cannot find definition for Instance: $UCUM. Skipping rule.
  File: /Users/thome/code/fhir-profiling/mtb-template-migration/input/fsh/examples/mii-exa-mtb-kim-musterperson-cancer-antigene.fsh
  Line: 31
error Resolved value "$LNC" is not a valid URI.
  File: /Users/thome/code/fhir-profiling/mtb-template-migration/input/fsh/examples/mii-exa-mtb-kim-musterperson-cancer-antigene.fsh
  Line: 23
error Resolved value "$fhir-observation-category" is not a valid URI.
  File: /Users/thome/code/fhir-profiling/mtb-template-migration/input/fsh/examples/mii-exa-mtb-kim-musterperson-cancer-antigene.fsh
  Line: 24
error Resolved value "$LNC" is not a valid URI.
  File: /Users/thome/code/fhir-profiling/mtb-template-migration/input/fsh/examples/mii-exa-mtb-kim-musterperson-cancer-antigene.fsh
  Line: 25
error Element Observation.code has minimum cardinality 1 but occurs 0 time(s).
  File: /Users/thome/code/fhir-profiling/mtb-template-migration/input/fsh/examples/mii-exa-mtb-kim-musterperson-cancer-antigene.fsh
  Line: 17 - 31
error Cannot find definition for Instance: $UCUM. Skipping rule.
  File: /Users/thome/code/fhir-profiling/mtb-template-migration/input/fsh/examples/mii-exa-mtb-kim-musterperson-cancer-antigene.fsh
  Line: 47
error Resolved value "$LNC" is not a valid URI.
  File: /Users/thome/code/fhir-profiling/mtb-template-migration/input/fsh/examples/mii-exa-mtb-kim-musterperson-cancer-antigene.fsh
  Line: 39
error Resolved value "$fhir-observation-category" is not a valid URI.
  File: /Users/thome/code/fhir-profiling/mtb-template-migration/input/fsh/examples/mii-exa-mtb-kim-musterperson-cancer-antigene.fsh
  Line: 40
error Resolved value "$LNC" is not a valid URI.
  File: /Users/thome/code/fhir-profiling/mtb-template-migration/input/fsh/examples/mii-exa-mtb-kim-musterperson-cancer-antigene.fsh
  Line: 41
error Element Observation.code has minimum cardinality 1 but occurs 0 time(s).
  File: /Users/thome/code/fhir-profiling/mtb-template-migration/input/fsh/examples/mii-exa-mtb-kim-musterperson-cancer-antigene.fsh
  Line: 33 - 47
error Cannot find definition for Instance: $UCUM. Skipping rule.
  File: /Users/thome/code/fhir-profiling/mtb-template-migration/input/fsh/examples/mii-exa-mtb-kim-musterperson-cancer-antigene.fsh
  Line: 63
error Resolved value "$LNC" is not a valid URI.
  File: /Users/thome/code/fhir-profiling/mtb-template-migration/input/fsh/examples/mii-exa-mtb-kim-musterperson-cancer-antigene.fsh
  Line: 55
error Resolved value "$fhir-observation-category" is not a valid URI.
  File: /Users/thome/code/fhir-profiling/mtb-template-migration/input/fsh/examples/mii-exa-mtb-kim-musterperson-cancer-antigene.fsh
  Line: 56
error Resolved value "$LNC" is not a valid URI.
  File: /Users/thome/code/fhir-profiling/mtb-template-migration/input/fsh/examples/mii-exa-mtb-kim-musterperson-cancer-antigene.fsh
  Line: 57
error Element Observation.code has minimum cardinality 1 but occurs 0 time(s).
  File: /Users/thome/code/fhir-profiling/mtb-template-migration/input/fsh/examples/mii-exa-mtb-kim-musterperson-cancer-antigene.fsh
  Line: 49 - 63
error Cannot find definition for Instance: $UCUM. Skipping rule.
  File: /Users/thome/code/fhir-profiling/mtb-template-migration/input/fsh/examples/mii-exa-mtb-kim-musterperson-cancer-antigene.fsh
  Line: 79
error Resolved value "$LNC" is not a valid URI.
  File: /Users/thome/code/fhir-profiling/mtb-template-migration/input/fsh/examples/mii-exa-mtb-kim-musterperson-cancer-antigene.fsh
  Line: 71
error Resolved value "$fhir-observation-category" is not a valid URI.
  File: /Users/thome/code/fhir-profiling/mtb-template-migration/input/fsh/examples/mii-exa-mtb-kim-musterperson-cancer-antigene.fsh
  Line: 72
error Resolved value "$LNC" is not a valid URI.
  File: /Users/thome/code/fhir-profiling/mtb-template-migration/input/fsh/examples/mii-exa-mtb-kim-musterperson-cancer-antigene.fsh
  Line: 73
error Element Observation.code has minimum cardinality 1 but occurs 0 time(s).
  File: /Users/thome/code/fhir-profiling/mtb-template-migration/input/fsh/examples/mii-exa-mtb-kim-musterperson-cancer-antigene.fsh
  Line: 65 - 79
error Cannot find definition for Instance: $UCUM. Skipping rule.
  File: /Users/thome/code/fhir-profiling/mtb-template-migration/input/fsh/examples/mii-exa-mtb-kim-musterperson-cancer-antigene.fsh
  Line: 95
error Resolved value "$LNC" is not a valid URI.
  File: /Users/thome/code/fhir-profiling/mtb-template-migration/input/fsh/examples/mii-exa-mtb-kim-musterperson-cancer-antigene.fsh
  Line: 87
error Resolved value "$fhir-observation-category" is not a valid URI.
  File: /Users/thome/code/fhir-profiling/mtb-template-migration/input/fsh/examples/mii-exa-mtb-kim-musterperson-cancer-antigene.fsh
  Line: 88
error Resolved value "$LNC" is not a valid URI.
  File: /Users/thome/code/fhir-profiling/mtb-template-migration/input/fsh/examples/mii-exa-mtb-kim-musterperson-cancer-antigene.fsh
  Line: 89
error Element Observation.code has minimum cardinality 1 but occurs 0 time(s).
  File: /Users/thome/code/fhir-profiling/mtb-template-migration/input/fsh/examples/mii-exa-mtb-kim-musterperson-cancer-antigene.fsh
  Line: 81 - 95
error Resolved value "$LNC" is not a valid URI.
  File: /Users/thome/code/fhir-profiling/mtb-template-migration/input/fsh/examples/mii-exa-mtb-kim-musterperson-cancer-molpatho.fsh
  Line: 7 - 8
error Element DiagnosticReport.code has minimum cardinality 1 but occurs 0 time(s).
  File: /Users/thome/code/fhir-profiling/mtb-template-migration/input/fsh/examples/mii-exa-mtb-kim-musterperson-cancer-molpatho.fsh
  Line: 1 - 10
error Resolved value "$SCT" is not a valid URI.
  File: /Users/thome/code/fhir-profiling/mtb-template-migration/input/fsh/examples/mii-exa-mtb-kim-musterperson-cancer-molpatho.fsh
  Line: 21
error Resolved value "$fhir-observation-category" is not a valid URI.
  File: /Users/thome/code/fhir-profiling/mtb-template-migration/input/fsh/examples/mii-exa-mtb-kim-musterperson-cancer-molpatho.fsh
  Line: 34
error Resolved value "$hl7-v2-0074" is not a valid URI.
  File: /Users/thome/code/fhir-profiling/mtb-template-migration/input/fsh/examples/mii-exa-mtb-kim-musterperson-cancer-molpatho.fsh
  Line: 35
error Resolved value "$LNC" is not a valid URI.
  File: /Users/thome/code/fhir-profiling/mtb-template-migration/input/fsh/examples/mii-exa-mtb-kim-musterperson-cancer-molpatho.fsh
  Line: 36 - 37
error Resolved value "$LNC" is not a valid URI.
  File: /Users/thome/code/fhir-profiling/mtb-template-migration/input/fsh/examples/mii-exa-mtb-kim-musterperson-cancer-molpatho.fsh
  Line: 38
error Resolved value "$LNC" is not a valid URI.
  File: /Users/thome/code/fhir-profiling/mtb-template-migration/input/fsh/examples/mii-exa-mtb-kim-musterperson-cancer-molpatho.fsh
  Line: 39
error Resolved value "$HGNC" is not a valid URI.
  File: /Users/thome/code/fhir-profiling/mtb-template-migration/input/fsh/examples/mii-exa-mtb-kim-musterperson-cancer-molpatho.fsh
  Line: 40
error Element Observation.code has minimum cardinality 1 but occurs 0 time(s).
  File: /Users/thome/code/fhir-profiling/mtb-template-migration/input/fsh/examples/mii-exa-mtb-kim-musterperson-cancer-molpatho.fsh
  Line: 26 - 40
error Resolved value "$LNC" is not a valid URI.
  File: /Users/thome/code/fhir-profiling/mtb-template-migration/input/fsh/examples/mii-exa-mtb-kim-musterperson-cancer-molpatho.fsh
  Line: 79
error Resolved value "$SCT" is not a valid URI.
  File: /Users/thome/code/fhir-profiling/mtb-template-migration/input/fsh/examples/mii-exa-mtb-kim-musterperson-cancer-molpatho.fsh
  Line: 80
error Resolved value "$LNC" is not a valid URI.
  File: /Users/thome/code/fhir-profiling/mtb-template-migration/input/fsh/examples/mii-exa-mtb-kim-musterperson-cancer-molpatho.fsh
  Line: 82
error Resolved value "$HGNC" is not a valid URI.
  File: /Users/thome/code/fhir-profiling/mtb-template-migration/input/fsh/examples/mii-exa-mtb-kim-musterperson-cancer-molpatho.fsh
  Line: 83
error Element Observation.code has minimum cardinality 1 but occurs 0 time(s).
  File: /Users/thome/code/fhir-profiling/mtb-template-migration/input/fsh/examples/mii-exa-mtb-kim-musterperson-cancer-molpatho.fsh
  Line: 71 - 83
error Cannot find definition for Instance: $UCUM. Skipping rule.
  File: /Users/thome/code/fhir-profiling/mtb-template-migration/input/fsh/examples/mii-exa-mtb-kim-musterperson-cancer-molpatho.fsh
  Line: 98
error Resolved value "$LNC" is not a valid URI.
  File: /Users/thome/code/fhir-profiling/mtb-template-migration/input/fsh/examples/mii-exa-mtb-kim-musterperson-cancer-molpatho.fsh
  Line: 94
error Resolved value "$LNC" is not a valid URI.
  File: /Users/thome/code/fhir-profiling/mtb-template-migration/input/fsh/examples/mii-exa-mtb-kim-musterperson-cancer-molpatho.fsh
  Line: 99
error Resolved value "$HGNC" is not a valid URI.
  File: /Users/thome/code/fhir-profiling/mtb-template-migration/input/fsh/examples/mii-exa-mtb-kim-musterperson-cancer-molpatho.fsh
  Line: 100
error Resolved value "$LNC" is not a valid URI.
  File: /Users/thome/code/fhir-profiling/mtb-template-migration/input/fsh/examples/mii-exa-mtb-kim-musterperson-cancer-molpatho.fsh
  Line: 101
error Element Observation.code has minimum cardinality 1 but occurs 0 time(s).
  File: /Users/thome/code/fhir-profiling/mtb-template-migration/input/fsh/examples/mii-exa-mtb-kim-musterperson-cancer-molpatho.fsh
  Line: 86 - 101
error Resolved value "$LNC" is not a valid URI.
  File: /Users/thome/code/fhir-profiling/mtb-template-migration/input/fsh/examples/mii-exa-mtb-kim-musterperson-cancer-molpatho.fsh
  Line: 112
error Resolved value "$LNC" is not a valid URI.
  File: /Users/thome/code/fhir-profiling/mtb-template-migration/input/fsh/examples/mii-exa-mtb-kim-musterperson-cancer-molpatho.fsh
  Line: 113
error Resolved value "$LNC" is not a valid URI.
  File: /Users/thome/code/fhir-profiling/mtb-template-migration/input/fsh/examples/mii-exa-mtb-kim-musterperson-cancer-molpatho.fsh
  Line: 114
error Resolved value "$HGNC" is not a valid URI.
  File: /Users/thome/code/fhir-profiling/mtb-template-migration/input/fsh/examples/mii-exa-mtb-kim-musterperson-cancer-molpatho.fsh
  Line: 115
error Resolved value "$UNIPROT" is not a valid URI.
  File: /Users/thome/code/fhir-profiling/mtb-template-migration/input/fsh/examples/mii-exa-mtb-kim-musterperson-cancer-molpatho.fsh
  Line: 116
error Element Observation.code has minimum cardinality 1 but occurs 0 time(s).
  File: /Users/thome/code/fhir-profiling/mtb-template-migration/input/fsh/examples/mii-exa-mtb-kim-musterperson-cancer-molpatho.fsh
  Line: 104 - 116
error Resolved value "$LNC" is not a valid URI.
  File: /Users/thome/code/fhir-profiling/mtb-template-migration/input/fsh/examples/mii-exa-mtb-kim-musterperson-cancer-molpatho.fsh
  Line: 127
error Resolved value "$LNC" is not a valid URI.
  File: /Users/thome/code/fhir-profiling/mtb-template-migration/input/fsh/examples/mii-exa-mtb-kim-musterperson-cancer-molpatho.fsh
  Line: 129
error Resolved value "$LNC" is not a valid URI.
  File: /Users/thome/code/fhir-profiling/mtb-template-migration/input/fsh/examples/mii-exa-mtb-kim-musterperson-cancer-molpatho.fsh
  Line: 130
error Resolved value "$HGNC" is not a valid URI.
  File: /Users/thome/code/fhir-profiling/mtb-template-migration/input/fsh/examples/mii-exa-mtb-kim-musterperson-cancer-molpatho.fsh
  Line: 131
error Resolved value "$UNIPROT" is not a valid URI.
  File: /Users/thome/code/fhir-profiling/mtb-template-migration/input/fsh/examples/mii-exa-mtb-kim-musterperson-cancer-molpatho.fsh
  Line: 132
error Element Observation.code has minimum cardinality 1 but occurs 0 time(s).
  File: /Users/thome/code/fhir-profiling/mtb-template-migration/input/fsh/examples/mii-exa-mtb-kim-musterperson-cancer-molpatho.fsh
  Line: 119 - 132
error Resolved value "$LNC" is not a valid URI.
  File: /Users/thome/code/fhir-profiling/mtb-template-migration/input/fsh/examples/mii-exa-mtb-kim-musterperson-cancer-molpatho.fsh
  Line: 150
error Resolved value "$LNC" is not a valid URI.
  File: /Users/thome/code/fhir-profiling/mtb-template-migration/input/fsh/examples/mii-exa-mtb-kim-musterperson-cancer-molpatho.fsh
  Line: 151
error Element Observation.code has minimum cardinality 1 but occurs 0 time(s).
  File: /Users/thome/code/fhir-profiling/mtb-template-migration/input/fsh/examples/mii-exa-mtb-kim-musterperson-cancer-molpatho.fsh
  Line: 142 - 152
error Resolved value "$LNC" is not a valid URI.
  File: /Users/thome/code/fhir-profiling/mtb-template-migration/input/fsh/examples/mii-exa-mtb-kim-musterperson-cancer-molpatho.fsh
  Line: 164
error Resolved value "$LNC" is not a valid URI.
  File: /Users/thome/code/fhir-profiling/mtb-template-migration/input/fsh/examples/mii-exa-mtb-kim-musterperson-cancer-molpatho.fsh
  Line: 166
error Resolved value "$HGNC" is not a valid URI.
  File: /Users/thome/code/fhir-profiling/mtb-template-migration/input/fsh/examples/mii-exa-mtb-kim-musterperson-cancer-molpatho.fsh
  Line: 167
error Resolved value "$LNC" is not a valid URI.
  File: /Users/thome/code/fhir-profiling/mtb-template-migration/input/fsh/examples/mii-exa-mtb-kim-musterperson-cancer-molpatho.fsh
  Line: 168
error Resolved value "$SCT" is not a valid URI.
  File: /Users/thome/code/fhir-profiling/mtb-template-migration/input/fsh/examples/mii-exa-mtb-kim-musterperson-cancer-molpatho.fsh
  Line: 169
error Element Observation.code has minimum cardinality 1 but occurs 0 time(s).
  File: /Users/thome/code/fhir-profiling/mtb-template-migration/input/fsh/examples/mii-exa-mtb-kim-musterperson-cancer-molpatho.fsh
  Line: 155 - 170
error Cannot find definition for Instance: $UCUM. Skipping rule.
  File: /Users/thome/code/fhir-profiling/mtb-template-migration/input/fsh/examples/mii-exa-mtb-kim-musterperson-cancer-molpatho.fsh
  Line: 184
error Resolved value "$LNC" is not a valid URI.
  File: /Users/thome/code/fhir-profiling/mtb-template-migration/input/fsh/examples/mii-exa-mtb-kim-musterperson-cancer-molpatho.fsh
  Line: 180
error Element Observation.code has minimum cardinality 1 but occurs 0 time(s).
  File: /Users/thome/code/fhir-profiling/mtb-template-migration/input/fsh/examples/mii-exa-mtb-kim-musterperson-cancer-molpatho.fsh
  Line: 172 - 184
error Cannot find definition for Instance: $UCUM. Skipping rule.
  File: /Users/thome/code/fhir-profiling/mtb-template-migration/input/fsh/examples/mii-exa-mtb-kim-musterperson-cancer-molpatho.fsh
  Line: 198
error Resolved value "$LNC" is not a valid URI.
  File: /Users/thome/code/fhir-profiling/mtb-template-migration/input/fsh/examples/mii-exa-mtb-kim-musterperson-cancer-molpatho.fsh
  Line: 194
error Element Observation.code has minimum cardinality 1 but occurs 0 time(s).
  File: /Users/thome/code/fhir-profiling/mtb-template-migration/input/fsh/examples/mii-exa-mtb-kim-musterperson-cancer-molpatho.fsh
  Line: 186 - 198
error Resolved value "$LNC" is not a valid URI.
  File: /Users/thome/code/fhir-profiling/mtb-template-migration/input/fsh/examples/mii-exa-mtb-kim-musterperson-cancer-molpatho.fsh
  Line: 208
error Resolved value "$LNC" is not a valid URI.
  File: /Users/thome/code/fhir-profiling/mtb-template-migration/input/fsh/examples/mii-exa-mtb-kim-musterperson-cancer-molpatho.fsh
  Line: 209
error Element Observation.code has minimum cardinality 1 but occurs 0 time(s).
  File: /Users/thome/code/fhir-profiling/mtb-template-migration/input/fsh/examples/mii-exa-mtb-kim-musterperson-cancer-molpatho.fsh
  Line: 200 - 210
error Resolved value "$LNC" is not a valid URI.
  File: /Users/thome/code/fhir-profiling/mtb-template-migration/input/fsh/examples/mii-exa-mtb-kim-musterperson-cancer-molpatho.fsh
  Line: 220
error Resolved value "$LNC" is not a valid URI.
  File: /Users/thome/code/fhir-profiling/mtb-template-migration/input/fsh/examples/mii-exa-mtb-kim-musterperson-cancer-molpatho.fsh
  Line: 221
error Element Observation.code has minimum cardinality 1 but occurs 0 time(s).
  File: /Users/thome/code/fhir-profiling/mtb-template-migration/input/fsh/examples/mii-exa-mtb-kim-musterperson-cancer-molpatho.fsh
  Line: 212 - 222
error Resolved value "$SCT" is not a valid URI.
  File: /Users/thome/code/fhir-profiling/mtb-template-migration/input/fsh/examples/mii-exa-mtb-kim-musterperson-diagnostik.fsh
  Line: 18
error Resolved value "$OPS" is not a valid URI.
  File: /Users/thome/code/fhir-profiling/mtb-template-migration/input/fsh/examples/mii-exa-mtb-kim-musterperson-diagnostik.fsh
  Line: 20
error Resolved value "$SCT" is not a valid URI.
  File: /Users/thome/code/fhir-profiling/mtb-template-migration/input/fsh/examples/mii-exa-mtb-kim-musterperson-diagnostik.fsh
  Line: 23
error Resolved value "$SCT" is not a valid URI.
  File: /Users/thome/code/fhir-profiling/mtb-template-migration/input/fsh/examples/mii-exa-mtb-kim-musterperson-diagnostik.fsh
  Line: 24
error Resolved value "$SCT" is not a valid URI.
  File: /Users/thome/code/fhir-profiling/mtb-template-migration/input/fsh/examples/mii-exa-mtb-kim-musterperson-diagnostik.fsh
  Line: 79
error Resolved value "$OPS" is not a valid URI.
  File: /Users/thome/code/fhir-profiling/mtb-template-migration/input/fsh/examples/mii-exa-mtb-kim-musterperson-diagnostik.fsh
  Line: 81
error Resolved value "$SCT" is not a valid URI.
  File: /Users/thome/code/fhir-profiling/mtb-template-migration/input/fsh/examples/mii-exa-mtb-kim-musterperson-diagnostik.fsh
  Line: 84
error Resolved value "$SCT" is not a valid URI.
  File: /Users/thome/code/fhir-profiling/mtb-template-migration/input/fsh/examples/mii-exa-mtb-kim-musterperson-diagnostik.fsh
  Line: 85
error Resolved value "$SCT" is not a valid URI.
  File: /Users/thome/code/fhir-profiling/mtb-template-migration/input/fsh/examples/mii-exa-mtb-kim-musterperson-diagnostik.fsh
  Line: 144
error Resolved value "$OPS" is not a valid URI.
  File: /Users/thome/code/fhir-profiling/mtb-template-migration/input/fsh/examples/mii-exa-mtb-kim-musterperson-diagnostik.fsh
  Line: 146
error Resolved value "$SCT" is not a valid URI.
  File: /Users/thome/code/fhir-profiling/mtb-template-migration/input/fsh/examples/mii-exa-mtb-kim-musterperson-diagnostik.fsh
  Line: 149
error Resolved value "$SCT" is not a valid URI.
  File: /Users/thome/code/fhir-profiling/mtb-template-migration/input/fsh/examples/mii-exa-mtb-kim-musterperson-diagnostik.fsh
  Line: 150
error Resolved value "$SCT" is not a valid URI.
  File: /Users/thome/code/fhir-profiling/mtb-template-migration/input/fsh/examples/mii-exa-mtb-kim-musterperson-diagnostik.fsh
  Line: 249
error Resolved value "$OPS" is not a valid URI.
  File: /Users/thome/code/fhir-profiling/mtb-template-migration/input/fsh/examples/mii-exa-mtb-kim-musterperson-diagnostik.fsh
  Line: 251
error Resolved value "$SCT" is not a valid URI.
  File: /Users/thome/code/fhir-profiling/mtb-template-migration/input/fsh/examples/mii-exa-mtb-kim-musterperson-diagnostik.fsh
  Line: 254
error Resolved value "$SCT" is not a valid URI.
  File: /Users/thome/code/fhir-profiling/mtb-template-migration/input/fsh/examples/mii-exa-mtb-kim-musterperson-diagnostik.fsh
  Line: 255
error Resolved value "$SCT" is not a valid URI.
  File: /Users/thome/code/fhir-profiling/mtb-template-migration/input/fsh/examples/mii-exa-mtb-kim-musterperson-diagnostik.fsh
  Line: 316
error Resolved value "$OPS" is not a valid URI.
  File: /Users/thome/code/fhir-profiling/mtb-template-migration/input/fsh/examples/mii-exa-mtb-kim-musterperson-diagnostik.fsh
  Line: 318
error Resolved value "$SCT" is not a valid URI.
  File: /Users/thome/code/fhir-profiling/mtb-template-migration/input/fsh/examples/mii-exa-mtb-kim-musterperson-diagnostik.fsh
  Line: 321
error Resolved value "$SCT" is not a valid URI.
  File: /Users/thome/code/fhir-profiling/mtb-template-migration/input/fsh/examples/mii-exa-mtb-kim-musterperson-diagnostik.fsh
  Line: 322
error Resolved value "$SCT" is not a valid URI.
  File: /Users/thome/code/fhir-profiling/mtb-template-migration/input/fsh/examples/mii-exa-mtb-kim-musterperson-diagnostik.fsh
  Line: 377
error Resolved value "$OPS" is not a valid URI.
  File: /Users/thome/code/fhir-profiling/mtb-template-migration/input/fsh/examples/mii-exa-mtb-kim-musterperson-diagnostik.fsh
  Line: 379
error Resolved value "$SCT" is not a valid URI.
  File: /Users/thome/code/fhir-profiling/mtb-template-migration/input/fsh/examples/mii-exa-mtb-kim-musterperson-diagnostik.fsh
  Line: 382
error Resolved value "$SCT" is not a valid URI.
  File: /Users/thome/code/fhir-profiling/mtb-template-migration/input/fsh/examples/mii-exa-mtb-kim-musterperson-diagnostik.fsh
  Line: 383
error Resolved value "$SCT" is not a valid URI.
  File: /Users/thome/code/fhir-profiling/mtb-template-migration/input/fsh/examples/mii-exa-mtb-kim-musterperson-diagnostik.fsh
  Line: 417
error Resolved value "$OPS" is not a valid URI.
  File: /Users/thome/code/fhir-profiling/mtb-template-migration/input/fsh/examples/mii-exa-mtb-kim-musterperson-diagnostik.fsh
  Line: 419
error Resolved value "$SCT" is not a valid URI.
  File: /Users/thome/code/fhir-profiling/mtb-template-migration/input/fsh/examples/mii-exa-mtb-kim-musterperson-diagnostik.fsh
  Line: 422
error Resolved value "$SCT" is not a valid URI.
  File: /Users/thome/code/fhir-profiling/mtb-template-migration/input/fsh/examples/mii-exa-mtb-kim-musterperson-diagnostik.fsh
  Line: 423
error Resolved value "$SCT" is not a valid URI.
  File: /Users/thome/code/fhir-profiling/mtb-template-migration/input/fsh/examples/mii-exa-mtb-kim-musterperson-diagnostik.fsh
  Line: 32
error Resolved value "$SCT" is not a valid URI.
  File: /Users/thome/code/fhir-profiling/mtb-template-migration/input/fsh/examples/mii-exa-mtb-kim-musterperson-diagnostik.fsh
  Line: 33
error Element Observation.code has minimum cardinality 1 but occurs 0 time(s).
  File: /Users/thome/code/fhir-profiling/mtb-template-migration/input/fsh/examples/mii-exa-mtb-kim-musterperson-diagnostik.fsh
  Line: 26 - 34
error Resolved value "$SCT" is not a valid URI.
  File: /Users/thome/code/fhir-profiling/mtb-template-migration/input/fsh/examples/mii-exa-mtb-kim-musterperson-diagnostik.fsh
  Line: 42
error Resolved value "$SCT" is not a valid URI.
  File: /Users/thome/code/fhir-profiling/mtb-template-migration/input/fsh/examples/mii-exa-mtb-kim-musterperson-diagnostik.fsh
  Line: 43
error Element Observation.code has minimum cardinality 1 but occurs 0 time(s).
  File: /Users/thome/code/fhir-profiling/mtb-template-migration/input/fsh/examples/mii-exa-mtb-kim-musterperson-diagnostik.fsh
  Line: 36 - 44
error Resolved value "$SCT" is not a valid URI.
  File: /Users/thome/code/fhir-profiling/mtb-template-migration/input/fsh/examples/mii-exa-mtb-kim-musterperson-diagnostik.fsh
  Line: 52
error Resolved value "$SCT" is not a valid URI.
  File: /Users/thome/code/fhir-profiling/mtb-template-migration/input/fsh/examples/mii-exa-mtb-kim-musterperson-diagnostik.fsh
  Line: 53
error Element Observation.code has minimum cardinality 1 but occurs 0 time(s).
  File: /Users/thome/code/fhir-profiling/mtb-template-migration/input/fsh/examples/mii-exa-mtb-kim-musterperson-diagnostik.fsh
  Line: 46 - 54
error Resolved value "$SCT" is not a valid URI.
  File: /Users/thome/code/fhir-profiling/mtb-template-migration/input/fsh/examples/mii-exa-mtb-kim-musterperson-diagnostik.fsh
  Line: 62
error Resolved value "$SCT" is not a valid URI.
  File: /Users/thome/code/fhir-profiling/mtb-template-migration/input/fsh/examples/mii-exa-mtb-kim-musterperson-diagnostik.fsh
  Line: 63
error Resolved value "$SCT" is not a valid URI.
  File: /Users/thome/code/fhir-profiling/mtb-template-migration/input/fsh/examples/mii-exa-mtb-kim-musterperson-diagnostik.fsh
  Line: 64
error Resolved value "$SCT" is not a valid URI.
  File: /Users/thome/code/fhir-profiling/mtb-template-migration/input/fsh/examples/mii-exa-mtb-kim-musterperson-diagnostik.fsh
  Line: 65
error Resolved value "$SCT" is not a valid URI.
  File: /Users/thome/code/fhir-profiling/mtb-template-migration/input/fsh/examples/mii-exa-mtb-kim-musterperson-diagnostik.fsh
  Line: 66
error Resolved value "$SCT" is not a valid URI.
  File: /Users/thome/code/fhir-profiling/mtb-template-migration/input/fsh/examples/mii-exa-mtb-kim-musterperson-diagnostik.fsh
  Line: 68
error Element Observation.code has minimum cardinality 1 but occurs 0 time(s).
  File: /Users/thome/code/fhir-profiling/mtb-template-migration/input/fsh/examples/mii-exa-mtb-kim-musterperson-diagnostik.fsh
  Line: 56 - 68
error Resolved value "$SCT" is not a valid URI.
  File: /Users/thome/code/fhir-profiling/mtb-template-migration/input/fsh/examples/mii-exa-mtb-kim-musterperson-diagnostik.fsh
  Line: 93
error Resolved value "$SCT" is not a valid URI.
  File: /Users/thome/code/fhir-profiling/mtb-template-migration/input/fsh/examples/mii-exa-mtb-kim-musterperson-diagnostik.fsh
  Line: 94
error Resolved value "$SCT" is not a valid URI.
  File: /Users/thome/code/fhir-profiling/mtb-template-migration/input/fsh/examples/mii-exa-mtb-kim-musterperson-diagnostik.fsh
  Line: 95
error Resolved value "$SCT" is not a valid URI.
  File: /Users/thome/code/fhir-profiling/mtb-template-migration/input/fsh/examples/mii-exa-mtb-kim-musterperson-diagnostik.fsh
  Line: 96
error Resolved value "$SCT" is not a valid URI.
  File: /Users/thome/code/fhir-profiling/mtb-template-migration/input/fsh/examples/mii-exa-mtb-kim-musterperson-diagnostik.fsh
  Line: 97
error Resolved value "$SCT" is not a valid URI.
  File: /Users/thome/code/fhir-profiling/mtb-template-migration/input/fsh/examples/mii-exa-mtb-kim-musterperson-diagnostik.fsh
  Line: 99
error Element Observation.code has minimum cardinality 1 but occurs 0 time(s).
  File: /Users/thome/code/fhir-profiling/mtb-template-migration/input/fsh/examples/mii-exa-mtb-kim-musterperson-diagnostik.fsh
  Line: 87 - 99
error Resolved value "$SCT" is not a valid URI.
  File: /Users/thome/code/fhir-profiling/mtb-template-migration/input/fsh/examples/mii-exa-mtb-kim-musterperson-diagnostik.fsh
  Line: 107
error Resolved value "$SCT" is not a valid URI.
  File: /Users/thome/code/fhir-profiling/mtb-template-migration/input/fsh/examples/mii-exa-mtb-kim-musterperson-diagnostik.fsh
  Line: 108
error Element Observation.code has minimum cardinality 1 but occurs 0 time(s).
  File: /Users/thome/code/fhir-profiling/mtb-template-migration/input/fsh/examples/mii-exa-mtb-kim-musterperson-diagnostik.fsh
  Line: 101 - 109
error Resolved value "$SCT" is not a valid URI.
  File: /Users/thome/code/fhir-profiling/mtb-template-migration/input/fsh/examples/mii-exa-mtb-kim-musterperson-diagnostik.fsh
  Line: 117
error Resolved value "$SCT" is not a valid URI.
  File: /Users/thome/code/fhir-profiling/mtb-template-migration/input/fsh/examples/mii-exa-mtb-kim-musterperson-diagnostik.fsh
  Line: 118
error Element Observation.code has minimum cardinality 1 but occurs 0 time(s).
  File: /Users/thome/code/fhir-profiling/mtb-template-migration/input/fsh/examples/mii-exa-mtb-kim-musterperson-diagnostik.fsh
  Line: 111 - 119
error Resolved value "$SCT" is not a valid URI.
  File: /Users/thome/code/fhir-profiling/mtb-template-migration/input/fsh/examples/mii-exa-mtb-kim-musterperson-diagnostik.fsh
  Line: 127
error Resolved value "$SCT" is not a valid URI.
  File: /Users/thome/code/fhir-profiling/mtb-template-migration/input/fsh/examples/mii-exa-mtb-kim-musterperson-diagnostik.fsh
  Line: 128
error Resolved value "$SCT" is not a valid URI.
  File: /Users/thome/code/fhir-profiling/mtb-template-migration/input/fsh/examples/mii-exa-mtb-kim-musterperson-diagnostik.fsh
  Line: 129
error Resolved value "$SCT" is not a valid URI.
  File: /Users/thome/code/fhir-profiling/mtb-template-migration/input/fsh/examples/mii-exa-mtb-kim-musterperson-diagnostik.fsh
  Line: 131
error Resolved value "$SCT" is not a valid URI.
  File: /Users/thome/code/fhir-profiling/mtb-template-migration/input/fsh/examples/mii-exa-mtb-kim-musterperson-diagnostik.fsh
  Line: 132
error Resolved value "$SCT" is not a valid URI.
  File: /Users/thome/code/fhir-profiling/mtb-template-migration/input/fsh/examples/mii-exa-mtb-kim-musterperson-diagnostik.fsh
  Line: 158
error Resolved value "$SCT" is not a valid URI.
  File: /Users/thome/code/fhir-profiling/mtb-template-migration/input/fsh/examples/mii-exa-mtb-kim-musterperson-diagnostik.fsh
  Line: 159
error Resolved value "$SCT" is not a valid URI.
  File: /Users/thome/code/fhir-profiling/mtb-template-migration/input/fsh/examples/mii-exa-mtb-kim-musterperson-diagnostik.fsh
  Line: 160
error Resolved value "$SCT" is not a valid URI.
  File: /Users/thome/code/fhir-profiling/mtb-template-migration/input/fsh/examples/mii-exa-mtb-kim-musterperson-diagnostik.fsh
  Line: 161
error Resolved value "$SCT" is not a valid URI.
  File: /Users/thome/code/fhir-profiling/mtb-template-migration/input/fsh/examples/mii-exa-mtb-kim-musterperson-diagnostik.fsh
  Line: 162
error Resolved value "$SCT" is not a valid URI.
  File: /Users/thome/code/fhir-profiling/mtb-template-migration/input/fsh/examples/mii-exa-mtb-kim-musterperson-diagnostik.fsh
  Line: 164
error Element Observation.code has minimum cardinality 1 but occurs 0 time(s).
  File: /Users/thome/code/fhir-profiling/mtb-template-migration/input/fsh/examples/mii-exa-mtb-kim-musterperson-diagnostik.fsh
  Line: 152 - 164
error Resolved value "$SCT" is not a valid URI.
  File: /Users/thome/code/fhir-profiling/mtb-template-migration/input/fsh/examples/mii-exa-mtb-kim-musterperson-diagnostik.fsh
  Line: 172
error Resolved value "$SCT" is not a valid URI.
  File: /Users/thome/code/fhir-profiling/mtb-template-migration/input/fsh/examples/mii-exa-mtb-kim-musterperson-diagnostik.fsh
  Line: 173
error Resolved value "$SCT" is not a valid URI.
  File: /Users/thome/code/fhir-profiling/mtb-template-migration/input/fsh/examples/mii-exa-mtb-kim-musterperson-diagnostik.fsh
  Line: 174
error Resolved value "$SCT" is not a valid URI.
  File: /Users/thome/code/fhir-profiling/mtb-template-migration/input/fsh/examples/mii-exa-mtb-kim-musterperson-diagnostik.fsh
  Line: 175
error Resolved value "$SCT" is not a valid URI.
  File: /Users/thome/code/fhir-profiling/mtb-template-migration/input/fsh/examples/mii-exa-mtb-kim-musterperson-diagnostik.fsh
  Line: 176
error Resolved value "$SCT" is not a valid URI.
  File: /Users/thome/code/fhir-profiling/mtb-template-migration/input/fsh/examples/mii-exa-mtb-kim-musterperson-diagnostik.fsh
  Line: 178
error Element Observation.code has minimum cardinality 1 but occurs 0 time(s).
  File: /Users/thome/code/fhir-profiling/mtb-template-migration/input/fsh/examples/mii-exa-mtb-kim-musterperson-diagnostik.fsh
  Line: 166 - 178
error Resolved value "$SCT" is not a valid URI.
  File: /Users/thome/code/fhir-profiling/mtb-template-migration/input/fsh/examples/mii-exa-mtb-kim-musterperson-diagnostik.fsh
  Line: 186
error Resolved value "$SCT" is not a valid URI.
  File: /Users/thome/code/fhir-profiling/mtb-template-migration/input/fsh/examples/mii-exa-mtb-kim-musterperson-diagnostik.fsh
  Line: 187
error Element Observation.code has minimum cardinality 1 but occurs 0 time(s).
  File: /Users/thome/code/fhir-profiling/mtb-template-migration/input/fsh/examples/mii-exa-mtb-kim-musterperson-diagnostik.fsh
  Line: 180 - 188
error Resolved value "$SCT" is not a valid URI.
  File: /Users/thome/code/fhir-profiling/mtb-template-migration/input/fsh/examples/mii-exa-mtb-kim-musterperson-diagnostik.fsh
  Line: 196
error Resolved value "$SCT" is not a valid URI.
  File: /Users/thome/code/fhir-profiling/mtb-template-migration/input/fsh/examples/mii-exa-mtb-kim-musterperson-diagnostik.fsh
  Line: 197
error Element Observation.code has minimum cardinality 1 but occurs 0 time(s).
  File: /Users/thome/code/fhir-profiling/mtb-template-migration/input/fsh/examples/mii-exa-mtb-kim-musterperson-diagnostik.fsh
  Line: 190 - 198
error Resolved value "$SCT" is not a valid URI.
  File: /Users/thome/code/fhir-profiling/mtb-template-migration/input/fsh/examples/mii-exa-mtb-kim-musterperson-diagnostik.fsh
  Line: 206
error Resolved value "$SCT" is not a valid URI.
  File: /Users/thome/code/fhir-profiling/mtb-template-migration/input/fsh/examples/mii-exa-mtb-kim-musterperson-diagnostik.fsh
  Line: 207
error Resolved value "$SCT" is not a valid URI.
  File: /Users/thome/code/fhir-profiling/mtb-template-migration/input/fsh/examples/mii-exa-mtb-kim-musterperson-diagnostik.fsh
  Line: 208
error Resolved value "$SCT" is not a valid URI.
  File: /Users/thome/code/fhir-profiling/mtb-template-migration/input/fsh/examples/mii-exa-mtb-kim-musterperson-diagnostik.fsh
  Line: 210
error Resolved value "$SCT" is not a valid URI.
  File: /Users/thome/code/fhir-profiling/mtb-template-migration/input/fsh/examples/mii-exa-mtb-kim-musterperson-diagnostik.fsh
  Line: 211
error Resolved value "$SCT" is not a valid URI.
  File: /Users/thome/code/fhir-profiling/mtb-template-migration/input/fsh/examples/mii-exa-mtb-kim-musterperson-diagnostik.fsh
  Line: 221
error Resolved value "$SCT" is not a valid URI.
  File: /Users/thome/code/fhir-profiling/mtb-template-migration/input/fsh/examples/mii-exa-mtb-kim-musterperson-diagnostik.fsh
  Line: 223
error Resolved value "$SCT" is not a valid URI.
  File: /Users/thome/code/fhir-profiling/mtb-template-migration/input/fsh/examples/mii-exa-mtb-kim-musterperson-diagnostik.fsh
  Line: 224
error Resolved value "$SCT" is not a valid URI.
  File: /Users/thome/code/fhir-profiling/mtb-template-migration/input/fsh/examples/mii-exa-mtb-kim-musterperson-diagnostik.fsh
  Line: 225
error Resolved value "$SCT" is not a valid URI.
  File: /Users/thome/code/fhir-profiling/mtb-template-migration/input/fsh/examples/mii-exa-mtb-kim-musterperson-diagnostik.fsh
  Line: 226
error Resolved value "$SCT" is not a valid URI.
  File: /Users/thome/code/fhir-profiling/mtb-template-migration/input/fsh/examples/mii-exa-mtb-kim-musterperson-diagnostik.fsh
  Line: 235
error Resolved value "$SCT" is not a valid URI.
  File: /Users/thome/code/fhir-profiling/mtb-template-migration/input/fsh/examples/mii-exa-mtb-kim-musterperson-diagnostik.fsh
  Line: 237
error Resolved value "$SCT" is not a valid URI.
  File: /Users/thome/code/fhir-profiling/mtb-template-migration/input/fsh/examples/mii-exa-mtb-kim-musterperson-diagnostik.fsh
  Line: 238
error Cannot find definition for Instance: $UCUM. Skipping rule.
  File: /Users/thome/code/fhir-profiling/mtb-template-migration/input/fsh/examples/mii-exa-mtb-kim-musterperson-diagnostik.fsh
  Line: 268
error Resolved value "$SCT" is not a valid URI.
  File: /Users/thome/code/fhir-profiling/mtb-template-migration/input/fsh/examples/mii-exa-mtb-kim-musterperson-diagnostik.fsh
  Line: 263
error Resolved value "$SCT" is not a valid URI.
  File: /Users/thome/code/fhir-profiling/mtb-template-migration/input/fsh/examples/mii-exa-mtb-kim-musterperson-diagnostik.fsh
  Line: 264
error Resolved value "$SCT" is not a valid URI.
  File: /Users/thome/code/fhir-profiling/mtb-template-migration/input/fsh/examples/mii-exa-mtb-kim-musterperson-diagnostik.fsh
  Line: 277
error Resolved value "$SCT" is not a valid URI.
  File: /Users/thome/code/fhir-profiling/mtb-template-migration/input/fsh/examples/mii-exa-mtb-kim-musterperson-diagnostik.fsh
  Line: 279
error Resolved value "$SCT" is not a valid URI.
  File: /Users/thome/code/fhir-profiling/mtb-template-migration/input/fsh/examples/mii-exa-mtb-kim-musterperson-diagnostik.fsh
  Line: 280
error Resolved value "$SCT" is not a valid URI.
  File: /Users/thome/code/fhir-profiling/mtb-template-migration/input/fsh/examples/mii-exa-mtb-kim-musterperson-diagnostik.fsh
  Line: 281
error Resolved value "$SCT" is not a valid URI.
  File: /Users/thome/code/fhir-profiling/mtb-template-migration/input/fsh/examples/mii-exa-mtb-kim-musterperson-diagnostik.fsh
  Line: 282
error Resolved value "$SCT" is not a valid URI.
  File: /Users/thome/code/fhir-profiling/mtb-template-migration/input/fsh/examples/mii-exa-mtb-kim-musterperson-diagnostik.fsh
  Line: 291
error Resolved value "$SCT" is not a valid URI.
  File: /Users/thome/code/fhir-profiling/mtb-template-migration/input/fsh/examples/mii-exa-mtb-kim-musterperson-diagnostik.fsh
  Line: 293
error Resolved value "$SCT" is not a valid URI.
  File: /Users/thome/code/fhir-profiling/mtb-template-migration/input/fsh/examples/mii-exa-mtb-kim-musterperson-diagnostik.fsh
  Line: 302
error Resolved value "$SCT" is not a valid URI.
  File: /Users/thome/code/fhir-profiling/mtb-template-migration/input/fsh/examples/mii-exa-mtb-kim-musterperson-diagnostik.fsh
  Line: 304
error Resolved value "$SCT" is not a valid URI.
  File: /Users/thome/code/fhir-profiling/mtb-template-migration/input/fsh/examples/mii-exa-mtb-kim-musterperson-diagnostik.fsh
  Line: 330
error Resolved value "$SCT" is not a valid URI.
  File: /Users/thome/code/fhir-profiling/mtb-template-migration/input/fsh/examples/mii-exa-mtb-kim-musterperson-diagnostik.fsh
  Line: 332
error Resolved value "$SCT" is not a valid URI.
  File: /Users/thome/code/fhir-profiling/mtb-template-migration/input/fsh/examples/mii-exa-mtb-kim-musterperson-diagnostik.fsh
  Line: 341
error Resolved value "$SCT" is not a valid URI.
  File: /Users/thome/code/fhir-profiling/mtb-template-migration/input/fsh/examples/mii-exa-mtb-kim-musterperson-diagnostik.fsh
  Line: 343
error Resolved value "$SCT" is not a valid URI.
  File: /Users/thome/code/fhir-profiling/mtb-template-migration/input/fsh/examples/mii-exa-mtb-kim-musterperson-diagnostik.fsh
  Line: 344
error Resolved value "$SCT" is not a valid URI.
  File: /Users/thome/code/fhir-profiling/mtb-template-migration/input/fsh/examples/mii-exa-mtb-kim-musterperson-diagnostik.fsh
  Line: 353
error Resolved value "$SCT" is not a valid URI.
  File: /Users/thome/code/fhir-profiling/mtb-template-migration/input/fsh/examples/mii-exa-mtb-kim-musterperson-diagnostik.fsh
  Line: 355
error Resolved value "$SCT" is not a valid URI.
  File: /Users/thome/code/fhir-profiling/mtb-template-migration/input/fsh/examples/mii-exa-mtb-kim-musterperson-diagnostik.fsh
  Line: 356
error Resolved value "$SCT" is not a valid URI.
  File: /Users/thome/code/fhir-profiling/mtb-template-migration/input/fsh/examples/mii-exa-mtb-kim-musterperson-diagnostik.fsh
  Line: 365
error Resolved value "$SCT" is not a valid URI.
  File: /Users/thome/code/fhir-profiling/mtb-template-migration/input/fsh/examples/mii-exa-mtb-kim-musterperson-diagnostik.fsh
  Line: 367
error Resolved value "$SCT" is not a valid URI.
  File: /Users/thome/code/fhir-profiling/mtb-template-migration/input/fsh/examples/mii-exa-mtb-kim-musterperson-diagnostik.fsh
  Line: 391
error Resolved value "$SCT" is not a valid URI.
  File: /Users/thome/code/fhir-profiling/mtb-template-migration/input/fsh/examples/mii-exa-mtb-kim-musterperson-diagnostik.fsh
  Line: 392
error Element Observation.code has minimum cardinality 1 but occurs 0 time(s).
  File: /Users/thome/code/fhir-profiling/mtb-template-migration/input/fsh/examples/mii-exa-mtb-kim-musterperson-diagnostik.fsh
  Line: 385 - 393
error Resolved value "$SCT" is not a valid URI.
  File: /Users/thome/code/fhir-profiling/mtb-template-migration/input/fsh/examples/mii-exa-mtb-kim-musterperson-diagnostik.fsh
  Line: 401
error Resolved value "$SCT" is not a valid URI.
  File: /Users/thome/code/fhir-profiling/mtb-template-migration/input/fsh/examples/mii-exa-mtb-kim-musterperson-diagnostik.fsh
  Line: 403
error Resolved value "$SCT" is not a valid URI.
  File: /Users/thome/code/fhir-profiling/mtb-template-migration/input/fsh/examples/mii-exa-mtb-kim-musterperson-diagnostik.fsh
  Line: 404
error Resolved value "$SCT" is not a valid URI.
  File: /Users/thome/code/fhir-profiling/mtb-template-migration/input/fsh/examples/mii-exa-mtb-kim-musterperson-diagnostik.fsh
  Line: 405
error Resolved value "$SCT" is not a valid URI.
  File: /Users/thome/code/fhir-profiling/mtb-template-migration/input/fsh/examples/mii-exa-mtb-kim-musterperson-diagnostik.fsh
  Line: 406
error Resolved value "$SCT" is not a valid URI.
  File: /Users/thome/code/fhir-profiling/mtb-template-migration/input/fsh/examples/mii-exa-mtb-kim-musterperson-diagnostik.fsh
  Line: 431
error Resolved value "$SCT" is not a valid URI.
  File: /Users/thome/code/fhir-profiling/mtb-template-migration/input/fsh/examples/mii-exa-mtb-kim-musterperson-diagnostik.fsh
  Line: 433
error Resolved value "$SCT" is not a valid URI.
  File: /Users/thome/code/fhir-profiling/mtb-template-migration/input/fsh/examples/mii-exa-mtb-kim-musterperson-diagnostik.fsh
  Line: 434
error Resolved value "$SCT" is not a valid URI.
  File: /Users/thome/code/fhir-profiling/mtb-template-migration/input/fsh/examples/mii-exa-mtb-kim-musterperson-diagnostik.fsh
  Line: 443
error Resolved value "$SCT" is not a valid URI.
  File: /Users/thome/code/fhir-profiling/mtb-template-migration/input/fsh/examples/mii-exa-mtb-kim-musterperson-diagnostik.fsh
  Line: 444
error Resolved value "$SCT" is not a valid URI.
  File: /Users/thome/code/fhir-profiling/mtb-template-migration/input/fsh/examples/mii-exa-mtb-kim-musterperson-diagnostik.fsh
  Line: 446
error Resolved value "$SCT" is not a valid URI.
  File: /Users/thome/code/fhir-profiling/mtb-template-migration/input/fsh/examples/mii-exa-mtb-kim-musterperson-diagnostik.fsh
  Line: 447
error Resolved value "$SCT" is not a valid URI.
  File: /Users/thome/code/fhir-profiling/mtb-template-migration/input/fsh/examples/mii-exa-mtb-kim-musterperson-diagnostik.fsh
  Line: 449
error Resolved value "$SCT" is not a valid URI.
  File: /Users/thome/code/fhir-profiling/mtb-template-migration/input/fsh/examples/mii-exa-mtb-kim-musterperson-diagnostik.fsh
  Line: 457
error Resolved value "$SCT" is not a valid URI.
  File: /Users/thome/code/fhir-profiling/mtb-template-migration/input/fsh/examples/mii-exa-mtb-kim-musterperson-diagnostik.fsh
  Line: 459
error Resolved value "$SCT" is not a valid URI.
  File: /Users/thome/code/fhir-profiling/mtb-template-migration/input/fsh/examples/mii-exa-mtb-kim-musterperson-diagnostik.fsh
  Line: 468
error Resolved value "$SCT" is not a valid URI.
  File: /Users/thome/code/fhir-profiling/mtb-template-migration/input/fsh/examples/mii-exa-mtb-kim-musterperson-diagnostik.fsh
  Line: 470
error Resolved value "$SCT" is not a valid URI.
  File: /Users/thome/code/fhir-profiling/mtb-template-migration/input/fsh/examples/mii-exa-mtb-kim-musterperson-diagnostik.fsh
  Line: 471
error Resolved value "$SCT" is not a valid URI.
  File: /Users/thome/code/fhir-profiling/mtb-template-migration/input/fsh/examples/mii-exa-mtb-kim-musterperson-diagnostik.fsh
  Line: 472
error Resolved value "$SCT" is not a valid URI.
  File: /Users/thome/code/fhir-profiling/mtb-template-migration/input/fsh/examples/mii-exa-mtb-kim-musterperson-follow-up.fsh
  Line: 7
error Resolved value "$mii-cs-mtb-follow-up-status" is not a valid URI.
  File: /Users/thome/code/fhir-profiling/mtb-template-migration/input/fsh/examples/mii-exa-mtb-kim-musterperson-follow-up.fsh
  Line: 10
error Element ClinicalImpression.code has minimum cardinality 1 but occurs 0 time(s).
  File: /Users/thome/code/fhir-profiling/mtb-template-migration/input/fsh/examples/mii-exa-mtb-kim-musterperson-follow-up.fsh
  Line: 1 - 14
error Resolved value "$SCT" is not a valid URI.
  File: /Users/thome/code/fhir-profiling/mtb-template-migration/input/fsh/examples/mii-exa-mtb-kim-musterperson-follow-up.fsh
  Line: 24
error Resolved value "$mii-cs-onko-intention" is not a valid URI.
  File: /Users/thome/code/fhir-profiling/mtb-template-migration/input/fsh/examples/mii-exa-mtb-kim-musterperson-follow-up.fsh
  Line: 25
error Resolved value "$mii-cs-onko-therapie-typ" is not a valid URI.
  File: /Users/thome/code/fhir-profiling/mtb-template-migration/input/fsh/examples/mii-exa-mtb-kim-musterperson-follow-up.fsh
  Line: 26
error Resolved value "$OPS" is not a valid URI.
  File: /Users/thome/code/fhir-profiling/mtb-template-migration/input/fsh/examples/mii-exa-mtb-kim-musterperson-follow-up.fsh
  Line: 27
error Element Procedure.extension:Intention.value[x] has minimum cardinality 1 but occurs 0 time(s).
  File: /Users/thome/code/fhir-profiling/mtb-template-migration/input/fsh/examples/mii-exa-mtb-kim-musterperson-follow-up.fsh
  Line: 17 - 32
error Element Procedure.code.coding:ops.code has minimum cardinality 1 but occurs 0 time(s).
  File: /Users/thome/code/fhir-profiling/mtb-template-migration/input/fsh/examples/mii-exa-mtb-kim-musterperson-follow-up.fsh
  Line: 17 - 32
error Cannot find definition for Instance: $UCUM. Skipping rule.
  File: /Users/thome/code/fhir-profiling/mtb-template-migration/input/fsh/examples/mii-exa-mtb-kim-musterperson-follow-up.fsh
  Line: 52
error Resolved value "$UNII" is not a valid URI.
  File: /Users/thome/code/fhir-profiling/mtb-template-migration/input/fsh/examples/mii-exa-mtb-kim-musterperson-follow-up.fsh
  Line: 42
error Resolved value "$ATC_DE" is not a valid URI.
  File: /Users/thome/code/fhir-profiling/mtb-template-migration/input/fsh/examples/mii-exa-mtb-kim-musterperson-follow-up.fsh
  Line: 43
error Element MedicationStatement.medication[x]:medicationCodeableConcept.coding:atcClassDe.code has minimum cardinality 1 but occurs 0 time(s).
  File: /Users/thome/code/fhir-profiling/mtb-template-migration/input/fsh/examples/mii-exa-mtb-kim-musterperson-follow-up.fsh
  Line: 34 - 52
error Element MedicationStatement.medication[x]:medicationCodeableConcept.coding:atcClassDe.code has minimum cardinality 1 but occurs 0 time(s).
  File: /Users/thome/code/fhir-profiling/mtb-template-migration/input/fsh/examples/mii-exa-mtb-kim-musterperson-follow-up.fsh
  Line: 34 - 52
error Element MedicationStatement.medication[x]:medicationCodeableConcept.coding:atcClassDe.code has minimum cardinality 1 but occurs 0 time(s).
  File: /Users/thome/code/fhir-profiling/mtb-template-migration/input/fsh/examples/mii-exa-mtb-kim-musterperson-follow-up.fsh
  Line: 34 - 52
error Element MedicationStatement.dosage.doseAndRate.dose[x]:doseQuantity.system has minimum cardinality 1 but occurs 0 time(s).
  File: /Users/thome/code/fhir-profiling/mtb-template-migration/input/fsh/examples/mii-exa-mtb-kim-musterperson-follow-up.fsh
  Line: 34 - 52
error Element MedicationStatement.dosage.doseAndRate.dose[x]:doseQuantity.system has minimum cardinality 1 but occurs 0 time(s).
  File: /Users/thome/code/fhir-profiling/mtb-template-migration/input/fsh/examples/mii-exa-mtb-kim-musterperson-follow-up.fsh
  Line: 34 - 52
error Element MedicationStatement.dosage.doseAndRate.dose[x]:doseQuantity.system has minimum cardinality 1 but occurs 0 time(s).
  File: /Users/thome/code/fhir-profiling/mtb-template-migration/input/fsh/examples/mii-exa-mtb-kim-musterperson-follow-up.fsh
  Line: 34 - 52
error Cannot find definition for Instance: $UCUM. Skipping rule.
  File: /Users/thome/code/fhir-profiling/mtb-template-migration/input/fsh/examples/mii-exa-mtb-kim-musterperson-follow-up.fsh
  Line: 74
error Resolved value "$UNII" is not a valid URI.
  File: /Users/thome/code/fhir-profiling/mtb-template-migration/input/fsh/examples/mii-exa-mtb-kim-musterperson-follow-up.fsh
  Line: 63
error Resolved value "$ATC_DE" is not a valid URI.
  File: /Users/thome/code/fhir-profiling/mtb-template-migration/input/fsh/examples/mii-exa-mtb-kim-musterperson-follow-up.fsh
  Line: 64
error Element MedicationStatement.medication[x]:medicationCodeableConcept.coding:atcClassDe.code has minimum cardinality 1 but occurs 0 time(s).
  File: /Users/thome/code/fhir-profiling/mtb-template-migration/input/fsh/examples/mii-exa-mtb-kim-musterperson-follow-up.fsh
  Line: 55 - 74
error Element MedicationStatement.medication[x]:medicationCodeableConcept.coding:atcClassDe.code has minimum cardinality 1 but occurs 0 time(s).
  File: /Users/thome/code/fhir-profiling/mtb-template-migration/input/fsh/examples/mii-exa-mtb-kim-musterperson-follow-up.fsh
  Line: 55 - 74
error Element MedicationStatement.medication[x]:medicationCodeableConcept.coding:atcClassDe.code has minimum cardinality 1 but occurs 0 time(s).
  File: /Users/thome/code/fhir-profiling/mtb-template-migration/input/fsh/examples/mii-exa-mtb-kim-musterperson-follow-up.fsh
  Line: 55 - 74
error Element MedicationStatement.dosage.doseAndRate.dose[x]:doseQuantity.system has minimum cardinality 1 but occurs 0 time(s).
  File: /Users/thome/code/fhir-profiling/mtb-template-migration/input/fsh/examples/mii-exa-mtb-kim-musterperson-follow-up.fsh
  Line: 55 - 74
error Element MedicationStatement.dosage.doseAndRate.dose[x]:doseQuantity.system has minimum cardinality 1 but occurs 0 time(s).
  File: /Users/thome/code/fhir-profiling/mtb-template-migration/input/fsh/examples/mii-exa-mtb-kim-musterperson-follow-up.fsh
  Line: 55 - 74
error Element MedicationStatement.dosage.doseAndRate.dose[x]:doseQuantity.system has minimum cardinality 1 but occurs 0 time(s).
  File: /Users/thome/code/fhir-profiling/mtb-template-migration/input/fsh/examples/mii-exa-mtb-kim-musterperson-follow-up.fsh
  Line: 55 - 74
error Cannot find definition for Instance: $UCUM. Skipping rule.
  File: /Users/thome/code/fhir-profiling/mtb-template-migration/input/fsh/examples/mii-exa-mtb-kim-musterperson-follow-up.fsh
  Line: 96
error Resolved value "$UNII" is not a valid URI.
  File: /Users/thome/code/fhir-profiling/mtb-template-migration/input/fsh/examples/mii-exa-mtb-kim-musterperson-follow-up.fsh
  Line: 85
error Resolved value "$ATC_DE" is not a valid URI.
  File: /Users/thome/code/fhir-profiling/mtb-template-migration/input/fsh/examples/mii-exa-mtb-kim-musterperson-follow-up.fsh
  Line: 86
error Element MedicationStatement.medication[x]:medicationCodeableConcept.coding:atcClassDe.code has minimum cardinality 1 but occurs 0 time(s).
  File: /Users/thome/code/fhir-profiling/mtb-template-migration/input/fsh/examples/mii-exa-mtb-kim-musterperson-follow-up.fsh
  Line: 77 - 96
error Element MedicationStatement.medication[x]:medicationCodeableConcept.coding:atcClassDe.code has minimum cardinality 1 but occurs 0 time(s).
  File: /Users/thome/code/fhir-profiling/mtb-template-migration/input/fsh/examples/mii-exa-mtb-kim-musterperson-follow-up.fsh
  Line: 77 - 96
error Element MedicationStatement.medication[x]:medicationCodeableConcept.coding:atcClassDe.code has minimum cardinality 1 but occurs 0 time(s).
  File: /Users/thome/code/fhir-profiling/mtb-template-migration/input/fsh/examples/mii-exa-mtb-kim-musterperson-follow-up.fsh
  Line: 77 - 96
error Element MedicationStatement.dosage.doseAndRate.dose[x]:doseQuantity.system has minimum cardinality 1 but occurs 0 time(s).
  File: /Users/thome/code/fhir-profiling/mtb-template-migration/input/fsh/examples/mii-exa-mtb-kim-musterperson-follow-up.fsh
  Line: 77 - 96
error Element MedicationStatement.dosage.doseAndRate.dose[x]:doseQuantity.system has minimum cardinality 1 but occurs 0 time(s).
  File: /Users/thome/code/fhir-profiling/mtb-template-migration/input/fsh/examples/mii-exa-mtb-kim-musterperson-follow-up.fsh
  Line: 77 - 96
error Element MedicationStatement.dosage.doseAndRate.dose[x]:doseQuantity.system has minimum cardinality 1 but occurs 0 time(s).
  File: /Users/thome/code/fhir-profiling/mtb-template-migration/input/fsh/examples/mii-exa-mtb-kim-musterperson-follow-up.fsh
  Line: 77 - 96
error Cannot find definition for Instance: $UCUM. Skipping rule.
  File: /Users/thome/code/fhir-profiling/mtb-template-migration/input/fsh/examples/mii-exa-mtb-kim-musterperson-follow-up.fsh
  Line: 133
error Resolved value "$UNII" is not a valid URI.
  File: /Users/thome/code/fhir-profiling/mtb-template-migration/input/fsh/examples/mii-exa-mtb-kim-musterperson-follow-up.fsh
  Line: 123
error Resolved value "$ATC_DE" is not a valid URI.
  File: /Users/thome/code/fhir-profiling/mtb-template-migration/input/fsh/examples/mii-exa-mtb-kim-musterperson-follow-up.fsh
  Line: 124
error Element MedicationStatement.medication[x]:medicationCodeableConcept.coding:atcClassDe.code has minimum cardinality 1 but occurs 0 time(s).
  File: /Users/thome/code/fhir-profiling/mtb-template-migration/input/fsh/examples/mii-exa-mtb-kim-musterperson-follow-up.fsh
  Line: 115 - 133
error Element MedicationStatement.medication[x]:medicationCodeableConcept.coding:atcClassDe.code has minimum cardinality 1 but occurs 0 time(s).
  File: /Users/thome/code/fhir-profiling/mtb-template-migration/input/fsh/examples/mii-exa-mtb-kim-musterperson-follow-up.fsh
  Line: 115 - 133
error Element MedicationStatement.medication[x]:medicationCodeableConcept.coding:atcClassDe.code has minimum cardinality 1 but occurs 0 time(s).
  File: /Users/thome/code/fhir-profiling/mtb-template-migration/input/fsh/examples/mii-exa-mtb-kim-musterperson-follow-up.fsh
  Line: 115 - 133
error Element MedicationStatement.dosage.doseAndRate.dose[x]:doseQuantity.system has minimum cardinality 1 but occurs 0 time(s).
  File: /Users/thome/code/fhir-profiling/mtb-template-migration/input/fsh/examples/mii-exa-mtb-kim-musterperson-follow-up.fsh
  Line: 115 - 133
error Element MedicationStatement.dosage.doseAndRate.dose[x]:doseQuantity.system has minimum cardinality 1 but occurs 0 time(s).
  File: /Users/thome/code/fhir-profiling/mtb-template-migration/input/fsh/examples/mii-exa-mtb-kim-musterperson-follow-up.fsh
  Line: 115 - 133
error Element MedicationStatement.dosage.doseAndRate.dose[x]:doseQuantity.system has minimum cardinality 1 but occurs 0 time(s).
  File: /Users/thome/code/fhir-profiling/mtb-template-migration/input/fsh/examples/mii-exa-mtb-kim-musterperson-follow-up.fsh
  Line: 115 - 133
error Cannot find definition for Instance: $UCUM. Skipping rule.
  File: /Users/thome/code/fhir-profiling/mtb-template-migration/input/fsh/examples/mii-exa-mtb-kim-musterperson-follow-up.fsh
  Line: 155
error Resolved value "$UNII" is not a valid URI.
  File: /Users/thome/code/fhir-profiling/mtb-template-migration/input/fsh/examples/mii-exa-mtb-kim-musterperson-follow-up.fsh
  Line: 144
error Resolved value "$ATC_DE" is not a valid URI.
  File: /Users/thome/code/fhir-profiling/mtb-template-migration/input/fsh/examples/mii-exa-mtb-kim-musterperson-follow-up.fsh
  Line: 145
error Element MedicationStatement.medication[x]:medicationCodeableConcept.coding:atcClassDe.code has minimum cardinality 1 but occurs 0 time(s).
  File: /Users/thome/code/fhir-profiling/mtb-template-migration/input/fsh/examples/mii-exa-mtb-kim-musterperson-follow-up.fsh
  Line: 136 - 155
error Element MedicationStatement.medication[x]:medicationCodeableConcept.coding:atcClassDe.code has minimum cardinality 1 but occurs 0 time(s).
  File: /Users/thome/code/fhir-profiling/mtb-template-migration/input/fsh/examples/mii-exa-mtb-kim-musterperson-follow-up.fsh
  Line: 136 - 155
error Element MedicationStatement.medication[x]:medicationCodeableConcept.coding:atcClassDe.code has minimum cardinality 1 but occurs 0 time(s).
  File: /Users/thome/code/fhir-profiling/mtb-template-migration/input/fsh/examples/mii-exa-mtb-kim-musterperson-follow-up.fsh
  Line: 136 - 155
error Element MedicationStatement.dosage.doseAndRate.dose[x]:doseQuantity.system has minimum cardinality 1 but occurs 0 time(s).
  File: /Users/thome/code/fhir-profiling/mtb-template-migration/input/fsh/examples/mii-exa-mtb-kim-musterperson-follow-up.fsh
  Line: 136 - 155
error Element MedicationStatement.dosage.doseAndRate.dose[x]:doseQuantity.system has minimum cardinality 1 but occurs 0 time(s).
  File: /Users/thome/code/fhir-profiling/mtb-template-migration/input/fsh/examples/mii-exa-mtb-kim-musterperson-follow-up.fsh
  Line: 136 - 155
error Element MedicationStatement.dosage.doseAndRate.dose[x]:doseQuantity.system has minimum cardinality 1 but occurs 0 time(s).
  File: /Users/thome/code/fhir-profiling/mtb-template-migration/input/fsh/examples/mii-exa-mtb-kim-musterperson-follow-up.fsh
  Line: 136 - 155
error Cannot find definition for Instance: $UCUM. Skipping rule.
  File: /Users/thome/code/fhir-profiling/mtb-template-migration/input/fsh/examples/mii-exa-mtb-kim-musterperson-follow-up.fsh
  Line: 175
error Resolved value "$UNII" is not a valid URI.
  File: /Users/thome/code/fhir-profiling/mtb-template-migration/input/fsh/examples/mii-exa-mtb-kim-musterperson-follow-up.fsh
  Line: 165
error Resolved value "$ATC_DE" is not a valid URI.
  File: /Users/thome/code/fhir-profiling/mtb-template-migration/input/fsh/examples/mii-exa-mtb-kim-musterperson-follow-up.fsh
  Line: 166
error Element MedicationStatement.medication[x]:medicationCodeableConcept.coding:atcClassDe.code has minimum cardinality 1 but occurs 0 time(s).
  File: /Users/thome/code/fhir-profiling/mtb-template-migration/input/fsh/examples/mii-exa-mtb-kim-musterperson-follow-up.fsh
  Line: 157 - 175
error Element MedicationStatement.medication[x]:medicationCodeableConcept.coding:atcClassDe.code has minimum cardinality 1 but occurs 0 time(s).
  File: /Users/thome/code/fhir-profiling/mtb-template-migration/input/fsh/examples/mii-exa-mtb-kim-musterperson-follow-up.fsh
  Line: 157 - 175
error Element MedicationStatement.medication[x]:medicationCodeableConcept.coding:atcClassDe.code has minimum cardinality 1 but occurs 0 time(s).
  File: /Users/thome/code/fhir-profiling/mtb-template-migration/input/fsh/examples/mii-exa-mtb-kim-musterperson-follow-up.fsh
  Line: 157 - 175
error Element MedicationStatement.dosage.doseAndRate.dose[x]:doseQuantity.system has minimum cardinality 1 but occurs 0 time(s).
  File: /Users/thome/code/fhir-profiling/mtb-template-migration/input/fsh/examples/mii-exa-mtb-kim-musterperson-follow-up.fsh
  Line: 157 - 175
error Element MedicationStatement.dosage.doseAndRate.dose[x]:doseQuantity.system has minimum cardinality 1 but occurs 0 time(s).
  File: /Users/thome/code/fhir-profiling/mtb-template-migration/input/fsh/examples/mii-exa-mtb-kim-musterperson-follow-up.fsh
  Line: 157 - 175
error Element MedicationStatement.dosage.doseAndRate.dose[x]:doseQuantity.system has minimum cardinality 1 but occurs 0 time(s).
  File: /Users/thome/code/fhir-profiling/mtb-template-migration/input/fsh/examples/mii-exa-mtb-kim-musterperson-follow-up.fsh
  Line: 157 - 175
error Resolved value "$SCT" is not a valid URI.
  File: /Users/thome/code/fhir-profiling/mtb-template-migration/input/fsh/examples/mii-exa-mtb-kim-musterperson-follow-up.fsh
  Line: 104
error Resolved value "$mii-cs-mtb-response-befund-beurteilungsmethode" is not a valid URI.
  File: /Users/thome/code/fhir-profiling/mtb-template-migration/input/fsh/examples/mii-exa-mtb-kim-musterperson-follow-up.fsh
  Line: 105
error Resolved value "$mii-cs-mtb-response-befund-beurteilung" is not a valid URI.
  File: /Users/thome/code/fhir-profiling/mtb-template-migration/input/fsh/examples/mii-exa-mtb-kim-musterperson-follow-up.fsh
  Line: 110
error Resolved value "$SCT" is not a valid URI.
  File: /Users/thome/code/fhir-profiling/mtb-template-migration/input/fsh/examples/mii-exa-mtb-kim-musterperson-follow-up.fsh
  Line: 111
error Resolved value "$mii-cs-onko-verlauf-lymphknoten" is not a valid URI.
  File: /Users/thome/code/fhir-profiling/mtb-template-migration/input/fsh/examples/mii-exa-mtb-kim-musterperson-follow-up.fsh
  Line: 112
error Element Observation.code has minimum cardinality 1 but occurs 0 time(s).
  File: /Users/thome/code/fhir-profiling/mtb-template-migration/input/fsh/examples/mii-exa-mtb-kim-musterperson-follow-up.fsh
  Line: 98 - 112
error Element Observation.method has minimum cardinality 1 but occurs 0 time(s).
  File: /Users/thome/code/fhir-profiling/mtb-template-migration/input/fsh/examples/mii-exa-mtb-kim-musterperson-follow-up.fsh
  Line: 98 - 112
error Resolved value "$SCT" is not a valid URI.
  File: /Users/thome/code/fhir-profiling/mtb-template-migration/input/fsh/examples/mii-exa-mtb-kim-musterperson-follow-up.fsh
  Line: 184
error Resolved value "$mii-cs-mtb-response-befund-beurteilungsmethode" is not a valid URI.
  File: /Users/thome/code/fhir-profiling/mtb-template-migration/input/fsh/examples/mii-exa-mtb-kim-musterperson-follow-up.fsh
  Line: 185
error Resolved value "$mii-cs-mtb-response-befund-beurteilung" is not a valid URI.
  File: /Users/thome/code/fhir-profiling/mtb-template-migration/input/fsh/examples/mii-exa-mtb-kim-musterperson-follow-up.fsh
  Line: 190
error Resolved value "$SCT" is not a valid URI.
  File: /Users/thome/code/fhir-profiling/mtb-template-migration/input/fsh/examples/mii-exa-mtb-kim-musterperson-follow-up.fsh
  Line: 191
error Resolved value "$mii-cs-onko-verlauf-lymphknoten" is not a valid URI.
  File: /Users/thome/code/fhir-profiling/mtb-template-migration/input/fsh/examples/mii-exa-mtb-kim-musterperson-follow-up.fsh
  Line: 192
error Element Observation.code has minimum cardinality 1 but occurs 0 time(s).
  File: /Users/thome/code/fhir-profiling/mtb-template-migration/input/fsh/examples/mii-exa-mtb-kim-musterperson-follow-up.fsh
  Line: 178 - 192
error Element Observation.method has minimum cardinality 1 but occurs 0 time(s).
  File: /Users/thome/code/fhir-profiling/mtb-template-migration/input/fsh/examples/mii-exa-mtb-kim-musterperson-follow-up.fsh
  Line: 178 - 192
error Element Claim.priority has minimum cardinality 1 but occurs 0 time(s).
  File: /Users/thome/code/fhir-profiling/mtb-template-migration/input/fsh/examples/mii-exa-mtb-kim-musterperson-follow-up.fsh
  Line: 196 - 212
error Resolved value "$SCT" is not a valid URI.
  File: /Users/thome/code/fhir-profiling/mtb-template-migration/input/fsh/examples/mii-exa-mtb-kim-musterperson-histologie.fsh
  Line: 24
error Resolved value "$SCT" is not a valid URI.
  File: /Users/thome/code/fhir-profiling/mtb-template-migration/input/fsh/examples/mii-exa-mtb-kim-musterperson-histologie.fsh
  Line: 31
error Element Specimen.type.coding.code has minimum cardinality 1 but occurs 0 time(s).
  File: /Users/thome/code/fhir-profiling/mtb-template-migration/input/fsh/examples/mii-exa-mtb-kim-musterperson-histologie.fsh
  Line: 17 - 31
error Element Specimen.type.coding:sct.code has minimum cardinality 1 but occurs 0 time(s).
  File: /Users/thome/code/fhir-profiling/mtb-template-migration/input/fsh/examples/mii-exa-mtb-kim-musterperson-histologie.fsh
  Line: 17 - 31
error Element Specimen.collection.method has minimum cardinality 1 but occurs 0 time(s).
  File: /Users/thome/code/fhir-profiling/mtb-template-migration/input/fsh/examples/mii-exa-mtb-kim-musterperson-histologie.fsh
  Line: 17 - 31
error Resolved value "$mii-cs-onko-intention" is not a valid URI.
  File: /Users/thome/code/fhir-profiling/mtb-template-migration/input/fsh/examples/mii-exa-mtb-kim-musterperson-medikation.fsh
  Line: 22
error Resolved value "$SCT" is not a valid URI.
  File: /Users/thome/code/fhir-profiling/mtb-template-migration/input/fsh/examples/mii-exa-mtb-kim-musterperson-medikation.fsh
  Line: 24
error Resolved value "$SCT" is not a valid URI.
  File: /Users/thome/code/fhir-profiling/mtb-template-migration/input/fsh/examples/mii-exa-mtb-kim-musterperson-medikation.fsh
  Line: 25
error Resolved value "$mii-cs-onko-therapie-typ" is not a valid URI.
  File: /Users/thome/code/fhir-profiling/mtb-template-migration/input/fsh/examples/mii-exa-mtb-kim-musterperson-medikation.fsh
  Line: 26
error Resolved value "$mii-cs-onko-therapie-grund-ende" is not a valid URI.
  File: /Users/thome/code/fhir-profiling/mtb-template-migration/input/fsh/examples/mii-exa-mtb-kim-musterperson-medikation.fsh
  Line: 30
error Element Procedure.extension:Intention.value[x] has minimum cardinality 1 but occurs 0 time(s).
  File: /Users/thome/code/fhir-profiling/mtb-template-migration/input/fsh/examples/mii-exa-mtb-kim-musterperson-medikation.fsh
  Line: 16 - 31
error Element Procedure.code has minimum cardinality 1 but occurs 0 time(s).
  File: /Users/thome/code/fhir-profiling/mtb-template-migration/input/fsh/examples/mii-exa-mtb-kim-musterperson-medikation.fsh
  Line: 16 - 31
error Cannot find definition for Instance: $UCUM. Skipping rule.
  File: /Users/thome/code/fhir-profiling/mtb-template-migration/input/fsh/examples/mii-exa-mtb-kim-musterperson-medikation.fsh
  Line: 13
  Applied in File: /Users/thome/code/fhir-profiling/mtb-template-migration/input/fsh/examples/mii-exa-mtb-kim-musterperson-medikation.fsh
  Applied on Line: 46 - 47
error Resolved value "$ATC_DE" is not a valid URI.
  File: /Users/thome/code/fhir-profiling/mtb-template-migration/input/fsh/examples/mii-exa-mtb-kim-musterperson-medikation.fsh
  Line: 6
  Applied in File: /Users/thome/code/fhir-profiling/mtb-template-migration/input/fsh/examples/mii-exa-mtb-kim-musterperson-medikation.fsh
  Applied on Line: 46 - 47
error Element MedicationStatement.medication[x] has minimum cardinality 1 but occurs 0 time(s).
  File: /Users/thome/code/fhir-profiling/mtb-template-migration/input/fsh/examples/mii-exa-mtb-kim-musterperson-medikation.fsh
  Line: 43 - 47
error Element MedicationStatement.medication[x]:medicationCodeableConcept has minimum cardinality 1 but occurs 0 time(s).
  File: /Users/thome/code/fhir-profiling/mtb-template-migration/input/fsh/examples/mii-exa-mtb-kim-musterperson-medikation.fsh
  Line: 43 - 47
error Element MedicationStatement.dosage.doseAndRate.dose[x]:doseQuantity.system has minimum cardinality 1 but occurs 0 time(s).
  File: /Users/thome/code/fhir-profiling/mtb-template-migration/input/fsh/examples/mii-exa-mtb-kim-musterperson-medikation.fsh
  Line: 43 - 47
error Element MedicationStatement.dosage.doseAndRate.dose[x]:doseQuantity.system has minimum cardinality 1 but occurs 0 time(s).
  File: /Users/thome/code/fhir-profiling/mtb-template-migration/input/fsh/examples/mii-exa-mtb-kim-musterperson-medikation.fsh
  Line: 43 - 47
error Element MedicationStatement.dosage.doseAndRate.dose[x]:doseQuantity.system has minimum cardinality 1 but occurs 0 time(s).
  File: /Users/thome/code/fhir-profiling/mtb-template-migration/input/fsh/examples/mii-exa-mtb-kim-musterperson-medikation.fsh
  Line: 43 - 47
error Cannot find definition for Instance: $UCUM. Skipping rule.
  File: /Users/thome/code/fhir-profiling/mtb-template-migration/input/fsh/examples/mii-exa-mtb-kim-musterperson-medikation.fsh
  Line: 13
  Applied in File: /Users/thome/code/fhir-profiling/mtb-template-migration/input/fsh/examples/mii-exa-mtb-kim-musterperson-medikation.fsh
  Applied on Line: 52 - 53
error Resolved value "$ATC_DE" is not a valid URI.
  File: /Users/thome/code/fhir-profiling/mtb-template-migration/input/fsh/examples/mii-exa-mtb-kim-musterperson-medikation.fsh
  Line: 6
  Applied in File: /Users/thome/code/fhir-profiling/mtb-template-migration/input/fsh/examples/mii-exa-mtb-kim-musterperson-medikation.fsh
  Applied on Line: 52 - 53
error Element MedicationStatement.medication[x] has minimum cardinality 1 but occurs 0 time(s).
  File: /Users/thome/code/fhir-profiling/mtb-template-migration/input/fsh/examples/mii-exa-mtb-kim-musterperson-medikation.fsh
  Line: 49 - 53
error Element MedicationStatement.medication[x]:medicationCodeableConcept has minimum cardinality 1 but occurs 0 time(s).
  File: /Users/thome/code/fhir-profiling/mtb-template-migration/input/fsh/examples/mii-exa-mtb-kim-musterperson-medikation.fsh
  Line: 49 - 53
error Element MedicationStatement.dosage.doseAndRate.dose[x]:doseQuantity.system has minimum cardinality 1 but occurs 0 time(s).
  File: /Users/thome/code/fhir-profiling/mtb-template-migration/input/fsh/examples/mii-exa-mtb-kim-musterperson-medikation.fsh
  Line: 49 - 53
error Element MedicationStatement.dosage.doseAndRate.dose[x]:doseQuantity.system has minimum cardinality 1 but occurs 0 time(s).
  File: /Users/thome/code/fhir-profiling/mtb-template-migration/input/fsh/examples/mii-exa-mtb-kim-musterperson-medikation.fsh
  Line: 49 - 53
error Element MedicationStatement.dosage.doseAndRate.dose[x]:doseQuantity.system has minimum cardinality 1 but occurs 0 time(s).
  File: /Users/thome/code/fhir-profiling/mtb-template-migration/input/fsh/examples/mii-exa-mtb-kim-musterperson-medikation.fsh
  Line: 49 - 53
error Cannot find definition for Instance: $UCUM. Skipping rule.
  File: /Users/thome/code/fhir-profiling/mtb-template-migration/input/fsh/examples/mii-exa-mtb-kim-musterperson-medikation.fsh
  Line: 13
  Applied in File: /Users/thome/code/fhir-profiling/mtb-template-migration/input/fsh/examples/mii-exa-mtb-kim-musterperson-medikation.fsh
  Applied on Line: 68 - 69
error Resolved value "$ATC_DE" is not a valid URI.
  File: /Users/thome/code/fhir-profiling/mtb-template-migration/input/fsh/examples/mii-exa-mtb-kim-musterperson-medikation.fsh
  Line: 6
  Applied in File: /Users/thome/code/fhir-profiling/mtb-template-migration/input/fsh/examples/mii-exa-mtb-kim-musterperson-medikation.fsh
  Applied on Line: 68 - 69
error Element MedicationStatement.medication[x] has minimum cardinality 1 but occurs 0 time(s).
  File: /Users/thome/code/fhir-profiling/mtb-template-migration/input/fsh/examples/mii-exa-mtb-kim-musterperson-medikation.fsh
  Line: 65 - 69
error Element MedicationStatement.medication[x]:medicationCodeableConcept has minimum cardinality 1 but occurs 0 time(s).
  File: /Users/thome/code/fhir-profiling/mtb-template-migration/input/fsh/examples/mii-exa-mtb-kim-musterperson-medikation.fsh
  Line: 65 - 69
error Element MedicationStatement.dosage.doseAndRate.dose[x]:doseQuantity.system has minimum cardinality 1 but occurs 0 time(s).
  File: /Users/thome/code/fhir-profiling/mtb-template-migration/input/fsh/examples/mii-exa-mtb-kim-musterperson-medikation.fsh
  Line: 65 - 69
error Element MedicationStatement.dosage.doseAndRate.dose[x]:doseQuantity.system has minimum cardinality 1 but occurs 0 time(s).
  File: /Users/thome/code/fhir-profiling/mtb-template-migration/input/fsh/examples/mii-exa-mtb-kim-musterperson-medikation.fsh
  Line: 65 - 69
error Element MedicationStatement.dosage.doseAndRate.dose[x]:doseQuantity.system has minimum cardinality 1 but occurs 0 time(s).
  File: /Users/thome/code/fhir-profiling/mtb-template-migration/input/fsh/examples/mii-exa-mtb-kim-musterperson-medikation.fsh
  Line: 65 - 69
error Cannot find definition for Instance: $UCUM. Skipping rule.
  File: /Users/thome/code/fhir-profiling/mtb-template-migration/input/fsh/examples/mii-exa-mtb-kim-musterperson-medikation.fsh
  Line: 13
  Applied in File: /Users/thome/code/fhir-profiling/mtb-template-migration/input/fsh/examples/mii-exa-mtb-kim-musterperson-medikation.fsh
  Applied on Line: 74 - 75
error Resolved value "$ATC_DE" is not a valid URI.
  File: /Users/thome/code/fhir-profiling/mtb-template-migration/input/fsh/examples/mii-exa-mtb-kim-musterperson-medikation.fsh
  Line: 6
  Applied in File: /Users/thome/code/fhir-profiling/mtb-template-migration/input/fsh/examples/mii-exa-mtb-kim-musterperson-medikation.fsh
  Applied on Line: 74 - 75
error Element MedicationStatement.medication[x] has minimum cardinality 1 but occurs 0 time(s).
  File: /Users/thome/code/fhir-profiling/mtb-template-migration/input/fsh/examples/mii-exa-mtb-kim-musterperson-medikation.fsh
  Line: 71 - 75
error Element MedicationStatement.medication[x]:medicationCodeableConcept has minimum cardinality 1 but occurs 0 time(s).
  File: /Users/thome/code/fhir-profiling/mtb-template-migration/input/fsh/examples/mii-exa-mtb-kim-musterperson-medikation.fsh
  Line: 71 - 75
error Element MedicationStatement.dosage.doseAndRate.dose[x]:doseQuantity.system has minimum cardinality 1 but occurs 0 time(s).
  File: /Users/thome/code/fhir-profiling/mtb-template-migration/input/fsh/examples/mii-exa-mtb-kim-musterperson-medikation.fsh
  Line: 71 - 75
error Element MedicationStatement.dosage.doseAndRate.dose[x]:doseQuantity.system has minimum cardinality 1 but occurs 0 time(s).
  File: /Users/thome/code/fhir-profiling/mtb-template-migration/input/fsh/examples/mii-exa-mtb-kim-musterperson-medikation.fsh
  Line: 71 - 75
error Element MedicationStatement.dosage.doseAndRate.dose[x]:doseQuantity.system has minimum cardinality 1 but occurs 0 time(s).
  File: /Users/thome/code/fhir-profiling/mtb-template-migration/input/fsh/examples/mii-exa-mtb-kim-musterperson-medikation.fsh
  Line: 71 - 75
error Cannot find definition for Instance: $UCUM. Skipping rule.
  File: /Users/thome/code/fhir-profiling/mtb-template-migration/input/fsh/examples/mii-exa-mtb-kim-musterperson-medikation.fsh
  Line: 13
  Applied in File: /Users/thome/code/fhir-profiling/mtb-template-migration/input/fsh/examples/mii-exa-mtb-kim-musterperson-medikation.fsh
  Applied on Line: 90 - 91
error Resolved value "$ATC_DE" is not a valid URI.
  File: /Users/thome/code/fhir-profiling/mtb-template-migration/input/fsh/examples/mii-exa-mtb-kim-musterperson-medikation.fsh
  Line: 6
  Applied in File: /Users/thome/code/fhir-profiling/mtb-template-migration/input/fsh/examples/mii-exa-mtb-kim-musterperson-medikation.fsh
  Applied on Line: 90 - 91
error Element MedicationStatement.medication[x] has minimum cardinality 1 but occurs 0 time(s).
  File: /Users/thome/code/fhir-profiling/mtb-template-migration/input/fsh/examples/mii-exa-mtb-kim-musterperson-medikation.fsh
  Line: 87 - 91
error Element MedicationStatement.medication[x]:medicationCodeableConcept has minimum cardinality 1 but occurs 0 time(s).
  File: /Users/thome/code/fhir-profiling/mtb-template-migration/input/fsh/examples/mii-exa-mtb-kim-musterperson-medikation.fsh
  Line: 87 - 91
error Element MedicationStatement.dosage.doseAndRate.dose[x]:doseQuantity.system has minimum cardinality 1 but occurs 0 time(s).
  File: /Users/thome/code/fhir-profiling/mtb-template-migration/input/fsh/examples/mii-exa-mtb-kim-musterperson-medikation.fsh
  Line: 87 - 91
error Element MedicationStatement.dosage.doseAndRate.dose[x]:doseQuantity.system has minimum cardinality 1 but occurs 0 time(s).
  File: /Users/thome/code/fhir-profiling/mtb-template-migration/input/fsh/examples/mii-exa-mtb-kim-musterperson-medikation.fsh
  Line: 87 - 91
error Element MedicationStatement.dosage.doseAndRate.dose[x]:doseQuantity.system has minimum cardinality 1 but occurs 0 time(s).
  File: /Users/thome/code/fhir-profiling/mtb-template-migration/input/fsh/examples/mii-exa-mtb-kim-musterperson-medikation.fsh
  Line: 87 - 91
error Cannot find definition for Instance: $UCUM. Skipping rule.
  File: /Users/thome/code/fhir-profiling/mtb-template-migration/input/fsh/examples/mii-exa-mtb-kim-musterperson-medikation.fsh
  Line: 13
  Applied in File: /Users/thome/code/fhir-profiling/mtb-template-migration/input/fsh/examples/mii-exa-mtb-kim-musterperson-medikation.fsh
  Applied on Line: 96 - 97
error Resolved value "$ATC_DE" is not a valid URI.
  File: /Users/thome/code/fhir-profiling/mtb-template-migration/input/fsh/examples/mii-exa-mtb-kim-musterperson-medikation.fsh
  Line: 6
  Applied in File: /Users/thome/code/fhir-profiling/mtb-template-migration/input/fsh/examples/mii-exa-mtb-kim-musterperson-medikation.fsh
  Applied on Line: 96 - 97
error Element MedicationStatement.medication[x] has minimum cardinality 1 but occurs 0 time(s).
  File: /Users/thome/code/fhir-profiling/mtb-template-migration/input/fsh/examples/mii-exa-mtb-kim-musterperson-medikation.fsh
  Line: 93 - 97
error Element MedicationStatement.medication[x]:medicationCodeableConcept has minimum cardinality 1 but occurs 0 time(s).
  File: /Users/thome/code/fhir-profiling/mtb-template-migration/input/fsh/examples/mii-exa-mtb-kim-musterperson-medikation.fsh
  Line: 93 - 97
error Element MedicationStatement.dosage.doseAndRate.dose[x]:doseQuantity.system has minimum cardinality 1 but occurs 0 time(s).
  File: /Users/thome/code/fhir-profiling/mtb-template-migration/input/fsh/examples/mii-exa-mtb-kim-musterperson-medikation.fsh
  Line: 93 - 97
error Element MedicationStatement.dosage.doseAndRate.dose[x]:doseQuantity.system has minimum cardinality 1 but occurs 0 time(s).
  File: /Users/thome/code/fhir-profiling/mtb-template-migration/input/fsh/examples/mii-exa-mtb-kim-musterperson-medikation.fsh
  Line: 93 - 97
error Element MedicationStatement.dosage.doseAndRate.dose[x]:doseQuantity.system has minimum cardinality 1 but occurs 0 time(s).
  File: /Users/thome/code/fhir-profiling/mtb-template-migration/input/fsh/examples/mii-exa-mtb-kim-musterperson-medikation.fsh
  Line: 93 - 97
error Cannot find definition for Instance: $UCUM. Skipping rule.
  File: /Users/thome/code/fhir-profiling/mtb-template-migration/input/fsh/examples/mii-exa-mtb-kim-musterperson-medikation.fsh
  Line: 13
  Applied in File: /Users/thome/code/fhir-profiling/mtb-template-migration/input/fsh/examples/mii-exa-mtb-kim-musterperson-medikation.fsh
  Applied on Line: 112 - 113
error Resolved value "$ATC_DE" is not a valid URI.
  File: /Users/thome/code/fhir-profiling/mtb-template-migration/input/fsh/examples/mii-exa-mtb-kim-musterperson-medikation.fsh
  Line: 6
  Applied in File: /Users/thome/code/fhir-profiling/mtb-template-migration/input/fsh/examples/mii-exa-mtb-kim-musterperson-medikation.fsh
  Applied on Line: 112 - 113
error Element MedicationStatement.medication[x] has minimum cardinality 1 but occurs 0 time(s).
  File: /Users/thome/code/fhir-profiling/mtb-template-migration/input/fsh/examples/mii-exa-mtb-kim-musterperson-medikation.fsh
  Line: 109 - 113
error Element MedicationStatement.medication[x]:medicationCodeableConcept has minimum cardinality 1 but occurs 0 time(s).
  File: /Users/thome/code/fhir-profiling/mtb-template-migration/input/fsh/examples/mii-exa-mtb-kim-musterperson-medikation.fsh
  Line: 109 - 113
error Element MedicationStatement.dosage.doseAndRate.dose[x]:doseQuantity.system has minimum cardinality 1 but occurs 0 time(s).
  File: /Users/thome/code/fhir-profiling/mtb-template-migration/input/fsh/examples/mii-exa-mtb-kim-musterperson-medikation.fsh
  Line: 109 - 113
error Element MedicationStatement.dosage.doseAndRate.dose[x]:doseQuantity.system has minimum cardinality 1 but occurs 0 time(s).
  File: /Users/thome/code/fhir-profiling/mtb-template-migration/input/fsh/examples/mii-exa-mtb-kim-musterperson-medikation.fsh
  Line: 109 - 113
error Element MedicationStatement.dosage.doseAndRate.dose[x]:doseQuantity.system has minimum cardinality 1 but occurs 0 time(s).
  File: /Users/thome/code/fhir-profiling/mtb-template-migration/input/fsh/examples/mii-exa-mtb-kim-musterperson-medikation.fsh
  Line: 109 - 113
error Cannot find definition for Instance: $UCUM. Skipping rule.
  File: /Users/thome/code/fhir-profiling/mtb-template-migration/input/fsh/examples/mii-exa-mtb-kim-musterperson-medikation.fsh
  Line: 13
  Applied in File: /Users/thome/code/fhir-profiling/mtb-template-migration/input/fsh/examples/mii-exa-mtb-kim-musterperson-medikation.fsh
  Applied on Line: 118 - 119
error Resolved value "$ATC_DE" is not a valid URI.
  File: /Users/thome/code/fhir-profiling/mtb-template-migration/input/fsh/examples/mii-exa-mtb-kim-musterperson-medikation.fsh
  Line: 6
  Applied in File: /Users/thome/code/fhir-profiling/mtb-template-migration/input/fsh/examples/mii-exa-mtb-kim-musterperson-medikation.fsh
  Applied on Line: 118 - 119
error Element MedicationStatement.medication[x] has minimum cardinality 1 but occurs 0 time(s).
  File: /Users/thome/code/fhir-profiling/mtb-template-migration/input/fsh/examples/mii-exa-mtb-kim-musterperson-medikation.fsh
  Line: 115 - 119
error Element MedicationStatement.medication[x]:medicationCodeableConcept has minimum cardinality 1 but occurs 0 time(s).
  File: /Users/thome/code/fhir-profiling/mtb-template-migration/input/fsh/examples/mii-exa-mtb-kim-musterperson-medikation.fsh
  Line: 115 - 119
error Element MedicationStatement.dosage.doseAndRate.dose[x]:doseQuantity.system has minimum cardinality 1 but occurs 0 time(s).
  File: /Users/thome/code/fhir-profiling/mtb-template-migration/input/fsh/examples/mii-exa-mtb-kim-musterperson-medikation.fsh
  Line: 115 - 119
error Element MedicationStatement.dosage.doseAndRate.dose[x]:doseQuantity.system has minimum cardinality 1 but occurs 0 time(s).
  File: /Users/thome/code/fhir-profiling/mtb-template-migration/input/fsh/examples/mii-exa-mtb-kim-musterperson-medikation.fsh
  Line: 115 - 119
error Element MedicationStatement.dosage.doseAndRate.dose[x]:doseQuantity.system has minimum cardinality 1 but occurs 0 time(s).
  File: /Users/thome/code/fhir-profiling/mtb-template-migration/input/fsh/examples/mii-exa-mtb-kim-musterperson-medikation.fsh
  Line: 115 - 119
error Cannot find definition for Instance: $UCUM. Skipping rule.
  File: /Users/thome/code/fhir-profiling/mtb-template-migration/input/fsh/examples/mii-exa-mtb-kim-musterperson-medikation.fsh
  Line: 13
  Applied in File: /Users/thome/code/fhir-profiling/mtb-template-migration/input/fsh/examples/mii-exa-mtb-kim-musterperson-medikation.fsh
  Applied on Line: 134 - 135
error Resolved value "$ATC_DE" is not a valid URI.
  File: /Users/thome/code/fhir-profiling/mtb-template-migration/input/fsh/examples/mii-exa-mtb-kim-musterperson-medikation.fsh
  Line: 6
  Applied in File: /Users/thome/code/fhir-profiling/mtb-template-migration/input/fsh/examples/mii-exa-mtb-kim-musterperson-medikation.fsh
  Applied on Line: 134 - 135
error Element MedicationStatement.medication[x] has minimum cardinality 1 but occurs 0 time(s).
  File: /Users/thome/code/fhir-profiling/mtb-template-migration/input/fsh/examples/mii-exa-mtb-kim-musterperson-medikation.fsh
  Line: 131 - 135
error Element MedicationStatement.medication[x]:medicationCodeableConcept has minimum cardinality 1 but occurs 0 time(s).
  File: /Users/thome/code/fhir-profiling/mtb-template-migration/input/fsh/examples/mii-exa-mtb-kim-musterperson-medikation.fsh
  Line: 131 - 135
error Element MedicationStatement.dosage.doseAndRate.dose[x]:doseQuantity.system has minimum cardinality 1 but occurs 0 time(s).
  File: /Users/thome/code/fhir-profiling/mtb-template-migration/input/fsh/examples/mii-exa-mtb-kim-musterperson-medikation.fsh
  Line: 131 - 135
error Element MedicationStatement.dosage.doseAndRate.dose[x]:doseQuantity.system has minimum cardinality 1 but occurs 0 time(s).
  File: /Users/thome/code/fhir-profiling/mtb-template-migration/input/fsh/examples/mii-exa-mtb-kim-musterperson-medikation.fsh
  Line: 131 - 135
error Element MedicationStatement.dosage.doseAndRate.dose[x]:doseQuantity.system has minimum cardinality 1 but occurs 0 time(s).
  File: /Users/thome/code/fhir-profiling/mtb-template-migration/input/fsh/examples/mii-exa-mtb-kim-musterperson-medikation.fsh
  Line: 131 - 135
error Cannot find definition for Instance: $UCUM. Skipping rule.
  File: /Users/thome/code/fhir-profiling/mtb-template-migration/input/fsh/examples/mii-exa-mtb-kim-musterperson-medikation.fsh
  Line: 13
  Applied in File: /Users/thome/code/fhir-profiling/mtb-template-migration/input/fsh/examples/mii-exa-mtb-kim-musterperson-medikation.fsh
  Applied on Line: 140 - 141
error Resolved value "$ATC_DE" is not a valid URI.
  File: /Users/thome/code/fhir-profiling/mtb-template-migration/input/fsh/examples/mii-exa-mtb-kim-musterperson-medikation.fsh
  Line: 6
  Applied in File: /Users/thome/code/fhir-profiling/mtb-template-migration/input/fsh/examples/mii-exa-mtb-kim-musterperson-medikation.fsh
  Applied on Line: 140 - 141
error Element MedicationStatement.medication[x] has minimum cardinality 1 but occurs 0 time(s).
  File: /Users/thome/code/fhir-profiling/mtb-template-migration/input/fsh/examples/mii-exa-mtb-kim-musterperson-medikation.fsh
  Line: 137 - 141
error Element MedicationStatement.medication[x]:medicationCodeableConcept has minimum cardinality 1 but occurs 0 time(s).
  File: /Users/thome/code/fhir-profiling/mtb-template-migration/input/fsh/examples/mii-exa-mtb-kim-musterperson-medikation.fsh
  Line: 137 - 141
error Element MedicationStatement.dosage.doseAndRate.dose[x]:doseQuantity.system has minimum cardinality 1 but occurs 0 time(s).
  File: /Users/thome/code/fhir-profiling/mtb-template-migration/input/fsh/examples/mii-exa-mtb-kim-musterperson-medikation.fsh
  Line: 137 - 141
error Element MedicationStatement.dosage.doseAndRate.dose[x]:doseQuantity.system has minimum cardinality 1 but occurs 0 time(s).
  File: /Users/thome/code/fhir-profiling/mtb-template-migration/input/fsh/examples/mii-exa-mtb-kim-musterperson-medikation.fsh
  Line: 137 - 141
error Element MedicationStatement.dosage.doseAndRate.dose[x]:doseQuantity.system has minimum cardinality 1 but occurs 0 time(s).
  File: /Users/thome/code/fhir-profiling/mtb-template-migration/input/fsh/examples/mii-exa-mtb-kim-musterperson-medikation.fsh
  Line: 137 - 141
error Cannot find definition for Instance: $UCUM. Skipping rule.
  File: /Users/thome/code/fhir-profiling/mtb-template-migration/input/fsh/examples/mii-exa-mtb-kim-musterperson-medikation.fsh
  Line: 13
  Applied in File: /Users/thome/code/fhir-profiling/mtb-template-migration/input/fsh/examples/mii-exa-mtb-kim-musterperson-medikation.fsh
  Applied on Line: 156 - 157
error Resolved value "$ATC_DE" is not a valid URI.
  File: /Users/thome/code/fhir-profiling/mtb-template-migration/input/fsh/examples/mii-exa-mtb-kim-musterperson-medikation.fsh
  Line: 6
  Applied in File: /Users/thome/code/fhir-profiling/mtb-template-migration/input/fsh/examples/mii-exa-mtb-kim-musterperson-medikation.fsh
  Applied on Line: 156 - 157
error Element MedicationStatement.medication[x] has minimum cardinality 1 but occurs 0 time(s).
  File: /Users/thome/code/fhir-profiling/mtb-template-migration/input/fsh/examples/mii-exa-mtb-kim-musterperson-medikation.fsh
  Line: 153 - 157
error Element MedicationStatement.medication[x]:medicationCodeableConcept has minimum cardinality 1 but occurs 0 time(s).
  File: /Users/thome/code/fhir-profiling/mtb-template-migration/input/fsh/examples/mii-exa-mtb-kim-musterperson-medikation.fsh
  Line: 153 - 157
error Element MedicationStatement.dosage.doseAndRate.dose[x]:doseQuantity.system has minimum cardinality 1 but occurs 0 time(s).
  File: /Users/thome/code/fhir-profiling/mtb-template-migration/input/fsh/examples/mii-exa-mtb-kim-musterperson-medikation.fsh
  Line: 153 - 157
error Element MedicationStatement.dosage.doseAndRate.dose[x]:doseQuantity.system has minimum cardinality 1 but occurs 0 time(s).
  File: /Users/thome/code/fhir-profiling/mtb-template-migration/input/fsh/examples/mii-exa-mtb-kim-musterperson-medikation.fsh
  Line: 153 - 157
error Element MedicationStatement.dosage.doseAndRate.dose[x]:doseQuantity.system has minimum cardinality 1 but occurs 0 time(s).
  File: /Users/thome/code/fhir-profiling/mtb-template-migration/input/fsh/examples/mii-exa-mtb-kim-musterperson-medikation.fsh
  Line: 153 - 157
error Cannot find definition for Instance: $UCUM. Skipping rule.
  File: /Users/thome/code/fhir-profiling/mtb-template-migration/input/fsh/examples/mii-exa-mtb-kim-musterperson-medikation.fsh
  Line: 13
  Applied in File: /Users/thome/code/fhir-profiling/mtb-template-migration/input/fsh/examples/mii-exa-mtb-kim-musterperson-medikation.fsh
  Applied on Line: 162 - 163
error Resolved value "$ATC_DE" is not a valid URI.
  File: /Users/thome/code/fhir-profiling/mtb-template-migration/input/fsh/examples/mii-exa-mtb-kim-musterperson-medikation.fsh
  Line: 6
  Applied in File: /Users/thome/code/fhir-profiling/mtb-template-migration/input/fsh/examples/mii-exa-mtb-kim-musterperson-medikation.fsh
  Applied on Line: 162 - 163
error Element MedicationStatement.medication[x] has minimum cardinality 1 but occurs 0 time(s).
  File: /Users/thome/code/fhir-profiling/mtb-template-migration/input/fsh/examples/mii-exa-mtb-kim-musterperson-medikation.fsh
  Line: 159 - 163
error Element MedicationStatement.medication[x]:medicationCodeableConcept has minimum cardinality 1 but occurs 0 time(s).
  File: /Users/thome/code/fhir-profiling/mtb-template-migration/input/fsh/examples/mii-exa-mtb-kim-musterperson-medikation.fsh
  Line: 159 - 163
error Element MedicationStatement.dosage.doseAndRate.dose[x]:doseQuantity.system has minimum cardinality 1 but occurs 0 time(s).
  File: /Users/thome/code/fhir-profiling/mtb-template-migration/input/fsh/examples/mii-exa-mtb-kim-musterperson-medikation.fsh
  Line: 159 - 163
error Element MedicationStatement.dosage.doseAndRate.dose[x]:doseQuantity.system has minimum cardinality 1 but occurs 0 time(s).
  File: /Users/thome/code/fhir-profiling/mtb-template-migration/input/fsh/examples/mii-exa-mtb-kim-musterperson-medikation.fsh
  Line: 159 - 163
error Element MedicationStatement.dosage.doseAndRate.dose[x]:doseQuantity.system has minimum cardinality 1 but occurs 0 time(s).
  File: /Users/thome/code/fhir-profiling/mtb-template-migration/input/fsh/examples/mii-exa-mtb-kim-musterperson-medikation.fsh
  Line: 159 - 163
error Resolved value "$mii-cs-onko-intention" is not a valid URI.
  File: /Users/thome/code/fhir-profiling/mtb-template-migration/input/fsh/examples/mii-exa-mtb-kim-musterperson-medikation.fsh
  Line: 173
error Resolved value "$SCT" is not a valid URI.
  File: /Users/thome/code/fhir-profiling/mtb-template-migration/input/fsh/examples/mii-exa-mtb-kim-musterperson-medikation.fsh
  Line: 176
error Resolved value "$SCT" is not a valid URI.
  File: /Users/thome/code/fhir-profiling/mtb-template-migration/input/fsh/examples/mii-exa-mtb-kim-musterperson-medikation.fsh
  Line: 177
error Resolved value "$mii-cs-onko-therapie-typ" is not a valid URI.
  File: /Users/thome/code/fhir-profiling/mtb-template-migration/input/fsh/examples/mii-exa-mtb-kim-musterperson-medikation.fsh
  Line: 178
error Resolved value "$mii-cs-onko-therapie-grund-ende" is not a valid URI.
  File: /Users/thome/code/fhir-profiling/mtb-template-migration/input/fsh/examples/mii-exa-mtb-kim-musterperson-medikation.fsh
  Line: 182
error Element Procedure.extension:Intention.value[x] has minimum cardinality 1 but occurs 0 time(s).
  File: /Users/thome/code/fhir-profiling/mtb-template-migration/input/fsh/examples/mii-exa-mtb-kim-musterperson-medikation.fsh
  Line: 167 - 183
error Element Procedure.code has minimum cardinality 1 but occurs 0 time(s).
  File: /Users/thome/code/fhir-profiling/mtb-template-migration/input/fsh/examples/mii-exa-mtb-kim-musterperson-medikation.fsh
  Line: 167 - 183
error Cannot find definition for Instance: $UCUM. Skipping rule.
  File: /Users/thome/code/fhir-profiling/mtb-template-migration/input/fsh/examples/mii-exa-mtb-kim-musterperson-medikation.fsh
  Line: 203
error Resolved value "$UNII" is not a valid URI.
  File: /Users/thome/code/fhir-profiling/mtb-template-migration/input/fsh/examples/mii-exa-mtb-kim-musterperson-medikation.fsh
  Line: 194
error Resolved value "$ATC_DE" is not a valid URI.
  File: /Users/thome/code/fhir-profiling/mtb-template-migration/input/fsh/examples/mii-exa-mtb-kim-musterperson-medikation.fsh
  Line: 195
error Element MedicationStatement.medication[x]:medicationCodeableConcept.coding:atcClassDe.code has minimum cardinality 1 but occurs 0 time(s).
  File: /Users/thome/code/fhir-profiling/mtb-template-migration/input/fsh/examples/mii-exa-mtb-kim-musterperson-medikation.fsh
  Line: 188 - 203
error Element MedicationStatement.medication[x]:medicationCodeableConcept.coding:atcClassDe.code has minimum cardinality 1 but occurs 0 time(s).
  File: /Users/thome/code/fhir-profiling/mtb-template-migration/input/fsh/examples/mii-exa-mtb-kim-musterperson-medikation.fsh
  Line: 188 - 203
error Element MedicationStatement.medication[x]:medicationCodeableConcept.coding:atcClassDe.code has minimum cardinality 1 but occurs 0 time(s).
  File: /Users/thome/code/fhir-profiling/mtb-template-migration/input/fsh/examples/mii-exa-mtb-kim-musterperson-medikation.fsh
  Line: 188 - 203
error Element MedicationStatement.dosage.doseAndRate.dose[x]:doseQuantity.system has minimum cardinality 1 but occurs 0 time(s).
  File: /Users/thome/code/fhir-profiling/mtb-template-migration/input/fsh/examples/mii-exa-mtb-kim-musterperson-medikation.fsh
  Line: 188 - 203
error Element MedicationStatement.dosage.doseAndRate.dose[x]:doseQuantity.system has minimum cardinality 1 but occurs 0 time(s).
  File: /Users/thome/code/fhir-profiling/mtb-template-migration/input/fsh/examples/mii-exa-mtb-kim-musterperson-medikation.fsh
  Line: 188 - 203
error Element MedicationStatement.dosage.doseAndRate.dose[x]:doseQuantity.system has minimum cardinality 1 but occurs 0 time(s).
  File: /Users/thome/code/fhir-profiling/mtb-template-migration/input/fsh/examples/mii-exa-mtb-kim-musterperson-medikation.fsh
  Line: 188 - 203
error Cannot find definition for Instance: $UCUM. Skipping rule.
  File: /Users/thome/code/fhir-profiling/mtb-template-migration/input/fsh/examples/mii-exa-mtb-kim-musterperson-medikation.fsh
  Line: 221
error Resolved value "$UNII" is not a valid URI.
  File: /Users/thome/code/fhir-profiling/mtb-template-migration/input/fsh/examples/mii-exa-mtb-kim-musterperson-medikation.fsh
  Line: 212
error Resolved value "$ATC_DE" is not a valid URI.
  File: /Users/thome/code/fhir-profiling/mtb-template-migration/input/fsh/examples/mii-exa-mtb-kim-musterperson-medikation.fsh
  Line: 213
error Element MedicationStatement.medication[x]:medicationCodeableConcept.coding:atcClassDe.code has minimum cardinality 1 but occurs 0 time(s).
  File: /Users/thome/code/fhir-profiling/mtb-template-migration/input/fsh/examples/mii-exa-mtb-kim-musterperson-medikation.fsh
  Line: 206 - 221
error Element MedicationStatement.medication[x]:medicationCodeableConcept.coding:atcClassDe.code has minimum cardinality 1 but occurs 0 time(s).
  File: /Users/thome/code/fhir-profiling/mtb-template-migration/input/fsh/examples/mii-exa-mtb-kim-musterperson-medikation.fsh
  Line: 206 - 221
error Element MedicationStatement.medication[x]:medicationCodeableConcept.coding:atcClassDe.code has minimum cardinality 1 but occurs 0 time(s).
  File: /Users/thome/code/fhir-profiling/mtb-template-migration/input/fsh/examples/mii-exa-mtb-kim-musterperson-medikation.fsh
  Line: 206 - 221
error Element MedicationStatement.dosage.doseAndRate.dose[x]:doseQuantity.system has minimum cardinality 1 but occurs 0 time(s).
  File: /Users/thome/code/fhir-profiling/mtb-template-migration/input/fsh/examples/mii-exa-mtb-kim-musterperson-medikation.fsh
  Line: 206 - 221
error Element MedicationStatement.dosage.doseAndRate.dose[x]:doseQuantity.system has minimum cardinality 1 but occurs 0 time(s).
  File: /Users/thome/code/fhir-profiling/mtb-template-migration/input/fsh/examples/mii-exa-mtb-kim-musterperson-medikation.fsh
  Line: 206 - 221
error Element MedicationStatement.dosage.doseAndRate.dose[x]:doseQuantity.system has minimum cardinality 1 but occurs 0 time(s).
  File: /Users/thome/code/fhir-profiling/mtb-template-migration/input/fsh/examples/mii-exa-mtb-kim-musterperson-medikation.fsh
  Line: 206 - 221
error Cannot find definition for Instance: $UCUM. Skipping rule.
  File: /Users/thome/code/fhir-profiling/mtb-template-migration/input/fsh/examples/mii-exa-mtb-kim-musterperson-medikation.fsh
  Line: 239
error Resolved value "$UNII" is not a valid URI.
  File: /Users/thome/code/fhir-profiling/mtb-template-migration/input/fsh/examples/mii-exa-mtb-kim-musterperson-medikation.fsh
  Line: 230
error Resolved value "$ATC_DE" is not a valid URI.
  File: /Users/thome/code/fhir-profiling/mtb-template-migration/input/fsh/examples/mii-exa-mtb-kim-musterperson-medikation.fsh
  Line: 231
error Element MedicationStatement.medication[x]:medicationCodeableConcept.coding:atcClassDe.code has minimum cardinality 1 but occurs 0 time(s).
  File: /Users/thome/code/fhir-profiling/mtb-template-migration/input/fsh/examples/mii-exa-mtb-kim-musterperson-medikation.fsh
  Line: 224 - 239
error Element MedicationStatement.medication[x]:medicationCodeableConcept.coding:atcClassDe.code has minimum cardinality 1 but occurs 0 time(s).
  File: /Users/thome/code/fhir-profiling/mtb-template-migration/input/fsh/examples/mii-exa-mtb-kim-musterperson-medikation.fsh
  Line: 224 - 239
error Element MedicationStatement.medication[x]:medicationCodeableConcept.coding:atcClassDe.code has minimum cardinality 1 but occurs 0 time(s).
  File: /Users/thome/code/fhir-profiling/mtb-template-migration/input/fsh/examples/mii-exa-mtb-kim-musterperson-medikation.fsh
  Line: 224 - 239
error Element MedicationStatement.dosage.doseAndRate.dose[x]:doseQuantity.system has minimum cardinality 1 but occurs 0 time(s).
  File: /Users/thome/code/fhir-profiling/mtb-template-migration/input/fsh/examples/mii-exa-mtb-kim-musterperson-medikation.fsh
  Line: 224 - 239
error Element MedicationStatement.dosage.doseAndRate.dose[x]:doseQuantity.system has minimum cardinality 1 but occurs 0 time(s).
  File: /Users/thome/code/fhir-profiling/mtb-template-migration/input/fsh/examples/mii-exa-mtb-kim-musterperson-medikation.fsh
  Line: 224 - 239
error Element MedicationStatement.dosage.doseAndRate.dose[x]:doseQuantity.system has minimum cardinality 1 but occurs 0 time(s).
  File: /Users/thome/code/fhir-profiling/mtb-template-migration/input/fsh/examples/mii-exa-mtb-kim-musterperson-medikation.fsh
  Line: 224 - 239
error Cannot find definition for Instance: $UCUM. Skipping rule.
  File: /Users/thome/code/fhir-profiling/mtb-template-migration/input/fsh/examples/mii-exa-mtb-kim-musterperson-medikation.fsh
  Line: 257
error Resolved value "$UNII" is not a valid URI.
  File: /Users/thome/code/fhir-profiling/mtb-template-migration/input/fsh/examples/mii-exa-mtb-kim-musterperson-medikation.fsh
  Line: 248
error Resolved value "$ATC_DE" is not a valid URI.
  File: /Users/thome/code/fhir-profiling/mtb-template-migration/input/fsh/examples/mii-exa-mtb-kim-musterperson-medikation.fsh
  Line: 249
error Element MedicationStatement.medication[x]:medicationCodeableConcept.coding:atcClassDe.code has minimum cardinality 1 but occurs 0 time(s).
  File: /Users/thome/code/fhir-profiling/mtb-template-migration/input/fsh/examples/mii-exa-mtb-kim-musterperson-medikation.fsh
  Line: 242 - 257
error Element MedicationStatement.medication[x]:medicationCodeableConcept.coding:atcClassDe.code has minimum cardinality 1 but occurs 0 time(s).
  File: /Users/thome/code/fhir-profiling/mtb-template-migration/input/fsh/examples/mii-exa-mtb-kim-musterperson-medikation.fsh
  Line: 242 - 257
error Element MedicationStatement.medication[x]:medicationCodeableConcept.coding:atcClassDe.code has minimum cardinality 1 but occurs 0 time(s).
  File: /Users/thome/code/fhir-profiling/mtb-template-migration/input/fsh/examples/mii-exa-mtb-kim-musterperson-medikation.fsh
  Line: 242 - 257
error Element MedicationStatement.dosage.doseAndRate.dose[x]:doseQuantity.system has minimum cardinality 1 but occurs 0 time(s).
  File: /Users/thome/code/fhir-profiling/mtb-template-migration/input/fsh/examples/mii-exa-mtb-kim-musterperson-medikation.fsh
  Line: 242 - 257
error Element MedicationStatement.dosage.doseAndRate.dose[x]:doseQuantity.system has minimum cardinality 1 but occurs 0 time(s).
  File: /Users/thome/code/fhir-profiling/mtb-template-migration/input/fsh/examples/mii-exa-mtb-kim-musterperson-medikation.fsh
  Line: 242 - 257
error Element MedicationStatement.dosage.doseAndRate.dose[x]:doseQuantity.system has minimum cardinality 1 but occurs 0 time(s).
  File: /Users/thome/code/fhir-profiling/mtb-template-migration/input/fsh/examples/mii-exa-mtb-kim-musterperson-medikation.fsh
  Line: 242 - 257
error Cannot find definition for Instance: $UCUM. Skipping rule.
  File: /Users/thome/code/fhir-profiling/mtb-template-migration/input/fsh/examples/mii-exa-mtb-kim-musterperson-medikation.fsh
  Line: 275
error Resolved value "$UNII" is not a valid URI.
  File: /Users/thome/code/fhir-profiling/mtb-template-migration/input/fsh/examples/mii-exa-mtb-kim-musterperson-medikation.fsh
  Line: 266
error Resolved value "$ATC_DE" is not a valid URI.
  File: /Users/thome/code/fhir-profiling/mtb-template-migration/input/fsh/examples/mii-exa-mtb-kim-musterperson-medikation.fsh
  Line: 267
error Element MedicationStatement.medication[x]:medicationCodeableConcept.coding:atcClassDe.code has minimum cardinality 1 but occurs 0 time(s).
  File: /Users/thome/code/fhir-profiling/mtb-template-migration/input/fsh/examples/mii-exa-mtb-kim-musterperson-medikation.fsh
  Line: 260 - 275
error Element MedicationStatement.medication[x]:medicationCodeableConcept.coding:atcClassDe.code has minimum cardinality 1 but occurs 0 time(s).
  File: /Users/thome/code/fhir-profiling/mtb-template-migration/input/fsh/examples/mii-exa-mtb-kim-musterperson-medikation.fsh
  Line: 260 - 275
error Element MedicationStatement.medication[x]:medicationCodeableConcept.coding:atcClassDe.code has minimum cardinality 1 but occurs 0 time(s).
  File: /Users/thome/code/fhir-profiling/mtb-template-migration/input/fsh/examples/mii-exa-mtb-kim-musterperson-medikation.fsh
  Line: 260 - 275
error Element MedicationStatement.dosage.doseAndRate.dose[x]:doseQuantity.system has minimum cardinality 1 but occurs 0 time(s).
  File: /Users/thome/code/fhir-profiling/mtb-template-migration/input/fsh/examples/mii-exa-mtb-kim-musterperson-medikation.fsh
  Line: 260 - 275
error Element MedicationStatement.dosage.doseAndRate.dose[x]:doseQuantity.system has minimum cardinality 1 but occurs 0 time(s).
  File: /Users/thome/code/fhir-profiling/mtb-template-migration/input/fsh/examples/mii-exa-mtb-kim-musterperson-medikation.fsh
  Line: 260 - 275
error Element MedicationStatement.dosage.doseAndRate.dose[x]:doseQuantity.system has minimum cardinality 1 but occurs 0 time(s).
  File: /Users/thome/code/fhir-profiling/mtb-template-migration/input/fsh/examples/mii-exa-mtb-kim-musterperson-medikation.fsh
  Line: 260 - 275
error Cannot find definition for Instance: $UCUM. Skipping rule.
  File: /Users/thome/code/fhir-profiling/mtb-template-migration/input/fsh/examples/mii-exa-mtb-kim-musterperson-medikation.fsh
  Line: 293
error Resolved value "$UNII" is not a valid URI.
  File: /Users/thome/code/fhir-profiling/mtb-template-migration/input/fsh/examples/mii-exa-mtb-kim-musterperson-medikation.fsh
  Line: 284
error Resolved value "$ATC_DE" is not a valid URI.
  File: /Users/thome/code/fhir-profiling/mtb-template-migration/input/fsh/examples/mii-exa-mtb-kim-musterperson-medikation.fsh
  Line: 285
error Element MedicationStatement.medication[x]:medicationCodeableConcept.coding:atcClassDe.code has minimum cardinality 1 but occurs 0 time(s).
  File: /Users/thome/code/fhir-profiling/mtb-template-migration/input/fsh/examples/mii-exa-mtb-kim-musterperson-medikation.fsh
  Line: 278 - 293
error Element MedicationStatement.medication[x]:medicationCodeableConcept.coding:atcClassDe.code has minimum cardinality 1 but occurs 0 time(s).
  File: /Users/thome/code/fhir-profiling/mtb-template-migration/input/fsh/examples/mii-exa-mtb-kim-musterperson-medikation.fsh
  Line: 278 - 293
error Element MedicationStatement.medication[x]:medicationCodeableConcept.coding:atcClassDe.code has minimum cardinality 1 but occurs 0 time(s).
  File: /Users/thome/code/fhir-profiling/mtb-template-migration/input/fsh/examples/mii-exa-mtb-kim-musterperson-medikation.fsh
  Line: 278 - 293
error Element MedicationStatement.dosage.doseAndRate.dose[x]:doseQuantity.system has minimum cardinality 1 but occurs 0 time(s).
  File: /Users/thome/code/fhir-profiling/mtb-template-migration/input/fsh/examples/mii-exa-mtb-kim-musterperson-medikation.fsh
  Line: 278 - 293
error Element MedicationStatement.dosage.doseAndRate.dose[x]:doseQuantity.system has minimum cardinality 1 but occurs 0 time(s).
  File: /Users/thome/code/fhir-profiling/mtb-template-migration/input/fsh/examples/mii-exa-mtb-kim-musterperson-medikation.fsh
  Line: 278 - 293
error Element MedicationStatement.dosage.doseAndRate.dose[x]:doseQuantity.system has minimum cardinality 1 but occurs 0 time(s).
  File: /Users/thome/code/fhir-profiling/mtb-template-migration/input/fsh/examples/mii-exa-mtb-kim-musterperson-medikation.fsh
  Line: 278 - 293
error Resolved value "$LNC" is not a valid URI.
  File: /Users/thome/code/fhir-profiling/mtb-template-migration/input/fsh/examples/mii-exa-mtb-kim-musterperson-ngs-bericht.fsh
  Line: 10
error Element DiagnosticReport.code has minimum cardinality 1 but occurs 0 time(s).
  File: /Users/thome/code/fhir-profiling/mtb-template-migration/input/fsh/examples/mii-exa-mtb-kim-musterperson-ngs-bericht.fsh
  Line: 2 - 16
error Resolved value "$LNC" is not a valid URI.
  File: /Users/thome/code/fhir-profiling/mtb-template-migration/input/fsh/examples/mii-exa-mtb-kim-musterperson-ngs-bericht.fsh
  Line: 46
error Resolved value "$fhir-observation-category" is not a valid URI.
  File: /Users/thome/code/fhir-profiling/mtb-template-migration/input/fsh/examples/mii-exa-mtb-kim-musterperson-ngs-bericht.fsh
  Line: 84
error Resolved value "$LNC" is not a valid URI.
  File: /Users/thome/code/fhir-profiling/mtb-template-migration/input/fsh/examples/mii-exa-mtb-kim-musterperson-ngs-bericht.fsh
  Line: 85
error Resolved value "$LNC" is not a valid URI.
  File: /Users/thome/code/fhir-profiling/mtb-template-migration/input/fsh/examples/mii-exa-mtb-kim-musterperson-ngs-bericht.fsh
  Line: 86
error Resolved value "$LNC" is not a valid URI.
  File: /Users/thome/code/fhir-profiling/mtb-template-migration/input/fsh/examples/mii-exa-mtb-kim-musterperson-ngs-bericht.fsh
  Line: 88
error Resolved value "$HGNC" is not a valid URI.
  File: /Users/thome/code/fhir-profiling/mtb-template-migration/input/fsh/examples/mii-exa-mtb-kim-musterperson-ngs-bericht.fsh
  Line: 89
error Resolved value "$LNC" is not a valid URI.
  File: /Users/thome/code/fhir-profiling/mtb-template-migration/input/fsh/examples/mii-exa-mtb-kim-musterperson-ngs-bericht.fsh
  Line: 90
error Resolved value "$HGVS" is not a valid URI.
  File: /Users/thome/code/fhir-profiling/mtb-template-migration/input/fsh/examples/mii-exa-mtb-kim-musterperson-ngs-bericht.fsh
  Line: 91
error InstanceOf MII_PR_MTB_Diagnostische_Implikation not found for mii-exa-mtb-kim-musterperson-DiagnostischeImplikation-TP53
  File: /Users/thome/code/fhir-profiling/mtb-template-migration/input/fsh/examples/bundle/mii-exa-mtb-kim-musterperson-bundle.fsh
  Line: 8 - 169
error Resolved value "$mii-cs-mtb-bestimmungsmethode-tumorzellgehalt" is not a valid URI.
  File: /Users/thome/code/fhir-profiling/mtb-template-migration/input/fsh/examples/mii-exa-mtb-kim-musterperson-auftraege.fsh
  Line: 10
error Element Observation.code has minimum cardinality 1 but occurs 0 time(s).
  File: /Users/thome/code/fhir-profiling/mtb-template-migration/input/fsh/examples/mii-exa-mtb-kim-musterperson-auftraege.fsh
  Line: 1 - 10
error Element Observation.method has minimum cardinality 1 but occurs 0 time(s).
  File: /Users/thome/code/fhir-profiling/mtb-template-migration/input/fsh/examples/mii-exa-mtb-kim-musterperson-auftraege.fsh
  Line: 1 - 10
error Resolved value "$SCT" is not a valid URI.
  File: /Users/thome/code/fhir-profiling/mtb-template-migration/input/fsh/examples/mii-exa-mtb-kim-musterperson-auftraege.fsh
  Line: 20
error Resolved value "$mii-cs-mtb-auftrag-begruendung" is not a valid URI.
  File: /Users/thome/code/fhir-profiling/mtb-template-migration/input/fsh/examples/mii-exa-mtb-kim-musterperson-auftraege.fsh
  Line: 22
error Element ServiceRequest.code has minimum cardinality 1 but occurs 0 time(s).
  File: /Users/thome/code/fhir-profiling/mtb-template-migration/input/fsh/examples/mii-exa-mtb-kim-musterperson-auftraege.fsh
  Line: 12 - 23
error Resolved value "$SCT" is not a valid URI.
  File: /Users/thome/code/fhir-profiling/mtb-template-migration/input/fsh/examples/mii-exa-mtb-kim-musterperson-auftraege.fsh
  Line: 33
error Element ServiceRequest.code has minimum cardinality 1 but occurs 0 time(s).
  File: /Users/thome/code/fhir-profiling/mtb-template-migration/input/fsh/examples/mii-exa-mtb-kim-musterperson-auftraege.fsh
  Line: 25 - 36
error Resolved value "$SCT" is not a valid URI.
  File: /Users/thome/code/fhir-profiling/mtb-template-migration/input/fsh/examples/mii-exa-mtb-kim-musterperson-auftraege.fsh
  Line: 46
error Element ServiceRequest.code has minimum cardinality 1 but occurs 0 time(s).
  File: /Users/thome/code/fhir-profiling/mtb-template-migration/input/fsh/examples/mii-exa-mtb-kim-musterperson-auftraege.fsh
  Line: 38 - 49
error Resolved value "$fhir-observation-category" is not a valid URI.
  File: /Users/thome/code/fhir-profiling/mtb-template-migration/input/fsh/examples/mii-exa-mtb-kim-musterperson-cancer-molpatho.fsh
  Line: 50
error Resolved value "$TBD" is not a valid URI.
  File: /Users/thome/code/fhir-profiling/mtb-template-migration/input/fsh/examples/mii-exa-mtb-kim-musterperson-cancer-molpatho.fsh
  Line: 51
error Resolved value "$LNC" is not a valid URI.
  File: /Users/thome/code/fhir-profiling/mtb-template-migration/input/fsh/examples/mii-exa-mtb-kim-musterperson-cancer-molpatho.fsh
  Line: 54
error Resolved value "$SCT" is not a valid URI.
  File: /Users/thome/code/fhir-profiling/mtb-template-migration/input/fsh/examples/mii-exa-mtb-kim-musterperson-cancer-molpatho.fsh
  Line: 55
error Resolved value "$SCT" is not a valid URI.
  File: /Users/thome/code/fhir-profiling/mtb-template-migration/input/fsh/examples/mii-exa-mtb-kim-musterperson-cancer-molpatho.fsh
  Line: 60
error Element Observation.code has minimum cardinality 1 but occurs 0 time(s).
  File: /Users/thome/code/fhir-profiling/mtb-template-migration/input/fsh/examples/mii-exa-mtb-kim-musterperson-cancer-molpatho.fsh
  Line: 42 - 68
error Element Observation.method has minimum cardinality 1 but occurs 0 time(s).
  File: /Users/thome/code/fhir-profiling/mtb-template-migration/input/fsh/examples/mii-exa-mtb-kim-musterperson-cancer-molpatho.fsh
  Line: 42 - 68
error Element Observation.component.code has minimum cardinality 1 but occurs 0 time(s).
  File: /Users/thome/code/fhir-profiling/mtb-template-migration/input/fsh/examples/mii-exa-mtb-kim-musterperson-cancer-molpatho.fsh
  Line: 42 - 68
error Element Observation.component.code has minimum cardinality 1 but occurs 0 time(s).
  File: /Users/thome/code/fhir-profiling/mtb-template-migration/input/fsh/examples/mii-exa-mtb-kim-musterperson-cancer-molpatho.fsh
  Line: 42 - 68
error Element Observation.component.code has minimum cardinality 1 but occurs 0 time(s).
  File: /Users/thome/code/fhir-profiling/mtb-template-migration/input/fsh/examples/mii-exa-mtb-kim-musterperson-cancer-molpatho.fsh
  Line: 42 - 68
error Element Observation.component:target-signals.code has minimum cardinality 1 but occurs 0 time(s).
  File: /Users/thome/code/fhir-profiling/mtb-template-migration/input/fsh/examples/mii-exa-mtb-kim-musterperson-cancer-molpatho.fsh
  Line: 42 - 68
error Element Observation.component:reference-signals.code has minimum cardinality 1 but occurs 0 time(s).
  File: /Users/thome/code/fhir-profiling/mtb-template-migration/input/fsh/examples/mii-exa-mtb-kim-musterperson-cancer-molpatho.fsh
  Line: 42 - 68
error Element Observation.component:cells-counted.code has minimum cardinality 1 but occurs 0 time(s).
  File: /Users/thome/code/fhir-profiling/mtb-template-migration/input/fsh/examples/mii-exa-mtb-kim-musterperson-cancer-molpatho.fsh
  Line: 42 - 68
error Resolved value "$condition-ver-status" is not a valid URI.
  File: /Users/thome/code/fhir-profiling/mtb-template-migration/input/fsh/examples/mii-exa-mtb-kim-musterperson-diagnose.fsh
  Line: 11
error Resolved value "$mii-cs-onko-primaertumor-diagnosesicherung" is not a valid URI.
  File: /Users/thome/code/fhir-profiling/mtb-template-migration/input/fsh/examples/mii-exa-mtb-kim-musterperson-diagnose.fsh
  Line: 12
error Resolved value "$ICD10GM" is not a valid URI.
  File: /Users/thome/code/fhir-profiling/mtb-template-migration/input/fsh/examples/mii-exa-mtb-kim-musterperson-diagnose.fsh
  Line: 13
error Resolved value "$ICDO3" is not a valid URI.
  File: /Users/thome/code/fhir-profiling/mtb-template-migration/input/fsh/examples/mii-exa-mtb-kim-musterperson-diagnose.fsh
  Line: 15
error Resolved value "$SCT" is not a valid URI.
  File: /Users/thome/code/fhir-profiling/mtb-template-migration/input/fsh/examples/mii-exa-mtb-kim-musterperson-diagnose.fsh
  Line: 17
error Element Condition.stage:OncoTree.type has minimum cardinality 1 but occurs 0 time(s).
  File: /Users/thome/code/fhir-profiling/mtb-template-migration/input/fsh/examples/mii-exa-mtb-kim-musterperson-diagnose.fsh
  Line: 1 - 18
error Element Condition.stage:ErstdiagnoseZeitpunkt.type has minimum cardinality 1 but occurs 0 time(s).
  File: /Users/thome/code/fhir-profiling/mtb-template-migration/input/fsh/examples/mii-exa-mtb-kim-musterperson-diagnose.fsh
  Line: 1 - 18
error Resolved value "$SCT" is not a valid URI.
  File: /Users/thome/code/fhir-profiling/mtb-template-migration/input/fsh/examples/mii-exa-mtb-kim-musterperson-diagnose.fsh
  Line: 27
error Resolved value "$SCT" is not a valid URI.
  File: /Users/thome/code/fhir-profiling/mtb-template-migration/input/fsh/examples/mii-exa-mtb-kim-musterperson-diagnose.fsh
  Line: 30
error Element Observation.category has minimum cardinality 1 but occurs 0 time(s).
  File: /Users/thome/code/fhir-profiling/mtb-template-migration/input/fsh/examples/mii-exa-mtb-kim-musterperson-diagnose.fsh
  Line: 20 - 30
error Element Observation.code has minimum cardinality 1 but occurs 0 time(s).
  File: /Users/thome/code/fhir-profiling/mtb-template-migration/input/fsh/examples/mii-exa-mtb-kim-musterperson-diagnose.fsh
  Line: 20 - 30
error Element Observation.value[x] has minimum cardinality 1 but occurs 0 time(s).
  File: /Users/thome/code/fhir-profiling/mtb-template-migration/input/fsh/examples/mii-exa-mtb-kim-musterperson-diagnose.fsh
  Line: 20 - 30
error Resolved value "$OT" is not a valid URI.
  File: /Users/thome/code/fhir-profiling/mtb-template-migration/input/fsh/examples/mii-exa-mtb-kim-musterperson-diagnose.fsh
  Line: 41
error Element Observation.code has minimum cardinality 1 but occurs 0 time(s).
  File: /Users/thome/code/fhir-profiling/mtb-template-migration/input/fsh/examples/mii-exa-mtb-kim-musterperson-diagnose.fsh
  Line: 32 - 41
error Element Observation.value[x] has minimum cardinality 1 but occurs 0 time(s).
  File: /Users/thome/code/fhir-profiling/mtb-template-migration/input/fsh/examples/mii-exa-mtb-kim-musterperson-diagnose.fsh
  Line: 32 - 41
error InstanceOf MII_PR_MTB_Diagnostische_Implikation not found for mii-exa-mtb-kim-musterperson-DiagnostischeImplikation-TP53
  File: /Users/thome/code/fhir-profiling/mtb-template-migration/input/fsh/examples/mii-exa-mtb-kim-musterperson-ngs-bericht.fsh
  Line: 94 - 106
error Resolved value "$fhir-observation-category" is not a valid URI.
  File: /Users/thome/code/fhir-profiling/mtb-template-migration/input/fsh/examples/mii-exa-mtb-kim-musterperson-ngs-bericht.fsh
  Line: 116
error Resolved value "$LNC" is not a valid URI.
  File: /Users/thome/code/fhir-profiling/mtb-template-migration/input/fsh/examples/mii-exa-mtb-kim-musterperson-ngs-bericht.fsh
  Line: 117
error Resolved value "$LNC" is not a valid URI.
  File: /Users/thome/code/fhir-profiling/mtb-template-migration/input/fsh/examples/mii-exa-mtb-kim-musterperson-ngs-bericht.fsh
  Line: 118
error Resolved value "$LNC" is not a valid URI.
  File: /Users/thome/code/fhir-profiling/mtb-template-migration/input/fsh/examples/mii-exa-mtb-kim-musterperson-ngs-bericht.fsh
  Line: 120
error Resolved value "$HGNC" is not a valid URI.
  File: /Users/thome/code/fhir-profiling/mtb-template-migration/input/fsh/examples/mii-exa-mtb-kim-musterperson-ngs-bericht.fsh
  Line: 121
error Resolved value "$LNC" is not a valid URI.
  File: /Users/thome/code/fhir-profiling/mtb-template-migration/input/fsh/examples/mii-exa-mtb-kim-musterperson-ngs-bericht.fsh
  Line: 122
error Resolved value "$HGVS" is not a valid URI.
  File: /Users/thome/code/fhir-profiling/mtb-template-migration/input/fsh/examples/mii-exa-mtb-kim-musterperson-ngs-bericht.fsh
  Line: 123
error InstanceOf MII_PR_MTB_Therapeutische_Implikation not found for mii-exa-mtb-kim-musterperson-TherapeutischeImplikation-PIK3R1
  File: /Users/thome/code/fhir-profiling/mtb-template-migration/input/fsh/examples/mii-exa-mtb-kim-musterperson-ngs-bericht.fsh
  Line: 130 - 145
error Cannot find definition for Instance: $UCUM. Skipping rule.
  File: /Users/thome/code/fhir-profiling/mtb-template-migration/input/fsh/examples/mii-exa-mtb-kim-musterperson-ngs-bericht.fsh
  Line: 165
error Resolved value "$fhir-observation-category" is not a valid URI.
  File: /Users/thome/code/fhir-profiling/mtb-template-migration/input/fsh/examples/mii-exa-mtb-kim-musterperson-ngs-bericht.fsh
  Line: 155
error Resolved value "$LNC" is not a valid URI.
  File: /Users/thome/code/fhir-profiling/mtb-template-migration/input/fsh/examples/mii-exa-mtb-kim-musterperson-ngs-bericht.fsh
  Line: 156
error Resolved value "$LNC" is not a valid URI.
  File: /Users/thome/code/fhir-profiling/mtb-template-migration/input/fsh/examples/mii-exa-mtb-kim-musterperson-ngs-bericht.fsh
  Line: 157
error Resolved value "$LNC" is not a valid URI.
  File: /Users/thome/code/fhir-profiling/mtb-template-migration/input/fsh/examples/mii-exa-mtb-kim-musterperson-ngs-bericht.fsh
  Line: 159
error Resolved value "$HGNC" is not a valid URI.
  File: /Users/thome/code/fhir-profiling/mtb-template-migration/input/fsh/examples/mii-exa-mtb-kim-musterperson-ngs-bericht.fsh
  Line: 160
error Resolved value "$bwhc-cnv-type" is not a valid URI.
  File: /Users/thome/code/fhir-profiling/mtb-template-migration/input/fsh/examples/mii-exa-mtb-kim-musterperson-ngs-bericht.fsh
  Line: 161
error Resolved value "$bwhc-cnv-type" is not a valid URI.
  File: /Users/thome/code/fhir-profiling/mtb-template-migration/input/fsh/examples/mii-exa-mtb-kim-musterperson-ngs-bericht.fsh
  Line: 162
error Resolved value "$LNC" is not a valid URI.
  File: /Users/thome/code/fhir-profiling/mtb-template-migration/input/fsh/examples/mii-exa-mtb-kim-musterperson-ngs-bericht.fsh
  Line: 163
error Element ServiceRequest.category has minimum cardinality 1 but occurs 0 time(s).
  File: /Users/thome/code/fhir-profiling/mtb-template-migration/input/fsh/examples/mii-exa-mtb-kim-musterperson-studienempfehlungen.fsh
  Line: 7 - 17
error Element ServiceRequest.code has minimum cardinality 1 but occurs 0 time(s).
  File: /Users/thome/code/fhir-profiling/mtb-template-migration/input/fsh/examples/mii-exa-mtb-kim-musterperson-studienempfehlungen.fsh
  Line: 7 - 17
error Resolved value "$SCT" is not a valid URI.
  File: /Users/thome/code/fhir-profiling/mtb-template-migration/input/fsh/examples/mii-exa-mtb-kim-musterperson-studienempfehlungen.fsh
  Line: 32
error Resolved value "$SCT" is not a valid URI.
  File: /Users/thome/code/fhir-profiling/mtb-template-migration/input/fsh/examples/mii-exa-mtb-kim-musterperson-studienempfehlungen.fsh
  Line: 101
error Resolved value "$SCT" is not a valid URI.
  File: /Users/thome/code/fhir-profiling/mtb-template-migration/input/fsh/examples/mii-exa-mtb-kim-musterperson-studienempfehlungen.fsh
  Line: 104
error Element Group.characteristic.value[x] has minimum cardinality 1 but occurs 0 time(s).
  File: /Users/thome/code/fhir-profiling/mtb-template-migration/input/fsh/examples/mii-exa-mtb-kim-musterperson-studienempfehlungen.fsh
  Line: 94 - 105
error Element Group.characteristic.value[x] has minimum cardinality 1 but occurs 0 time(s).
  File: /Users/thome/code/fhir-profiling/mtb-template-migration/input/fsh/examples/mii-exa-mtb-kim-musterperson-studienempfehlungen.fsh
  Line: 94 - 105
error Resolved value "$SCT" is not a valid URI.
  File: /Users/thome/code/fhir-profiling/mtb-template-migration/input/fsh/examples/mii-exa-mtb-kim-musterperson-studienempfehlungen.fsh
  Line: 125
error Resolved value "$SCT" is not a valid URI.
  File: /Users/thome/code/fhir-profiling/mtb-template-migration/input/fsh/examples/mii-exa-mtb-kim-musterperson-studienempfehlungen.fsh
  Line: 126
error Resolved value "$SCT" is not a valid URI.
  File: /Users/thome/code/fhir-profiling/mtb-template-migration/input/fsh/examples/mii-exa-mtb-kim-musterperson-studienempfehlungen.fsh
  Line: 147
error Resolved value "$SCT" is not a valid URI.
  File: /Users/thome/code/fhir-profiling/mtb-template-migration/input/fsh/examples/mii-exa-mtb-kim-musterperson-studienempfehlungen.fsh
  Line: 148
error Resolved value "$hl7-organization-type" is not a valid URI.
  File: /Users/thome/code/fhir-profiling/mtb-template-migration/input/fsh/examples/mii-exa-mtb-kim-musterperson-studienempfehlungen.fsh
  Line: 156
error Resolved value "$SCT" is not a valid URI.
  File: /Users/thome/code/fhir-profiling/mtb-template-migration/input/fsh/examples/mii-exa-mtb-kim-musterperson-studienempfehlungen.fsh
  Line: 164
error Element ServiceRequest.category has minimum cardinality 1 but occurs 0 time(s).
  File: /Users/thome/code/fhir-profiling/mtb-template-migration/input/fsh/examples/mii-exa-mtb-kim-musterperson-studienempfehlungen.fsh
  Line: 325 - 334
error Element ServiceRequest.code has minimum cardinality 1 but occurs 0 time(s).
  File: /Users/thome/code/fhir-profiling/mtb-template-migration/input/fsh/examples/mii-exa-mtb-kim-musterperson-studienempfehlungen.fsh
  Line: 325 - 334
error Element ServiceRequest.category has minimum cardinality 1 but occurs 0 time(s).
  File: /Users/thome/code/fhir-profiling/mtb-template-migration/input/fsh/examples/mii-exa-mtb-kim-musterperson-studienempfehlungen.fsh
  Line: 346 - 355
error Element ServiceRequest.code has minimum cardinality 1 but occurs 0 time(s).
  File: /Users/thome/code/fhir-profiling/mtb-template-migration/input/fsh/examples/mii-exa-mtb-kim-musterperson-studienempfehlungen.fsh
  Line: 346 - 355
error Resolved value "$UNII" is not a valid URI.
  File: /Users/thome/code/fhir-profiling/mtb-template-migration/input/fsh/examples/mii-exa-mtb-kim-musterperson-therapieempfehlungen.fsh
  Line: 17
error Resolved value "$ATC_DE" is not a valid URI.
  File: /Users/thome/code/fhir-profiling/mtb-template-migration/input/fsh/examples/mii-exa-mtb-kim-musterperson-therapieempfehlungen.fsh
  Line: 18
error Resolved value "$ATC_DE" is not a valid URI.
  File: /Users/thome/code/fhir-profiling/mtb-template-migration/input/fsh/examples/mii-exa-mtb-kim-musterperson-therapieempfehlungen.fsh
  Line: 20
error Resolved value "$ATC_DE" is not a valid URI.
  File: /Users/thome/code/fhir-profiling/mtb-template-migration/input/fsh/examples/mii-exa-mtb-kim-musterperson-therapieempfehlungen.fsh
  Line: 46
error Resolved value "$UNII" is not a valid URI.
  File: /Users/thome/code/fhir-profiling/mtb-template-migration/input/fsh/examples/mii-exa-mtb-kim-musterperson-therapieempfehlungen.fsh
  Line: 66
error Element MedicationRequest.medication[x] has minimum cardinality 1 but occurs 0 time(s).
  File: /Users/thome/code/fhir-profiling/mtb-template-migration/input/fsh/examples/mii-exa-mtb-kim-musterperson-therapieempfehlungen.fsh
  Line: 56 - 67
error Element MedicationRequest.medication[x]:medicationCodeableConcept has minimum cardinality 1 but occurs 0 time(s).
  File: /Users/thome/code/fhir-profiling/mtb-template-migration/input/fsh/examples/mii-exa-mtb-kim-musterperson-therapieempfehlungen.fsh
  Line: 56 - 67
error Resolved value "$ATC_DE" is not a valid URI.
  File: /Users/thome/code/fhir-profiling/mtb-template-migration/input/fsh/examples/mii-exa-mtb-kim-musterperson-therapieempfehlungen.fsh
  Line: 79
error Resolved value "$mii-cs-onko-therapie-typ" is not a valid URI.
  File: /Users/thome/code/fhir-profiling/mtb-template-migration/input/fsh/examples/mii-exa-mtb-kim-musterperson-therapieempfehlungen.fsh
  Line: 93
error Resolved value "$UNII" is not a valid URI.
  File: /Users/thome/code/fhir-profiling/mtb-template-migration/input/fsh/examples/mii-exa-mtb-kim-musterperson-therapieempfehlungen.fsh
  Line: 115
error Element MedicationRequest.medication[x] has minimum cardinality 1 but occurs 0 time(s).
  File: /Users/thome/code/fhir-profiling/mtb-template-migration/input/fsh/examples/mii-exa-mtb-kim-musterperson-therapieempfehlungen.fsh
  Line: 105 - 116
error Element MedicationRequest.medication[x]:medicationCodeableConcept has minimum cardinality 1 but occurs 0 time(s).
  File: /Users/thome/code/fhir-profiling/mtb-template-migration/input/fsh/examples/mii-exa-mtb-kim-musterperson-therapieempfehlungen.fsh
  Line: 105 - 116
error Resolved value "$UNII" is not a valid URI.
  File: /Users/thome/code/fhir-profiling/mtb-template-migration/input/fsh/examples/mii-exa-mtb-kim-musterperson-therapieempfehlungen.fsh
  Line: 128
error Element MedicationRequest.medication[x] has minimum cardinality 1 but occurs 0 time(s).
  File: /Users/thome/code/fhir-profiling/mtb-template-migration/input/fsh/examples/mii-exa-mtb-kim-musterperson-therapieempfehlungen.fsh
  Line: 118 - 129
error Element MedicationRequest.medication[x]:medicationCodeableConcept has minimum cardinality 1 but occurs 0 time(s).
  File: /Users/thome/code/fhir-profiling/mtb-template-migration/input/fsh/examples/mii-exa-mtb-kim-musterperson-therapieempfehlungen.fsh
  Line: 118 - 129
error Resolved value "$mii-cs-onko-therapie-typ" is not a valid URI.
  File: /Users/thome/code/fhir-profiling/mtb-template-migration/input/fsh/examples/mii-exa-mtb-kim-musterperson-therapieempfehlungen.fsh
  Line: 141
error Resolved value "$UNII" is not a valid URI.
  File: /Users/thome/code/fhir-profiling/mtb-template-migration/input/fsh/examples/mii-exa-mtb-kim-musterperson-therapieempfehlungen.fsh
  Line: 160
error Element MedicationRequest.medication[x] has minimum cardinality 1 but occurs 0 time(s).
  File: /Users/thome/code/fhir-profiling/mtb-template-migration/input/fsh/examples/mii-exa-mtb-kim-musterperson-therapieempfehlungen.fsh
  Line: 150 - 163
error Element MedicationRequest.medication[x]:medicationCodeableConcept has minimum cardinality 1 but occurs 0 time(s).
  File: /Users/thome/code/fhir-profiling/mtb-template-migration/input/fsh/examples/mii-exa-mtb-kim-musterperson-therapieempfehlungen.fsh
  Line: 150 - 163
error Resolved value "$mii-cs-onko-therapieplanung-typ" is not a valid URI.
  File: /Users/thome/code/fhir-profiling/mtb-template-migration/input/fsh/examples/mii-exa-mtb-kim-musterperson-therapieplan.fsh
  Line: 10
error Element CarePlan.category.coding.code has minimum cardinality 1 but occurs 0 time(s).
  File: /Users/thome/code/fhir-profiling/mtb-template-migration/input/fsh/examples/mii-exa-mtb-kim-musterperson-therapieplan.fsh
  Line: 1 - 55
error Cannot find definition for Instance: $mii-vs-mtb-therapiestatusgrund. Skipping rule.
  File: /Users/thome/code/fhir-profiling/mtb-template-migration/input/fsh/profiles/Behandlungsepisode/mii-cm-mtb-therapiestatusgrund-obds.fsh
  Line: 12 - 13
error Cannot find definition for Instance: $mii-vs-mtb-therapiestatusgrund. Skipping rule.
  File: /Users/thome/code/fhir-profiling/mtb-template-migration/input/fsh/profiles/Behandlungsepisode/mii-cm-mtb-therapiestatusgrund-sct.fsh
  Line: 12 - 13
error Resolved value "$SCT" is not a valid URI.
  File: /Users/thome/code/fhir-profiling/mtb-template-migration/input/fsh/profiles/Behandlungsepisode/mii-exa-mtb-behandlungsepisode.fsh
  Line: 20
error Resolved value "$SCT" is not a valid URI.
  File: /Users/thome/code/fhir-profiling/mtb-template-migration/input/fsh/profiles/Behandlungsepisode/mii-exa-mtb-behandlungsepisode.fsh
  Line: 22
error Resolved value "$SCT" is not a valid URI.
  File: /Users/thome/code/fhir-profiling/mtb-template-migration/input/fsh/profiles/Behandlungsepisode/mii-exa-mtb-behandlungsepisode.fsh
  Line: 25
error Resolved value "$SCT" is not a valid URI.
  File: /Users/thome/code/fhir-profiling/mtb-template-migration/input/fsh/profiles/Behandlungsepisode/mii-exa-mtb-behandlungsepisode.fsh
  Line: 28
error Resolved value "$SCT" is not a valid URI.
  File: /Users/thome/code/fhir-profiling/mtb-template-migration/input/fsh/profiles/Behandlungsepisode/mii-exa-mtb-behandlungsepisode.fsh
  Line: 31
error Resolved value "$mii-cs-mtb-zulassungsstatus" is not a valid URI.
  File: /Users/thome/code/fhir-profiling/mtb-template-migration/input/fsh/profiles/Behandlungsepisode/mii-exa-mtb-behandlungsepisode.fsh
  Line: 39
error Resolved value "$mii-cs-mtb-zulassungsstatus" is not a valid URI.
  File: /Users/thome/code/fhir-profiling/mtb-template-migration/input/fsh/profiles/Behandlungsepisode/mii-exa-mtb-behandlungsepisode.fsh
  Line: 44
error Resolved value "$mii-cs-mtb-leitlinienbehandlung-status" is not a valid URI.
  File: /Users/thome/code/fhir-profiling/mtb-template-migration/input/fsh/profiles/Behandlungsepisode/mii-exa-mtb-behandlungsepisode.fsh
  Line: 46
error Element ClinicalImpression.investigation.code has minimum cardinality 1 but occurs 0 time(s).
  File: /Users/thome/code/fhir-profiling/mtb-template-migration/input/fsh/profiles/Behandlungsepisode/mii-exa-mtb-behandlungsepisode.fsh
  Line: 1 - 46
error Element ClinicalImpression.investigation.code has minimum cardinality 1 but occurs 0 time(s).
  File: /Users/thome/code/fhir-profiling/mtb-template-migration/input/fsh/profiles/Behandlungsepisode/mii-exa-mtb-behandlungsepisode.fsh
  Line: 1 - 46
error Element ClinicalImpression.investigation.code has minimum cardinality 1 but occurs 0 time(s).
  File: /Users/thome/code/fhir-profiling/mtb-template-migration/input/fsh/profiles/Behandlungsepisode/mii-exa-mtb-behandlungsepisode.fsh
  Line: 1 - 46
error Element ClinicalImpression.investigation.code has minimum cardinality 1 but occurs 0 time(s).
  File: /Users/thome/code/fhir-profiling/mtb-template-migration/input/fsh/profiles/Behandlungsepisode/mii-exa-mtb-behandlungsepisode.fsh
  Line: 1 - 46
error Element ClinicalImpression.investigation.code has minimum cardinality 1 but occurs 0 time(s).
  File: /Users/thome/code/fhir-profiling/mtb-template-migration/input/fsh/profiles/Behandlungsepisode/mii-exa-mtb-behandlungsepisode.fsh
  Line: 1 - 46
error Element ClinicalImpression.investigation.code has minimum cardinality 1 but occurs 0 time(s).
  File: /Users/thome/code/fhir-profiling/mtb-template-migration/input/fsh/profiles/Behandlungsepisode/mii-exa-mtb-behandlungsepisode.fsh
  Line: 1 - 46
error Element ClinicalImpression.investigation:Einwilligung.code has minimum cardinality 1 but occurs 0 time(s).
  File: /Users/thome/code/fhir-profiling/mtb-template-migration/input/fsh/profiles/Behandlungsepisode/mii-exa-mtb-behandlungsepisode.fsh
  Line: 1 - 46
error Resolved value "$SCT" is not a valid URI.
  File: /Users/thome/code/fhir-profiling/mtb-template-migration/input/fsh/profiles/Behandlungsepisode/mii-exa-mtb-who-grad-tumor-zns.fsh
  Line: 13
error Resolved value "$SCT" is not a valid URI.
  File: /Users/thome/code/fhir-profiling/mtb-template-migration/input/fsh/profiles/Behandlungsepisode/mii-exa-mtb-who-grad-tumor-zns.fsh
  Line: 14
error Element Observation.code has minimum cardinality 1 but occurs 0 time(s).
  File: /Users/thome/code/fhir-profiling/mtb-template-migration/input/fsh/profiles/Behandlungsepisode/mii-exa-mtb-who-grad-tumor-zns.fsh
  Line: 1 - 14
error Element Observation.value[x] has minimum cardinality 1 but occurs 0 time(s).
  File: /Users/thome/code/fhir-profiling/mtb-template-migration/input/fsh/profiles/Behandlungsepisode/mii-exa-mtb-who-grad-tumor-zns.fsh
  Line: 1 - 14
error Resolved value "$ATC_DE" is not a valid URI.
  File: /Users/thome/code/fhir-profiling/mtb-template-migration/input/fsh/profiles/Beschluss-Therapieplan/mii-exa-mtb-therapieempfehlung-dabrafenib.fsh
  Line: 32
error Resolved value "$ATC_DE" is not a valid URI.
  File: /Users/thome/code/fhir-profiling/mtb-template-migration/input/fsh/profiles/Beschluss-Therapieplan/mii-exa-mtb-therapieempfehlung-trametinib.fsh
  Line: 32
error Resolved value "$mii-cs-onko-therapieplanung-typ" is not a valid URI.
  File: /Users/thome/code/fhir-profiling/mtb-template-migration/input/fsh/profiles/Beschluss-Therapieplan/mii-exa-mtb-therapieplan-kombinationstherapie.fsh
  Line: 28
error Element CarePlan.category.coding.code has minimum cardinality 1 but occurs 0 time(s).
  File: /Users/thome/code/fhir-profiling/mtb-template-migration/input/fsh/profiles/Beschluss-Therapieplan/mii-exa-mtb-therapieplan-kombinationstherapie.fsh
  Line: 19 - 32
error Element Claim.priority has minimum cardinality 1 but occurs 0 time(s).
  File: /Users/thome/code/fhir-profiling/mtb-template-migration/input/fsh/profiles/Follow-Up/Kostenuebernahme/mii-exa-mtb-antrag-kostenuebernahme-1.fsh
  Line: 1 - 17
error Resolved value "$mii-cs-mtb-antwort-kostenuebernahme-entscheidung" is not a valid URI.
  File: /Users/thome/code/fhir-profiling/mtb-template-migration/input/fsh/profiles/Follow-Up/Kostenuebernahme/mii-exa-mtb-antwort-kostenuebernahme-1.fsh
  Line: 13 - 14
error Resolved value "$mii-cs-mtb-antwort-kostenuebernahme-ablehnungsgrund" is not a valid URI.
  File: /Users/thome/code/fhir-profiling/mtb-template-migration/input/fsh/profiles/Follow-Up/Kostenuebernahme/mii-exa-mtb-antwort-kostenuebernahme-1.fsh
  Line: 15
error Resolved value "$mii-cs-mtb-response-befund-beurteilungsmethode" is not a valid URI.
  File: /Users/thome/code/fhir-profiling/mtb-template-migration/input/fsh/profiles/Follow-Up/Systemtherapie/mii-exa-mtb-response-befund-1.fsh
  Line: 13
error Resolved value "$mii-cs-mtb-response-befund-beurteilung" is not a valid URI.
  File: /Users/thome/code/fhir-profiling/mtb-template-migration/input/fsh/profiles/Follow-Up/Systemtherapie/mii-exa-mtb-response-befund-1.fsh
  Line: 14
error Resolved value "$mii-cs-onko-verlauf-primaertumor" is not a valid URI.
  File: /Users/thome/code/fhir-profiling/mtb-template-migration/input/fsh/profiles/Follow-Up/Systemtherapie/mii-exa-mtb-response-befund-1.fsh
  Line: 16
error Element Observation.method has minimum cardinality 1 but occurs 0 time(s).
  File: /Users/thome/code/fhir-profiling/mtb-template-migration/input/fsh/profiles/Follow-Up/Systemtherapie/mii-exa-mtb-response-befund-1.fsh
  Line: 1 - 16
error Cannot find definition for Instance: $UCUM. Skipping rule.
  File: /Users/thome/code/fhir-profiling/mtb-template-migration/input/fsh/profiles/Follow-Up/Systemtherapie/mii-exa-mtb-systemische-therapie-medication-statement-1.fsh
  Line: 20
error Resolved value "$UNII" is not a valid URI.
  File: /Users/thome/code/fhir-profiling/mtb-template-migration/input/fsh/profiles/Follow-Up/Systemtherapie/mii-exa-mtb-systemische-therapie-medication-statement-1.fsh
  Line: 10
error Resolved value "$ATC_DE" is not a valid URI.
  File: /Users/thome/code/fhir-profiling/mtb-template-migration/input/fsh/profiles/Follow-Up/Systemtherapie/mii-exa-mtb-systemische-therapie-medication-statement-1.fsh
  Line: 11
error Element MedicationStatement.medication[x]:medicationCodeableConcept.coding:atcClassDe.code has minimum cardinality 1 but occurs 0 time(s).
  File: /Users/thome/code/fhir-profiling/mtb-template-migration/input/fsh/profiles/Follow-Up/Systemtherapie/mii-exa-mtb-systemische-therapie-medication-statement-1.fsh
  Line: 1 - 21
error Element MedicationStatement.medication[x]:medicationCodeableConcept.coding:atcClassDe.code has minimum cardinality 1 but occurs 0 time(s).
  File: /Users/thome/code/fhir-profiling/mtb-template-migration/input/fsh/profiles/Follow-Up/Systemtherapie/mii-exa-mtb-systemische-therapie-medication-statement-1.fsh
  Line: 1 - 21
error Element MedicationStatement.medication[x]:medicationCodeableConcept.coding:atcClassDe.code has minimum cardinality 1 but occurs 0 time(s).
  File: /Users/thome/code/fhir-profiling/mtb-template-migration/input/fsh/profiles/Follow-Up/Systemtherapie/mii-exa-mtb-systemische-therapie-medication-statement-1.fsh
  Line: 1 - 21
error Element MedicationStatement.dosage.doseAndRate.dose[x]:doseQuantity.system has minimum cardinality 1 but occurs 0 time(s).
  File: /Users/thome/code/fhir-profiling/mtb-template-migration/input/fsh/profiles/Follow-Up/Systemtherapie/mii-exa-mtb-systemische-therapie-medication-statement-1.fsh
  Line: 1 - 21
error Element MedicationStatement.dosage.doseAndRate.dose[x]:doseQuantity.system has minimum cardinality 1 but occurs 0 time(s).
  File: /Users/thome/code/fhir-profiling/mtb-template-migration/input/fsh/profiles/Follow-Up/Systemtherapie/mii-exa-mtb-systemische-therapie-medication-statement-1.fsh
  Line: 1 - 21
error Element MedicationStatement.dosage.doseAndRate.dose[x]:doseQuantity.system has minimum cardinality 1 but occurs 0 time(s).
  File: /Users/thome/code/fhir-profiling/mtb-template-migration/input/fsh/profiles/Follow-Up/Systemtherapie/mii-exa-mtb-systemische-therapie-medication-statement-1.fsh
  Line: 1 - 21
error Resolved value "$SCT" is not a valid URI.
  File: /Users/thome/code/fhir-profiling/mtb-template-migration/input/fsh/profiles/Follow-Up/Systemtherapie/mii-exa-mtb-systemtherapie-1.fsh
  Line: 9
error Resolved value "$mii-cs-onko-intention" is not a valid URI.
  File: /Users/thome/code/fhir-profiling/mtb-template-migration/input/fsh/profiles/Follow-Up/Systemtherapie/mii-exa-mtb-systemtherapie-1.fsh
  Line: 10
error Resolved value "$mii-cs-onko-therapie-typ" is not a valid URI.
  File: /Users/thome/code/fhir-profiling/mtb-template-migration/input/fsh/profiles/Follow-Up/Systemtherapie/mii-exa-mtb-systemtherapie-1.fsh
  Line: 13
error Resolved value "$OPS" is not a valid URI.
  File: /Users/thome/code/fhir-profiling/mtb-template-migration/input/fsh/profiles/Follow-Up/Systemtherapie/mii-exa-mtb-systemtherapie-1.fsh
  Line: 14
error Element Procedure.extension:Intention.value[x] has minimum cardinality 1 but occurs 0 time(s).
  File: /Users/thome/code/fhir-profiling/mtb-template-migration/input/fsh/profiles/Follow-Up/Systemtherapie/mii-exa-mtb-systemtherapie-1.fsh
  Line: 1 - 19
error Element Procedure.code.coding:ops.code has minimum cardinality 1 but occurs 0 time(s).
  File: /Users/thome/code/fhir-profiling/mtb-template-migration/input/fsh/profiles/Follow-Up/Systemtherapie/mii-exa-mtb-systemtherapie-1.fsh
  Line: 1 - 19
error Resolved value "$SCT" is not a valid URI.
  File: /Users/thome/code/fhir-profiling/mtb-template-migration/input/fsh/profiles/Follow-Up/mii-exa-mtb-follow-up-clinicalimpression.fsh
  Line: 9
error Resolved value "$mii-cs-mtb-follow-up-status" is not a valid URI.
  File: /Users/thome/code/fhir-profiling/mtb-template-migration/input/fsh/profiles/Follow-Up/mii-exa-mtb-follow-up-clinicalimpression.fsh
  Line: 11
error Element ClinicalImpression.code has minimum cardinality 1 but occurs 0 time(s).
  File: /Users/thome/code/fhir-profiling/mtb-template-migration/input/fsh/profiles/Follow-Up/mii-exa-mtb-follow-up-clinicalimpression.fsh
  Line: 1 - 15
error Cannot find definition for Instance: $fhir-observation-category. Skipping rule.
  File: /Users/thome/code/fhir-profiling/mtb-template-migration/input/fsh/profiles/NGS-Bericht/mii-exa-mtb-brcaness.fsh
  Line: 9 - 10
error Cannot find definition for Instance: $hl7-v2-0074. Skipping rule.
  File: /Users/thome/code/fhir-profiling/mtb-template-migration/input/fsh/profiles/NGS-Bericht/mii-exa-mtb-brcaness.fsh
  Line: 12
error Cannot find definition for Instance: $LNC. Skipping rule.
  File: /Users/thome/code/fhir-profiling/mtb-template-migration/input/fsh/profiles/NGS-Bericht/mii-exa-mtb-brcaness.fsh
  Line: 23
error Resolved value "$mii-cs-mtb-molekulare-biomarker" is not a valid URI.
  File: /Users/thome/code/fhir-profiling/mtb-template-migration/input/fsh/profiles/NGS-Bericht/mii-exa-mtb-brcaness.fsh
  Line: 14 - 15
warn  The fully qualified code $LNC#48018-6 is invalid because the specified system is not a URI. Since Observation.component.code.coding.code is a code, the system will not be used, but this issue should be corrected by updating the system to refer to a proper CodeSystem or by specifying a code only (e.g., #48018-6).
error Element Observation.code has minimum cardinality 1 but occurs 0 time(s).
  File: /Users/thome/code/fhir-profiling/mtb-template-migration/input/fsh/profiles/NGS-Bericht/mii-exa-mtb-brcaness.fsh
  Line: 1 - 25
error Cannot find definition for Instance: $UCUM. Skipping rule.
  File: /Users/thome/code/fhir-profiling/mtb-template-migration/input/fsh/profiles/NGS-Bericht/mii-exa-mtb-copy-number-variant.fsh
  Line: 24
error Cannot find definition for Instance: $UCUM. Skipping rule.
  File: /Users/thome/code/fhir-profiling/mtb-template-migration/input/fsh/profiles/NGS-Bericht/mii-exa-mtb-copy-number-variant.fsh
  Line: 29
error Cannot find definition for Instance: $UCUM. Skipping rule.
  File: /Users/thome/code/fhir-profiling/mtb-template-migration/input/fsh/profiles/NGS-Bericht/mii-exa-mtb-copy-number-variant.fsh
  Line: 34
error Cannot find definition for Instance: $UCUM. Skipping rule.
  File: /Users/thome/code/fhir-profiling/mtb-template-migration/input/fsh/profiles/NGS-Bericht/mii-exa-mtb-copy-number-variant.fsh
  Line: 39
error Cannot find definition for Instance: $UCUM. Skipping rule.
  File: /Users/thome/code/fhir-profiling/mtb-template-migration/input/fsh/profiles/NGS-Bericht/mii-exa-mtb-copy-number-variant.fsh
  Line: 46
error Resolved value "$fhir-observation-category" is not a valid URI.
  File: /Users/thome/code/fhir-profiling/mtb-template-migration/input/fsh/profiles/NGS-Bericht/mii-exa-mtb-copy-number-variant.fsh
  Line: 9
error Resolved value "$LNC" is not a valid URI.
  File: /Users/thome/code/fhir-profiling/mtb-template-migration/input/fsh/profiles/NGS-Bericht/mii-exa-mtb-copy-number-variant.fsh
  Line: 10
error Resolved value "$LNC" is not a valid URI.
  File: /Users/thome/code/fhir-profiling/mtb-template-migration/input/fsh/profiles/NGS-Bericht/mii-exa-mtb-copy-number-variant.fsh
  Line: 13 - 14
error Resolved value "$LNC" is not a valid URI.
  File: /Users/thome/code/fhir-profiling/mtb-template-migration/input/fsh/profiles/NGS-Bericht/mii-exa-mtb-copy-number-variant.fsh
  Line: 15
error Resolved value "$LNC" is not a valid URI.
  File: /Users/thome/code/fhir-profiling/mtb-template-migration/input/fsh/profiles/NGS-Bericht/mii-exa-mtb-copy-number-variant.fsh
  Line: 16 - 17
error Resolved value "$LNC" is not a valid URI.
  File: /Users/thome/code/fhir-profiling/mtb-template-migration/input/fsh/profiles/NGS-Bericht/mii-exa-mtb-copy-number-variant.fsh
  Line: 20 - 21
error Resolved value "$LNC" is not a valid URI.
  File: /Users/thome/code/fhir-profiling/mtb-template-migration/input/fsh/profiles/NGS-Bericht/mii-exa-mtb-copy-number-variant.fsh
  Line: 40 - 41
error Resolved value "$bwhc-cnv-type" is not a valid URI.
  File: /Users/thome/code/fhir-profiling/mtb-template-migration/input/fsh/profiles/NGS-Bericht/mii-exa-mtb-copy-number-variant.fsh
  Line: 47 - 49
error Resolved value "$bwhc-cnv-type" is not a valid URI.
  File: /Users/thome/code/fhir-profiling/mtb-template-migration/input/fsh/profiles/NGS-Bericht/mii-exa-mtb-copy-number-variant.fsh
  Line: 50
error Resolved value "$LNC" is not a valid URI.
  File: /Users/thome/code/fhir-profiling/mtb-template-migration/input/fsh/profiles/NGS-Bericht/mii-exa-mtb-copy-number-variant.fsh
  Line: 51 - 52
error Element Observation.component.code has minimum cardinality 1 but occurs 0 time(s).
  File: /Users/thome/code/fhir-profiling/mtb-template-migration/input/fsh/profiles/NGS-Bericht/mii-exa-mtb-copy-number-variant.fsh
  Line: 1 - 52
error Element Observation.component.code has minimum cardinality 1 but occurs 0 time(s).
  File: /Users/thome/code/fhir-profiling/mtb-template-migration/input/fsh/profiles/NGS-Bericht/mii-exa-mtb-copy-number-variant.fsh
  Line: 1 - 52
error Element Observation.component.code has minimum cardinality 1 but occurs 0 time(s).
  File: /Users/thome/code/fhir-profiling/mtb-template-migration/input/fsh/profiles/NGS-Bericht/mii-exa-mtb-copy-number-variant.fsh
  Line: 1 - 52
error Element Observation.component.code has minimum cardinality 1 but occurs 0 time(s).
  File: /Users/thome/code/fhir-profiling/mtb-template-migration/input/fsh/profiles/NGS-Bericht/mii-exa-mtb-copy-number-variant.fsh
  Line: 1 - 52
error Element Observation.component:relative-copy-number.code has minimum cardinality 1 but occurs 0 time(s).
  File: /Users/thome/code/fhir-profiling/mtb-template-migration/input/fsh/profiles/NGS-Bericht/mii-exa-mtb-copy-number-variant.fsh
  Line: 1 - 52
error Element Observation.component:cna.code has minimum cardinality 1 but occurs 0 time(s).
  File: /Users/thome/code/fhir-profiling/mtb-template-migration/input/fsh/profiles/NGS-Bericht/mii-exa-mtb-copy-number-variant.fsh
  Line: 1 - 52
error Element Observation.component:cnb.code has minimum cardinality 1 but occurs 0 time(s).
  File: /Users/thome/code/fhir-profiling/mtb-template-migration/input/fsh/profiles/NGS-Bericht/mii-exa-mtb-copy-number-variant.fsh
  Line: 1 - 52
error Element Observation.component:reported-focality.code has minimum cardinality 1 but occurs 0 time(s).
  File: /Users/thome/code/fhir-profiling/mtb-template-migration/input/fsh/profiles/NGS-Bericht/mii-exa-mtb-copy-number-variant.fsh
  Line: 1 - 52
error InstanceOf MII_PR_MTB_Diagnostische_Implikation not found for MII-EXA-MTB-Diagnostische-Implikation-1
  File: /Users/thome/code/fhir-profiling/mtb-template-migration/input/fsh/profiles/NGS-Bericht/mii-exa-mtb-diagnostische-implikation.fsh
  Line: 1 - 16
error Resolved value "$fhir-observation-category" is not a valid URI.
  File: /Users/thome/code/fhir-profiling/mtb-template-migration/input/fsh/profiles/NGS-Bericht/mii-exa-mtb-dna-fusion.fsh
  Line: 9
error Resolved value "$LNC" is not a valid URI.
  File: /Users/thome/code/fhir-profiling/mtb-template-migration/input/fsh/profiles/NGS-Bericht/mii-exa-mtb-dna-fusion.fsh
  Line: 10
error Resolved value "$LNC" is not a valid URI.
  File: /Users/thome/code/fhir-profiling/mtb-template-migration/input/fsh/profiles/NGS-Bericht/mii-exa-mtb-dna-fusion.fsh
  Line: 13 - 14
error Resolved value "$LNC" is not a valid URI.
  File: /Users/thome/code/fhir-profiling/mtb-template-migration/input/fsh/profiles/NGS-Bericht/mii-exa-mtb-dna-fusion.fsh
  Line: 15 - 16
error Resolved value "$LNC" is not a valid URI.
  File: /Users/thome/code/fhir-profiling/mtb-template-migration/input/fsh/profiles/NGS-Bericht/mii-exa-mtb-dna-fusion.fsh
  Line: 29
error Element Observation.component.code has minimum cardinality 1 but occurs 0 time(s).
  File: /Users/thome/code/fhir-profiling/mtb-template-migration/input/fsh/profiles/NGS-Bericht/mii-exa-mtb-dna-fusion.fsh
  Line: 1 - 29
error Element Observation.component.code has minimum cardinality 1 but occurs 0 time(s).
  File: /Users/thome/code/fhir-profiling/mtb-template-migration/input/fsh/profiles/NGS-Bericht/mii-exa-mtb-dna-fusion.fsh
  Line: 1 - 29
error Element Observation.component.code has minimum cardinality 1 but occurs 0 time(s).
  File: /Users/thome/code/fhir-profiling/mtb-template-migration/input/fsh/profiles/NGS-Bericht/mii-exa-mtb-dna-fusion.fsh
  Line: 1 - 29
error Element Observation.component.code has minimum cardinality 1 but occurs 0 time(s).
  File: /Users/thome/code/fhir-profiling/mtb-template-migration/input/fsh/profiles/NGS-Bericht/mii-exa-mtb-dna-fusion.fsh
  Line: 1 - 29
error Element Observation.component has minimum cardinality 6 but occurs 5 time(s).
  File: /Users/thome/code/fhir-profiling/mtb-template-migration/input/fsh/profiles/NGS-Bericht/mii-exa-mtb-dna-fusion.fsh
  Line: 1 - 29
error Element Observation.component:five-prime-chromosome has minimum cardinality 1 but occurs 0 time(s).
  File: /Users/thome/code/fhir-profiling/mtb-template-migration/input/fsh/profiles/NGS-Bericht/mii-exa-mtb-dna-fusion.fsh
  Line: 1 - 29
error Element Observation.component:three-prime-chromosome has minimum cardinality 1 but occurs 0 time(s).
  File: /Users/thome/code/fhir-profiling/mtb-template-migration/input/fsh/profiles/NGS-Bericht/mii-exa-mtb-dna-fusion.fsh
  Line: 1 - 29
error Element Observation.component:five-prime-position.code has minimum cardinality 1 but occurs 0 time(s).
  File: /Users/thome/code/fhir-profiling/mtb-template-migration/input/fsh/profiles/NGS-Bericht/mii-exa-mtb-dna-fusion.fsh
  Line: 1 - 29
error Element Observation.component:three-prime-position.code has minimum cardinality 1 but occurs 0 time(s).
  File: /Users/thome/code/fhir-profiling/mtb-template-migration/input/fsh/profiles/NGS-Bericht/mii-exa-mtb-dna-fusion.fsh
  Line: 1 - 29
error Element Observation.component:five-prime-gene.code has minimum cardinality 1 but occurs 0 time(s).
  File: /Users/thome/code/fhir-profiling/mtb-template-migration/input/fsh/profiles/NGS-Bericht/mii-exa-mtb-dna-fusion.fsh
  Line: 1 - 29
error Element Observation.component:three-prime-gene.code has minimum cardinality 1 but occurs 0 time(s).
  File: /Users/thome/code/fhir-profiling/mtb-template-migration/input/fsh/profiles/NGS-Bericht/mii-exa-mtb-dna-fusion.fsh
  Line: 1 - 29
error Resolved value "$fhir-observation-category" is not a valid URI.
  File: /Users/thome/code/fhir-profiling/mtb-template-migration/input/fsh/profiles/NGS-Bericht/mii-exa-mtb-einfache-variante.fsh
  Line: 9
error Resolved value "$hl7-v2-0074" is not a valid URI.
  File: /Users/thome/code/fhir-profiling/mtb-template-migration/input/fsh/profiles/NGS-Bericht/mii-exa-mtb-einfache-variante.fsh
  Line: 10
error Resolved value "$LNC" is not a valid URI.
  File: /Users/thome/code/fhir-profiling/mtb-template-migration/input/fsh/profiles/NGS-Bericht/mii-exa-mtb-einfache-variante.fsh
  Line: 11 - 12
error Resolved value "$LNC" is not a valid URI.
  File: /Users/thome/code/fhir-profiling/mtb-template-migration/input/fsh/profiles/NGS-Bericht/mii-exa-mtb-einfache-variante.fsh
  Line: 13
error Resolved value "$LNC" is not a valid URI.
  File: /Users/thome/code/fhir-profiling/mtb-template-migration/input/fsh/profiles/NGS-Bericht/mii-exa-mtb-einfache-variante.fsh
  Line: 14
error Resolved value "$LNC" is not a valid URI.
  File: /Users/thome/code/fhir-profiling/mtb-template-migration/input/fsh/profiles/NGS-Bericht/mii-exa-mtb-einfache-variante.fsh
  Line: 17 - 18
error Resolved value "$LNC" is not a valid URI.
  File: /Users/thome/code/fhir-profiling/mtb-template-migration/input/fsh/profiles/NGS-Bericht/mii-exa-mtb-einfache-variante.fsh
  Line: 19 - 20
error Resolved value "$HGNC" is not a valid URI.
  File: /Users/thome/code/fhir-profiling/mtb-template-migration/input/fsh/profiles/NGS-Bericht/mii-exa-mtb-einfache-variante.fsh
  Line: 21
error Resolved value "$LNC" is not a valid URI.
  File: /Users/thome/code/fhir-profiling/mtb-template-migration/input/fsh/profiles/NGS-Bericht/mii-exa-mtb-einfache-variante.fsh
  Line: 24 - 25
error Resolved value "$LNC" is not a valid URI.
  File: /Users/thome/code/fhir-profiling/mtb-template-migration/input/fsh/profiles/NGS-Bericht/mii-exa-mtb-einfache-variante.fsh
  Line: 27
error Resolved value "$LNC" is not a valid URI.
  File: /Users/thome/code/fhir-profiling/mtb-template-migration/input/fsh/profiles/NGS-Bericht/mii-exa-mtb-einfache-variante.fsh
  Line: 35 - 36
error Resolved value "$HGVS" is not a valid URI.
  File: /Users/thome/code/fhir-profiling/mtb-template-migration/input/fsh/profiles/NGS-Bericht/mii-exa-mtb-einfache-variante.fsh
  Line: 37
error Resolved value "$LNC" is not a valid URI.
  File: /Users/thome/code/fhir-profiling/mtb-template-migration/input/fsh/profiles/NGS-Bericht/mii-exa-mtb-einfache-variante.fsh
  Line: 38 - 39
error Resolved value "$HGVS" is not a valid URI.
  File: /Users/thome/code/fhir-profiling/mtb-template-migration/input/fsh/profiles/NGS-Bericht/mii-exa-mtb-einfache-variante.fsh
  Line: 40
error Resolved value "$LNC" is not a valid URI.
  File: /Users/thome/code/fhir-profiling/mtb-template-migration/input/fsh/profiles/NGS-Bericht/mii-exa-mtb-einfache-variante.fsh
  Line: 43 - 44
error Resolved value "$LNC" is not a valid URI.
  File: /Users/thome/code/fhir-profiling/mtb-template-migration/input/fsh/profiles/NGS-Bericht/mii-exa-mtb-einfache-variante.fsh
  Line: 46 - 47
error Resolved value "$SNP" is not a valid URI.
  File: /Users/thome/code/fhir-profiling/mtb-template-migration/input/fsh/profiles/NGS-Bericht/mii-exa-mtb-einfache-variante.fsh
  Line: 48
error Resolved value "$LNC" is not a valid URI.
  File: /Users/thome/code/fhir-profiling/mtb-template-migration/input/fsh/profiles/NGS-Bericht/mii-exa-mtb-genomic-study.fsh
  Line: 28
error Resolved value "$fhir-observation-category" is not a valid URI.
  File: /Users/thome/code/fhir-profiling/mtb-template-migration/input/fsh/profiles/NGS-Bericht/mii-exa-mtb-hrd-score.fsh
  Line: 9
error Resolved value "$hl7-v2-0074" is not a valid URI.
  File: /Users/thome/code/fhir-profiling/mtb-template-migration/input/fsh/profiles/NGS-Bericht/mii-exa-mtb-hrd-score.fsh
  Line: 10
error Resolved value "$LNC" is not a valid URI.
  File: /Users/thome/code/fhir-profiling/mtb-template-migration/input/fsh/profiles/NGS-Bericht/mii-exa-mtb-hrd-score.fsh
  Line: 11
error Element Observation.code has minimum cardinality 1 but occurs 0 time(s).
  File: /Users/thome/code/fhir-profiling/mtb-template-migration/input/fsh/profiles/NGS-Bericht/mii-exa-mtb-hrd-score.fsh
  Line: 1 - 24
error Element Observation.component.code has minimum cardinality 1 but occurs 0 time(s).
  File: /Users/thome/code/fhir-profiling/mtb-template-migration/input/fsh/profiles/NGS-Bericht/mii-exa-mtb-hrd-score.fsh
  Line: 1 - 24
error Element Observation.component.code has minimum cardinality 1 but occurs 0 time(s).
  File: /Users/thome/code/fhir-profiling/mtb-template-migration/input/fsh/profiles/NGS-Bericht/mii-exa-mtb-hrd-score.fsh
  Line: 1 - 24
error Element Observation.component.code has minimum cardinality 1 but occurs 0 time(s).
  File: /Users/thome/code/fhir-profiling/mtb-template-migration/input/fsh/profiles/NGS-Bericht/mii-exa-mtb-hrd-score.fsh
  Line: 1 - 24
error Element Observation.component:LOH.code has minimum cardinality 1 but occurs 0 time(s).
  File: /Users/thome/code/fhir-profiling/mtb-template-migration/input/fsh/profiles/NGS-Bericht/mii-exa-mtb-hrd-score.fsh
  Line: 1 - 24
error Element Observation.component:TAI.code has minimum cardinality 1 but occurs 0 time(s).
  File: /Users/thome/code/fhir-profiling/mtb-template-migration/input/fsh/profiles/NGS-Bericht/mii-exa-mtb-hrd-score.fsh
  Line: 1 - 24
error Element Observation.component:LST.code has minimum cardinality 1 but occurs 0 time(s).
  File: /Users/thome/code/fhir-profiling/mtb-template-migration/input/fsh/profiles/NGS-Bericht/mii-exa-mtb-hrd-score.fsh
  Line: 1 - 24
error Resolved value "$fhir-observation-category" is not a valid URI.
  File: /Users/thome/code/fhir-profiling/mtb-template-migration/input/fsh/profiles/NGS-Bericht/mii-exa-mtb-mikrosatelliteninstabilitaet.fsh
  Line: 9
error Resolved value "$LNC" is not a valid URI.
  File: /Users/thome/code/fhir-profiling/mtb-template-migration/input/fsh/profiles/NGS-Bericht/mii-exa-mtb-mikrosatelliteninstabilitaet.fsh
  Line: 10
error Resolved value "$mii-cs-mtb-msi-method-type" is not a valid URI.
  File: /Users/thome/code/fhir-profiling/mtb-template-migration/input/fsh/profiles/NGS-Bericht/mii-exa-mtb-mikrosatelliteninstabilitaet.fsh
  Line: 14
error Resolved value "$LNC" is not a valid URI.
  File: /Users/thome/code/fhir-profiling/mtb-template-migration/input/fsh/profiles/NGS-Bericht/mii-exa-mtb-mikrosatelliteninstabilitaet.fsh
  Line: 16
error Element Observation.code has minimum cardinality 1 but occurs 0 time(s).
  File: /Users/thome/code/fhir-profiling/mtb-template-migration/input/fsh/profiles/NGS-Bericht/mii-exa-mtb-mikrosatelliteninstabilitaet.fsh
  Line: 1 - 16
error Resolved value "$fhir-observation-category" is not a valid URI.
  File: /Users/thome/code/fhir-profiling/mtb-template-migration/input/fsh/profiles/NGS-Bericht/mii-exa-mtb-mutationslast.fsh
  Line: 9
error Resolved value "$LNC" is not a valid URI.
  File: /Users/thome/code/fhir-profiling/mtb-template-migration/input/fsh/profiles/NGS-Bericht/mii-exa-mtb-mutationslast.fsh
  Line: 10
error Resolved value "$hl7-v3-observation-interpretation" is not a valid URI.
  File: /Users/thome/code/fhir-profiling/mtb-template-migration/input/fsh/profiles/NGS-Bericht/mii-exa-mtb-mutationslast.fsh
  Line: 15
error Element Observation.code has minimum cardinality 1 but occurs 0 time(s).
  File: /Users/thome/code/fhir-profiling/mtb-template-migration/input/fsh/profiles/NGS-Bericht/mii-exa-mtb-mutationslast.fsh
  Line: 1 - 15
error Resolved value "$hl7-v3-observation-interpretation" is not a valid URI.
  File: /Users/thome/code/fhir-profiling/mtb-template-migration/input/fsh/profiles/NGS-Bericht/mii-exa-mtb-ploidie.fsh
  Line: 11
error Element Observation.code has minimum cardinality 1 but occurs 0 time(s).
  File: /Users/thome/code/fhir-profiling/mtb-template-migration/input/fsh/profiles/NGS-Bericht/mii-exa-mtb-ploidie.fsh
  Line: 1 - 11
error Resolved value "$fhir-observation-category" is not a valid URI.
  File: /Users/thome/code/fhir-profiling/mtb-template-migration/input/fsh/profiles/NGS-Bericht/mii-exa-mtb-rna-fusion.fsh
  Line: 9
error Resolved value "$LNC" is not a valid URI.
  File: /Users/thome/code/fhir-profiling/mtb-template-migration/input/fsh/profiles/NGS-Bericht/mii-exa-mtb-rna-fusion.fsh
  Line: 10
error Resolved value "$LNC" is not a valid URI.
  File: /Users/thome/code/fhir-profiling/mtb-template-migration/input/fsh/profiles/NGS-Bericht/mii-exa-mtb-rna-fusion.fsh
  Line: 11
error Resolved value "$mii-cs-mtb-molekulare-biomarker" is not a valid URI.
  File: /Users/thome/code/fhir-profiling/mtb-template-migration/input/fsh/profiles/NGS-Bericht/mii-exa-mtb-rna-fusion.fsh
  Line: 16
error Resolved value "$HGNC" is not a valid URI.
  File: /Users/thome/code/fhir-profiling/mtb-template-migration/input/fsh/profiles/NGS-Bericht/mii-exa-mtb-rna-fusion.fsh
  Line: 17
error Resolved value "$mii-cs-mtb-molekulare-biomarker" is not a valid URI.
  File: /Users/thome/code/fhir-profiling/mtb-template-migration/input/fsh/profiles/NGS-Bericht/mii-exa-mtb-rna-fusion.fsh
  Line: 18
error Resolved value "$mii-cs-mtb-molekulare-biomarker" is not a valid URI.
  File: /Users/thome/code/fhir-profiling/mtb-template-migration/input/fsh/profiles/NGS-Bericht/mii-exa-mtb-rna-fusion.fsh
  Line: 20
error Resolved value "$mii-cs-mtb-molekulare-biomarker" is not a valid URI.
  File: /Users/thome/code/fhir-profiling/mtb-template-migration/input/fsh/profiles/NGS-Bericht/mii-exa-mtb-rna-fusion.fsh
  Line: 22
error Resolved value "$mii-cs-mtb-molekulare-biomarker" is not a valid URI.
  File: /Users/thome/code/fhir-profiling/mtb-template-migration/input/fsh/profiles/NGS-Bericht/mii-exa-mtb-rna-fusion.fsh
  Line: 25
error Resolved value "$mii-cs-mtb-molekulare-biomarker" is not a valid URI.
  File: /Users/thome/code/fhir-profiling/mtb-template-migration/input/fsh/profiles/NGS-Bericht/mii-exa-mtb-rna-fusion.fsh
  Line: 29
error Resolved value "$HGNC" is not a valid URI.
  File: /Users/thome/code/fhir-profiling/mtb-template-migration/input/fsh/profiles/NGS-Bericht/mii-exa-mtb-rna-fusion.fsh
  Line: 30
error Resolved value "$mii-cs-mtb-molekulare-biomarker" is not a valid URI.
  File: /Users/thome/code/fhir-profiling/mtb-template-migration/input/fsh/profiles/NGS-Bericht/mii-exa-mtb-rna-fusion.fsh
  Line: 31
error Resolved value "$mii-cs-mtb-molekulare-biomarker" is not a valid URI.
  File: /Users/thome/code/fhir-profiling/mtb-template-migration/input/fsh/profiles/NGS-Bericht/mii-exa-mtb-rna-fusion.fsh
  Line: 33
error Resolved value "$mii-cs-mtb-molekulare-biomarker" is not a valid URI.
  File: /Users/thome/code/fhir-profiling/mtb-template-migration/input/fsh/profiles/NGS-Bericht/mii-exa-mtb-rna-fusion.fsh
  Line: 35
error Resolved value "$mii-cs-mtb-molekulare-biomarker" is not a valid URI.
  File: /Users/thome/code/fhir-profiling/mtb-template-migration/input/fsh/profiles/NGS-Bericht/mii-exa-mtb-rna-fusion.fsh
  Line: 38
error Element Observation.component.code has minimum cardinality 1 but occurs 0 time(s).
  File: /Users/thome/code/fhir-profiling/mtb-template-migration/input/fsh/profiles/NGS-Bericht/mii-exa-mtb-rna-fusion.fsh
  Line: 1 - 45
error Element Observation.component.code has minimum cardinality 1 but occurs 0 time(s).
  File: /Users/thome/code/fhir-profiling/mtb-template-migration/input/fsh/profiles/NGS-Bericht/mii-exa-mtb-rna-fusion.fsh
  Line: 1 - 45
error Element Observation.component.code has minimum cardinality 1 but occurs 0 time(s).
  File: /Users/thome/code/fhir-profiling/mtb-template-migration/input/fsh/profiles/NGS-Bericht/mii-exa-mtb-rna-fusion.fsh
  Line: 1 - 45
error Element Observation.component.code has minimum cardinality 1 but occurs 0 time(s).
  File: /Users/thome/code/fhir-profiling/mtb-template-migration/input/fsh/profiles/NGS-Bericht/mii-exa-mtb-rna-fusion.fsh
  Line: 1 - 45
error Element Observation.component.code has minimum cardinality 1 but occurs 0 time(s).
  File: /Users/thome/code/fhir-profiling/mtb-template-migration/input/fsh/profiles/NGS-Bericht/mii-exa-mtb-rna-fusion.fsh
  Line: 1 - 45
error Element Observation.component.code has minimum cardinality 1 but occurs 0 time(s).
  File: /Users/thome/code/fhir-profiling/mtb-template-migration/input/fsh/profiles/NGS-Bericht/mii-exa-mtb-rna-fusion.fsh
  Line: 1 - 45
error Element Observation.component.code has minimum cardinality 1 but occurs 0 time(s).
  File: /Users/thome/code/fhir-profiling/mtb-template-migration/input/fsh/profiles/NGS-Bericht/mii-exa-mtb-rna-fusion.fsh
  Line: 1 - 45
error Element Observation.component.code has minimum cardinality 1 but occurs 0 time(s).
  File: /Users/thome/code/fhir-profiling/mtb-template-migration/input/fsh/profiles/NGS-Bericht/mii-exa-mtb-rna-fusion.fsh
  Line: 1 - 45
error Element Observation.component:five-prime-gene has minimum cardinality 1 but occurs 0 time(s).
  File: /Users/thome/code/fhir-profiling/mtb-template-migration/input/fsh/profiles/NGS-Bericht/mii-exa-mtb-rna-fusion.fsh
  Line: 1 - 45
error Element Observation.component:five-prime-transcript-id.code has minimum cardinality 1 but occurs 0 time(s).
  File: /Users/thome/code/fhir-profiling/mtb-template-migration/input/fsh/profiles/NGS-Bericht/mii-exa-mtb-rna-fusion.fsh
  Line: 1 - 45
error Element Observation.component:five-prime-exon-id.code has minimum cardinality 1 but occurs 0 time(s).
  File: /Users/thome/code/fhir-profiling/mtb-template-migration/input/fsh/profiles/NGS-Bericht/mii-exa-mtb-rna-fusion.fsh
  Line: 1 - 45
error Element Observation.component:five-prime-position.code has minimum cardinality 1 but occurs 0 time(s).
  File: /Users/thome/code/fhir-profiling/mtb-template-migration/input/fsh/profiles/NGS-Bericht/mii-exa-mtb-rna-fusion.fsh
  Line: 1 - 45
error Element Observation.component:five-prime-strand.code has minimum cardinality 1 but occurs 0 time(s).
  File: /Users/thome/code/fhir-profiling/mtb-template-migration/input/fsh/profiles/NGS-Bericht/mii-exa-mtb-rna-fusion.fsh
  Line: 1 - 45
error Element Observation.component:three-prime-gene has minimum cardinality 1 but occurs 0 time(s).
  File: /Users/thome/code/fhir-profiling/mtb-template-migration/input/fsh/profiles/NGS-Bericht/mii-exa-mtb-rna-fusion.fsh
  Line: 1 - 45
error Element Observation.component:three-prime-transcript-id.code has minimum cardinality 1 but occurs 0 time(s).
  File: /Users/thome/code/fhir-profiling/mtb-template-migration/input/fsh/profiles/NGS-Bericht/mii-exa-mtb-rna-fusion.fsh
  Line: 1 - 45
error Element Observation.component:three-prime-exon-id.code has minimum cardinality 1 but occurs 0 time(s).
  File: /Users/thome/code/fhir-profiling/mtb-template-migration/input/fsh/profiles/NGS-Bericht/mii-exa-mtb-rna-fusion.fsh
  Line: 1 - 45
error Element Observation.component:three-prime-position.code has minimum cardinality 1 but occurs 0 time(s).
  File: /Users/thome/code/fhir-profiling/mtb-template-migration/input/fsh/profiles/NGS-Bericht/mii-exa-mtb-rna-fusion.fsh
  Line: 1 - 45
error Element Observation.component:three-prime-strand.code has minimum cardinality 1 but occurs 0 time(s).
  File: /Users/thome/code/fhir-profiling/mtb-template-migration/input/fsh/profiles/NGS-Bericht/mii-exa-mtb-rna-fusion.fsh
  Line: 1 - 45
info  Converted 191 FHIR instances.
error Could not find a resource named $mii-ex-mtb-leitlinie-dokumentation
  File: /Users/thome/code/fhir-profiling/mtb-template-migration/input/fsh/common/Meta.fsh
  Line: 23
  Applied in File: /Users/thome/code/fhir-profiling/mtb-template-migration/input/fsh/profiles/Behandlungsepisode/mii-ex-mtb-leitlinie-dokumentation.fsh
  Applied on Line: 6
error Could not find a resource named $mii-ex-mtb-leitlinienbehandlung-status
  File: /Users/thome/code/fhir-profiling/mtb-template-migration/input/fsh/common/Meta.fsh
  Line: 23
  Applied in File: /Users/thome/code/fhir-profiling/mtb-template-migration/input/fsh/profiles/Behandlungsepisode/mii-ex-mtb-leitlinienbehandlung-status.fsh
  Applied on Line: 6
error Could not find a resource named $mii-ex-mtb-empfehlung-prioritaet
  File: /Users/thome/code/fhir-profiling/mtb-template-migration/input/fsh/common/Meta.fsh
  Line: 23
  Applied in File: /Users/thome/code/fhir-profiling/mtb-template-migration/input/fsh/profiles/Beschluss-Therapieplan/mii-ex-mtb-empfehlung-prioritaet.fsh
  Applied on Line: 6
error Could not find a resource named $mii-ex-mtb-empfehlung-publikation
  File: /Users/thome/code/fhir-profiling/mtb-template-migration/input/fsh/common/Meta.fsh
  Line: 23
  Applied in File: /Users/thome/code/fhir-profiling/mtb-template-migration/input/fsh/profiles/Beschluss-Therapieplan/mii-ex-mtb-empfehlung-evidenzgraduierung-publikation.fsh
  Applied on Line: 6
error Could not find a resource named $mii-ex-mtb-empfehlung-evidenzgraduierung
  File: /Users/thome/code/fhir-profiling/mtb-template-migration/input/fsh/common/Meta.fsh
  Line: 23
  Applied in File: /Users/thome/code/fhir-profiling/mtb-template-migration/input/fsh/profiles/Beschluss-Therapieplan/mii-ex-mtb-empfehlung-evidenzgraduierung.fsh
  Applied on Line: 6
error Could not find a resource named $mii-ex-mtb-antwort-kostenuebernahme-entscheidung
  File: /Users/thome/code/fhir-profiling/mtb-template-migration/input/fsh/common/Meta.fsh
  Line: 23
  Applied in File: /Users/thome/code/fhir-profiling/mtb-template-migration/input/fsh/profiles/Follow-Up/Kostenuebernahme/mii-ex-mtb-antwort-kostenuebernahme-entscheidung.fsh
  Applied on Line: 6
error Could not find a resource named $mii-ex-mtb-antwort-kostenuebernahme-ablehnungsgrund
  File: /Users/thome/code/fhir-profiling/mtb-template-migration/input/fsh/common/Meta.fsh
  Line: 23
  Applied in File: /Users/thome/code/fhir-profiling/mtb-template-migration/input/fsh/profiles/Follow-Up/Kostenuebernahme/mii-ex-mtb-antwort-kostenuebernahme-ablehnungsgrund.fsh
  Applied on Line: 6
error Could not find a resource named $mii-ex-mtb-genomic-study-analysis-qc
  File: /Users/thome/code/fhir-profiling/mtb-template-migration/input/fsh/common/Meta.fsh
  Line: 23
  Applied in File: /Users/thome/code/fhir-profiling/mtb-template-migration/input/fsh/profiles/NGS-Bericht/mii-ex-mtb-genomic-study-analysis-metrics.fsh
  Applied on Line: 6
error Could not find a resource named $mii-ex-mtb-diagnose
  File: /Users/thome/code/fhir-profiling/mtb-template-migration/input/fsh/common/Meta.fsh
  Line: 23
  Applied in File: /Users/thome/code/fhir-profiling/mtb-template-migration/input/fsh/profiles/Beschluss-Therapieplan/mii-ex-mtb-diagnose.fsh
  Applied on Line: 7
error Could not find a resource named $mii-ex-mtb-antrag-kostenuebernahme-antragsstadium
  File: /Users/thome/code/fhir-profiling/mtb-template-migration/input/fsh/common/Meta.fsh
  Line: 23
  Applied in File: /Users/thome/code/fhir-profiling/mtb-template-migration/input/fsh/profiles/Follow-Up/Kostenuebernahme/mii-ex-mtb-antrag-kostenuebernahme-antragsstadium.fsh
  Applied on Line: 6
error Could not find a resource named $mii-ex-mtb-ngs-bericht-genomic-study
  File: /Users/thome/code/fhir-profiling/mtb-template-migration/input/fsh/common/Meta.fsh
  Line: 23
  Applied in File: /Users/thome/code/fhir-profiling/mtb-template-migration/input/fsh/profiles/NGS-Bericht/mii-pr-mtb-ngs-bericht.fsh
  Applied on Line: 161
error Could not find a resource named $mii-lm-mtb
  File: /Users/thome/code/fhir-profiling/mtb-template-migration/input/fsh/common/Meta.fsh
  Line: 26
  Applied in File: /Users/thome/code/fhir-profiling/mtb-template-migration/input/fsh/logical-model/Molekulares-Tumorboard.fsh
  Applied on Line: 6
info  Exporting FHIR resources as JSON...
warn  The array 'medicationCodeableConcept.coding' in mii-exa-mtb-medication-request-mirvetuximab is missing values at the following indices: 0
info  Exported 285 FHIR resources as JSON.
info  Assembling Implementation Guide sources...
info  Generated ImplementationGuide-mii-kerndatensatzmodul-molekulares-tumorboard.json
info  Assembled Implementation Guide sources; ready for IG Publisher.
info  The _build script hosted at https://github.com/HL7/ig-publisher-scripts is useful for downloading and running the IG Publisher.

========================= SUSHI RESULTS ===========================
|  -------------------------------------------------------------  |
| |    Profiles   |  Extensions  |   Logicals   |   Resources   | |
| |-------------------------------------------------------------| |
| |      47       |      11      |      4       |       0       | |
|  -------------------------------------------------------------  |
|  -------------------------------------------------------------  |
| |      ValueSets     |    CodeSystems    |     Instances      | |
| |-------------------------------------------------------------| |
| |         17         |        19         |        187         | |
|  -------------------------------------------------------------  |
|                                                                 |
===================================================================
| Swim back to School of FSH           1670 Errors     2 Warnings |
===================================================================

