id	layer	check	verdict	subject	evidence	autofix	action
C1-00d5b4	conservation	C1	IDENTISCH	303 source artefacts	all present in fsh-generated, matched by id or canonical url (source: fsh-generated/resources)	-	-
C2-84863a	conservation	C2	IDENTISCH	output/de (303 artefacts)	every generated resource is rendered and listed in artifacts.html	-	-
C2-cc3d02	conservation	C2	IDENTISCH	output/en (303 artefacts)	every generated resource is rendered and listed in artifacts.html	-	-
C3-2e311d	conservation	C3	IDENTISCH	index.md	migrated -> input/pagecontent/index.md (input/pagecontent/index.md)	-	-
C3-2e4ab3	conservation	C3	IDENTISCH	BeschreibungvonSzenarienfrdieAnwendungderModule.page.md	migrated -> input/pagecontent/anwendungsszenarien.md (input/pagecontent/anwendungsszenarien.md)	-	-
C3-26ba62	conservation	C3	IDENTISCH	Datenstzeinkl.Beschreibungen.page.md	migrated -> input/pagecontent/logical-models.md (input/pagecontent/logical-models.md)	-	-
C3-d2d566	conservation	C3	IDENTISCH	AnwendungsflleInformationsmodell/Index.page.md	retired: nav-only container page; source text says "Diese Seite wurde absichtlich leer gelassen"; children routed individually	-	-
C3-fcd593	conservation	C3	IDENTISCH	UML.page.md	migrated -> input/pagecontent/uml-diagrams.md (input/pagecontent/uml-diagrams.md)	-	-
C3-4fe1c8	conservation	C3	IDENTISCH	BeschreibungModulModul.page.md	migrated -> input/pagecontent/index.md (input/pagecontent/index.md)	-	-
C3-703f7a	conservation	C3	IDENTISCH	MIIIGModulMTB/Index.page.md	migrated -> input/pagecontent/index.md (input/pagecontent/index.md)	-	-
C3-995049	conservation	C3	IDENTISCH	Kommentierungsphase.page.md	retired: page self-declares as commenting-phase-only ("wird in der abschließenden Version ... nicht mehr präsent sein"); ballot 2025.0.0-ballot closed, 2026.0.1 released — Gate B confirms	-	-
C3-c7063c	conservation	C3	IDENTISCH	KontextimGesamtprojektBezgezuanderenModulen.page.md	migrated -> input/pagecontent/guidance.md (input/pagecontent/guidance.md)	-	-
C3-b75bba	conservation	C3	IDENTISCH	Referenzen.page.md	migrated -> input/pagecontent/guidance.md (input/pagecontent/guidance.md)	-	-
C3-4fb47d	conservation	C3	IDENTISCH	ReleaseNotes.page.md	migrated -> input/pagecontent/changes.md (input/pagecontent/changes.md)	-	-
C3-32eff4	conservation	C3	IDENTISCH	CapabilityStatement.page.md	migrated -> input/pagecontent/capability-statements.md (input/pagecontent/capability-statements.md)	-	-
C3-b611f5	conservation	C3	IDENTISCH	DNPM-Transformation.page.md	migrated -> input/pagecontent/dnpm-transformation.md (input/pagecontent/dnpm-transformation.md)	-	-
C3-99c6f6	conservation	C3	IDENTISCH	Behandlungsepisode-ClinicalImpression.page.md	migrated -> input/intro-notes/StructureDefinition-mii-pr-mtb-behandlungsepisode-intro.md (input/intro-notes/StructureDefinition-mii-pr-mtb-behandlungsepisode-intro.md)	-	-
C3-0d6ba8	conservation	C3	IDENTISCH	Consent-Observation.page.md	migrated -> input/intro-notes/StructureDefinition-mii-pr-mtb-consent-given-intro.md (input/intro-notes/StructureDefinition-mii-pr-mtb-consent-given-intro.md)	-	-
C3-150605	conservation	C3	IDENTISCH	Diagnose-Primaertumor-Condition.page.md	migrated -> input/intro-notes/StructureDefinition-mii-pr-mtb-diagnose-primaertumor-intro.md (input/intro-notes/StructureDefinition-mii-pr-mtb-diagnose-primaertumor-intro.md)	-	-
C3-9c8723	conservation	C3	IDENTISCH	Diagnose/Index.page.md	retired: nav-only container page; source text: "Diese Seite wurde absichtlich leer gelassen"	-	-
C3-f3088e	conservation	C3	IDENTISCH	Oncotree-Observation.page.md	migrated -> input/intro-notes/StructureDefinition-mii-pr-mtb-oncotree-intro.md (input/intro-notes/StructureDefinition-mii-pr-mtb-oncotree-intro.md)	-	-
C3-212a98	conservation	C3	IDENTISCH	Tumorausbreitung-Observation.page.md	migrated -> input/intro-notes/StructureDefinition-mii-pr-mtb-tumorausbreitung-intro.md (input/intro-notes/StructureDefinition-mii-pr-mtb-tumorausbreitung-intro.md)	-	-
C3-3e10cc	conservation	C3	IDENTISCH	WHO-Grad-ZNS-Observation.page.md	migrated -> input/intro-notes/StructureDefinition-mii-pr-mtb-who-grad-tumor-zns-intro.md (input/intro-notes/StructureDefinition-mii-pr-mtb-who-grad-tumor-zns-intro.md)	-	-
C3-cd7080	conservation	C3	IDENTISCH	Extensions/Index.page.md	retired: nav-only page: no prose beyond the generated navigation/title (renderings regenerate on the artifact pages)	-	-
C3-04995c	conservation	C3	IDENTISCH	Leitlinienbehandlung-Status-Extension.page.md	migrated -> input/intro-notes/StructureDefinition-mii-ex-mtb-leitlinienbehandlung-status-intro.md (input/intro-notes/StructureDefinition-mii-ex-mtb-leitlinienbehandlung-status-intro.md)	-	-
C3-8982c3	conservation	C3	IDENTISCH	Leitliniendokumentation-Extension.page.md	migrated -> input/intro-notes/StructureDefinition-mii-ex-mtb-leitlinie-dokumentation-intro.md (input/intro-notes/StructureDefinition-mii-ex-mtb-leitlinie-dokumentation-intro.md)	-	-
C3-cb8adb	conservation	C3	IDENTISCH	Therapielinie-Extension.page.md	migrated -> input/pagecontent/extensions.md (input/pagecontent/extensions.md)	-	-
C3-6068b5	conservation	C3	IDENTISCH	Zulassungsstatus-Extension.page.md	migrated -> input/pagecontent/extensions.md (input/pagecontent/extensions.md)	-	-
C3-d1ab95	conservation	C3	IDENTISCH	Behandlungsepisode/Index.page.md	retired: nav-only container page; source text: "Diese Seite wurde absichtlich leer gelassen"	-	-
C3-ad7784	conservation	C3	IDENTISCH	Probe/Index.page.md	retired: nav-only page: no prose beyond the generated navigation/title (renderings regenerate on the artifact pages)	-	-
C3-236881	conservation	C3	IDENTISCH	Tumorzellgehalt-Observation.page.md	migrated -> input/intro-notes/StructureDefinition-mii-pr-mtb-tumorzellgehalt-intro.md (input/intro-notes/StructureDefinition-mii-pr-mtb-tumorzellgehalt-intro.md)	-	-
C3-7a5d06	conservation	C3	IDENTISCH	Systemische-Vortherapie-Procedure.page.md	migrated -> input/intro-notes/StructureDefinition-mii-pr-mtb-systemische-vortherapie-intro.md (input/intro-notes/StructureDefinition-mii-pr-mtb-systemische-vortherapie-intro.md)	-	-
C3-eeeaf5	conservation	C3	IDENTISCH	Therapieplan-MTB-Beschluss/Index.page.md	retired: nav-only page: no prose beyond the generated navigation/title (renderings regenerate on the artifact pages)	-	-
C3-3768c6	conservation	C3	IDENTISCH	Studieneinschlussempfehlung/Index.page.md	retired: nav-only page: no prose beyond the generated navigation/title (renderings regenerate on the artifact pages)	-	-
C3-46ee94	conservation	C3	IDENTISCH	Studieneinschluss-Anfrage-ServiceRequest.page.md	migrated -> input/intro-notes/StructureDefinition-mii-pr-mtb-studieneinschluss-anfrage-intro.md (input/intro-notes/StructureDefinition-mii-pr-mtb-studieneinschluss-anfrage-intro.md)	-	-
C3-1654c0	conservation	C3	IDENTISCH	Studieneinschluss-Studie-ResearchStudy.page.md	migrated -> input/intro-notes/StructureDefinition-mii-pr-mtb-studie-intro.md (input/intro-notes/StructureDefinition-mii-pr-mtb-studie-intro.md)	-	-
C3-c338f9	conservation	C3	IDENTISCH	Evidenzgraduierung-Extension.page.md	migrated -> input/intro-notes/StructureDefinition-mii-ex-mtb-empfehlung-evidenzgraduierung-intro.md (input/intro-notes/StructureDefinition-mii-ex-mtb-empfehlung-evidenzgraduierung-intro.md)	-	-
C3-172eb2	conservation	C3	IDENTISCH	MIIIGModulMTB/TechnischeImplementierung/FHIRProfile/Behandlungsepisode/Therapieplan-MTB-Beschluss/Therapieempfehlung/Extensions/Index.page.md	retired: nav-only page: no prose beyond the generated navigation/title (renderings regenerate on the artifact pages)	-	-
C3-1a9fb4	conservation	C3	IDENTISCH	Prioritaet-Extension.page.md	migrated -> input/intro-notes/StructureDefinition-mii-ex-mtb-empfehlung-prioritaet-intro.md (input/intro-notes/StructureDefinition-mii-ex-mtb-empfehlung-prioritaet-intro.md)	-	-
C3-9c16d2	conservation	C3	IDENTISCH	Publikation-Extension.page.md	migrated -> input/intro-notes/StructureDefinition-mii-ex-mtb-empfehlung-publikation-intro.md (input/intro-notes/StructureDefinition-mii-ex-mtb-empfehlung-publikation-intro.md)	-	-
C3-77d442	conservation	C3	IDENTISCH	Therapieempfehlung/Index.page.md	retired: nav-only page: no prose beyond the generated navigation/title (renderings regenerate on the artifact pages)	-	-
C3-48eb87	conservation	C3	IDENTISCH	Kombinationstherapie-Empfehlung-RequestGroup-Alias.page.md	migrated -> input/intro-notes/StructureDefinition-mii-pr-mtb-therapieempfehlung-kombination-intro.md (input/intro-notes/StructureDefinition-mii-pr-mtb-therapieempfehlung-kombination-intro.md)	-	-
C3-ac0568	conservation	C3	IDENTISCH	Kombinationstherapie-Empfehlung-RequestGroup.page.md	migrated -> input/intro-notes/StructureDefinition-mii-pr-mtb-therapieempfehlung-kombination-intro.md (input/intro-notes/StructureDefinition-mii-pr-mtb-therapieempfehlung-kombination-intro.md)	-	-
C3-6aa64d	conservation	C3	IDENTISCH	Therapieempfehlung-MedicationRequest.page.md	migrated -> input/intro-notes/StructureDefinition-mii-pr-mtb-therapieempfehlung-intro.md (input/intro-notes/StructureDefinition-mii-pr-mtb-therapieempfehlung-intro.md)	-	-
C3-85d9bd	conservation	C3	IDENTISCH	Therapieplan-CarePlan.page.md	migrated -> input/intro-notes/StructureDefinition-mii-pr-mtb-therapieplan-intro.md (input/intro-notes/StructureDefinition-mii-pr-mtb-therapieplan-intro.md)	-	-
C3-f2e7ef	conservation	C3	IDENTISCH	Biopsie-Auftrag-ServiceRequest.page.md	migrated -> input/intro-notes/StructureDefinition-mii-pr-mtb-biopsie-auftrag-intro.md (input/intro-notes/StructureDefinition-mii-pr-mtb-biopsie-auftrag-intro.md)	-	-
C3-ec6c2d	conservation	C3	IDENTISCH	Histologie-Evaluation-Auftrag-ServiceRequest.page.md	migrated -> input/intro-notes/StructureDefinition-mii-pr-mtb-histologie-evaluation-auftrag-intro.md (input/intro-notes/StructureDefinition-mii-pr-mtb-histologie-evaluation-auftrag-intro.md)	-	-
C3-94f6ee	conservation	C3	IDENTISCH	Human-genetische-Beratung-Auftrag-ServiceRequest.page.md	migrated -> input/intro-notes/StructureDefinition-mii-pr-mtb-humangenetische-beratung-auftrag-intro.md (input/intro-notes/StructureDefinition-mii-pr-mtb-humangenetische-beratung-auftrag-intro.md)	-	-
C3-e82659	conservation	C3	IDENTISCH	Weitere-Empfehlungen/Index.page.md	retired: nav-only page: no prose beyond the generated navigation/title (renderings regenerate on the artifact pages)	-	-
C3-ffdbda	conservation	C3	IDENTISCH	Antragsstadium-Extension.page.md	migrated -> input/intro-notes/StructureDefinition-mii-ex-mtb-antrag-kostenuebernahme-antragsstadium-intro.md (input/intro-notes/StructureDefinition-mii-ex-mtb-antrag-kostenuebernahme-antragsstadium-intro.md)	-	-
C3-c57037	conservation	C3	IDENTISCH	Antrag-Kostenuebernahme-Claim/Index.page.md	migrated -> input/intro-notes/StructureDefinition-mii-pr-mtb-antrag-kostenuebernahme-intro.md (input/intro-notes/StructureDefinition-mii-pr-mtb-antrag-kostenuebernahme-intro.md)	-	-
C3-46213c	conservation	C3	IDENTISCH	Ablehnungsgrund-Extension.page.md	migrated -> input/intro-notes/StructureDefinition-mii-ex-mtb-antwort-kostenuebernahme-ablehnungsgrund-intro.md (input/intro-notes/StructureDefinition-mii-ex-mtb-antwort-kostenuebernahme-ablehnungsgrund-intro.md)	-	-
C3-e1c74c	conservation	C3	IDENTISCH	Entscheidung-Extension.page.md	migrated -> input/intro-notes/StructureDefinition-mii-ex-mtb-antwort-kostenuebernahme-entscheidung-intro.md (input/intro-notes/StructureDefinition-mii-ex-mtb-antwort-kostenuebernahme-entscheidung-intro.md)	-	-
C3-41572e	conservation	C3	IDENTISCH	Antwort-Kostenuebernahme-ClaimResponse/Index.page.md	migrated -> input/intro-notes/StructureDefinition-mii-pr-mtb-antwort-kostenuebernahme-intro.md (input/intro-notes/StructureDefinition-mii-pr-mtb-antwort-kostenuebernahme-intro.md)	-	-
C3-98cadf	conservation	C3	IDENTISCH	Antrag-Kostenuebernahme/Index.page.md	retired: nav-only page: no prose beyond the generated navigation/title (renderings regenerate on the artifact pages)	-	-
C3-a0c40e	conservation	C3	IDENTISCH	Follow-Up-ClinicalImpression.page.md	migrated -> input/intro-notes/StructureDefinition-mii-pr-mtb-follow-up-clinicalimpression-intro.md (input/intro-notes/StructureDefinition-mii-pr-mtb-follow-up-clinicalimpression-intro.md)	-	-
C3-8d8db0	conservation	C3	IDENTISCH	Follow-Up/Index.page.md	retired: nav-only container page; source text: "Diese Seite wurde absichtlich leer gelassen"	-	-
C3-d85ac7	conservation	C3	IDENTISCH	Befund-Response-Observation.page.md	migrated -> input/intro-notes/StructureDefinition-mii-pr-mtb-response-befund-intro.md (input/intro-notes/StructureDefinition-mii-pr-mtb-response-befund-intro.md)	-	-
C3-dbe567	conservation	C3	IDENTISCH	Befund-Response/Index.page.md	retired: nav-only page: no prose beyond the generated navigation/title (renderings regenerate on the artifact pages)	-	-
C3-6c2601	conservation	C3	IDENTISCH	Systemische-Therapie/Index.page.md	retired: nav-only page: no prose beyond the generated navigation/title (renderings regenerate on the artifact pages)	-	-
C3-4f0400	conservation	C3	IDENTISCH	Systemische-MTB-Therapie-Procedure.page.md	migrated -> input/intro-notes/StructureDefinition-mii-pr-mtb-systemische-therapie-intro.md (input/intro-notes/StructureDefinition-mii-pr-mtb-systemische-therapie-intro.md)	-	-
C3-25a09e	conservation	C3	IDENTISCH	Systemische-Therapie-Medication-Statement-Medication-Statement.page.md	migrated -> input/intro-notes/StructureDefinition-mii-pr-mtb-systemtherapie-medication-statement-intro.md (input/intro-notes/StructureDefinition-mii-pr-mtb-systemtherapie-medication-statement-intro.md)	-	-
C3-66a80b	conservation	C3	IDENTISCH	FHIRProfile/Index.page.md	retired: nav-only page: no prose beyond the generated navigation/title (renderings regenerate on the artifact pages)	-	-
C3-7a91a1	conservation	C3	IDENTISCH	Immunhistochemie-HER2-Observation.page.md	migrated -> input/intro-notes/StructureDefinition-mii-pr-mtb-immunohistochemistry-her2-intro.md (input/intro-notes/StructureDefinition-mii-pr-mtb-immunohistochemistry-her2-intro.md)	-	-
C3-833161	conservation	C3	IDENTISCH	Immunhistochemie-MMR-MSI-Observation.page.md	migrated -> input/intro-notes/StructureDefinition-mii-pr-mtb-immunohistochemistry-mmr-intro.md (input/intro-notes/StructureDefinition-mii-pr-mtb-immunohistochemistry-mmr-intro.md)	-	-
C3-12eb01	conservation	C3	IDENTISCH	Immunhistochemie-Observation.page.md	migrated -> input/intro-notes/StructureDefinition-mii-pr-mtb-immunohistochemistry-intro.md (input/intro-notes/StructureDefinition-mii-pr-mtb-immunohistochemistry-intro.md)	-	-
C3-f49649	conservation	C3	IDENTISCH	Immunhistochemie-PDL1-Observation.page.md	migrated -> input/intro-notes/StructureDefinition-mii-pr-mtb-immunohistochemistry-pdl1-intro.md (input/intro-notes/StructureDefinition-mii-pr-mtb-immunohistochemistry-pdl1-intro.md)	-	-
C3-68cd46	conservation	C3	IDENTISCH	Immunhistochemie-Phosphorylation-Observation.page.md	migrated -> input/intro-notes/StructureDefinition-mii-pr-mtb-immunohistochemistry-phosphorylation-intro.md (input/intro-notes/StructureDefinition-mii-pr-mtb-immunohistochemistry-phosphorylation-intro.md)	-	-
C3-6d947a	conservation	C3	IDENTISCH	Immunhistochemie/Index.page.md	retired: nav-only page: no prose beyond the generated navigation/title (renderings regenerate on the artifact pages)	-	-
C3-cc45a3	conservation	C3	IDENTISCH	P-Immunhistochemie-Observation.page.md	migrated -> input/intro-notes/StructureDefinition-mii-pr-mtb-immunohistochemistry-phosphorylation-intro.md (input/intro-notes/StructureDefinition-mii-pr-mtb-immunohistochemistry-phosphorylation-intro.md)	-	-
C3-5c758b	conservation	C3	IDENTISCH	In-Situ-Hybridization-HER2-Observation.page.md	migrated -> input/intro-notes/StructureDefinition-mii-pr-mtb-insituhybridization-her2-intro.md (input/intro-notes/StructureDefinition-mii-pr-mtb-insituhybridization-her2-intro.md)	-	-
C3-9300ed	conservation	C3	IDENTISCH	In-Situ-Hybridization-Observation.page.md	migrated -> input/intro-notes/StructureDefinition-mii-pr-mtb-insituhybridization-intro.md (input/intro-notes/StructureDefinition-mii-pr-mtb-insituhybridization-intro.md)	-	-
C3-172c71	conservation	C3	IDENTISCH	In-Situ-Hybridization/Index.page.md	migrated -> input/pagecontent/profiles.md (input/pagecontent/profiles.md)	-	-
C3-bb0592	conservation	C3	IDENTISCH	Molekular-Pathologie-Befund/Index.page.md	retired: nav-only page: no prose beyond the generated navigation/title (renderings regenerate on the artifact pages)	-	-
C3-d916d6	conservation	C3	IDENTISCH	Molekular-Pathologie-Befund-DiagnosticReport.page.md	migrated -> input/intro-notes/StructureDefinition-mii-pr-mtb-molecular-pathology-report-intro.md (input/intro-notes/StructureDefinition-mii-pr-mtb-molecular-pathology-report-intro.md)	-	-
C3-22ae12	conservation	C3	IDENTISCH	Diagnostische-Implikation-Observation.page.md	migrated -> input/intro-notes/StructureDefinition-mii-pr-mtb-diagnostische-implikation-intro.md (input/intro-notes/StructureDefinition-mii-pr-mtb-diagnostische-implikation-intro.md)	-	-
C3-d0e627	conservation	C3	IDENTISCH	Genetische-Implikationen/Index.page.md	migrated -> input/pagecontent/profiles.md (input/pagecontent/profiles.md)	-	-
C3-1f5f75	conservation	C3	IDENTISCH	Therapeutische-Implikation-Observation.page.md	migrated -> input/intro-notes/StructureDefinition-mii-pr-mtb-therapeutische-implikation-intro.md (input/intro-notes/StructureDefinition-mii-pr-mtb-therapeutische-implikation-intro.md)	-	-
C3-a0eb95	conservation	C3	IDENTISCH	Genomic-Study-Device-Device.page.md	migrated -> input/intro-notes/StructureDefinition-genomic-study-device-intro.md (input/intro-notes/StructureDefinition-genomic-study-device-intro.md)	-	-
C3-5bac87	conservation	C3	IDENTISCH	Genomic-Study-Procedure.page.md	migrated -> input/intro-notes/StructureDefinition-mii-pr-mtb-genomic-study-intro.md (input/intro-notes/StructureDefinition-mii-pr-mtb-genomic-study-intro.md)	-	-
C3-77d3d8	conservation	C3	IDENTISCH	Genomics-Study-Analysis-Procedure.page.md	migrated -> input/intro-notes/StructureDefinition-mii-pr-mtb-genomic-study-analysis-intro.md (input/intro-notes/StructureDefinition-mii-pr-mtb-genomic-study-analysis-intro.md)	-	-
C3-605818	conservation	C3	IDENTISCH	Genomic-Study/Index.page.md	retired: nav-only page: no prose beyond the generated navigation/title (renderings regenerate on the artifact pages)	-	-
C3-ccd341	conservation	C3	IDENTISCH	NGS-Bericht/Index.page.md	retired: nav-only page: no prose beyond the generated navigation/title (renderings regenerate on the artifact pages)	-	-
C3-b37714	conservation	C3	IDENTISCH	BRCAness-Observation.page.md	migrated -> input/intro-notes/StructureDefinition-mii-pr-mtb-brcaness-intro.md (input/intro-notes/StructureDefinition-mii-pr-mtb-brcaness-intro.md)	-	-
C3-7fd53b	conservation	C3	IDENTISCH	HER2-Status-Biomarker-Observation.page.md	migrated -> input/intro-notes/StructureDefinition-mii-pr-mtb-biomarker-her2-status-intro.md (input/intro-notes/StructureDefinition-mii-pr-mtb-biomarker-her2-status-intro.md)	-	-
C3-03b7f3	conservation	C3	IDENTISCH	HRD-Score-Observation.page.md	migrated -> input/intro-notes/StructureDefinition-mii-pr-mtb-hrd-score-intro.md (input/intro-notes/StructureDefinition-mii-pr-mtb-hrd-score-intro.md)	-	-
C3-5320f2	conservation	C3	IDENTISCH	Molekularer-Biomarker/Index.page.md	retired: nav-only page: no prose beyond the generated navigation/title (renderings regenerate on the artifact pages)	-	-
C3-5e5260	conservation	C3	IDENTISCH	MSI-Observation.page.md	migrated -> input/intro-notes/StructureDefinition-mii-pr-mtb-msi-intro.md (input/intro-notes/StructureDefinition-mii-pr-mtb-msi-intro.md)	-	-
C3-cd1a0c	conservation	C3	IDENTISCH	Mikrosatelliteninstabilitaet-Observation.page.md	migrated -> input/intro-notes/StructureDefinition-mii-pr-mtb-mikrosatelliteninstabilitaet-intro.md (input/intro-notes/StructureDefinition-mii-pr-mtb-mikrosatelliteninstabilitaet-intro.md)	-	-
C3-8e83c7	conservation	C3	IDENTISCH	Molekularer-Biomarker-Observation.page.md	migrated -> input/intro-notes/StructureDefinition-mii-pr-mtb-molekularer-biomarker-intro.md (input/intro-notes/StructureDefinition-mii-pr-mtb-molekularer-biomarker-intro.md)	-	-
C3-4d048a	conservation	C3	IDENTISCH	Mutationslast-Observation.page.md	migrated -> input/intro-notes/StructureDefinition-mii-pr-mtb-mutationslast-intro.md (input/intro-notes/StructureDefinition-mii-pr-mtb-mutationslast-intro.md)	-	-
C3-f86470	conservation	C3	IDENTISCH	Ploidie-Observation.page.md	migrated -> input/intro-notes/StructureDefinition-mii-pr-mtb-ploidie-intro.md (input/intro-notes/StructureDefinition-mii-pr-mtb-ploidie-intro.md)	-	-
C3-ee7c8a	conservation	C3	IDENTISCH	NGS-Bericht-DiagnosticReport.page.md	migrated -> input/intro-notes/StructureDefinition-mii-pr-mtb-ngs-bericht-intro.md (input/intro-notes/StructureDefinition-mii-pr-mtb-ngs-bericht-intro.md)	-	-
C3-06355f	conservation	C3	IDENTISCH	RNA-Seq/Index.page.md	retired: nav-only page: no prose beyond the generated navigation/title (renderings regenerate on the artifact pages)	-	-
C3-0df0b8	conservation	C3	IDENTISCH	RNA-Seq-Observation.page.md	migrated -> input/intro-notes/StructureDefinition-mii-pr-mtb-rna-seq-intro.md (input/intro-notes/StructureDefinition-mii-pr-mtb-rna-seq-intro.md)	-	-
C3-af5543	conservation	C3	IDENTISCH	Copy-Number-Variant-Observation.page.md	migrated -> input/intro-notes/StructureDefinition-mii-pr-mtb-copy-number-variant-intro.md (input/intro-notes/StructureDefinition-mii-pr-mtb-copy-number-variant-intro.md)	-	-
C3-47022f	conservation	C3	IDENTISCH	DNA-Fusion-Observation.page.md	migrated -> input/intro-notes/StructureDefinition-mii-pr-mtb-dna-fusion-intro.md (input/intro-notes/StructureDefinition-mii-pr-mtb-dna-fusion-intro.md)	-	-
C3-421e3b	conservation	C3	IDENTISCH	Einfache-Variante-Observation.page.md	migrated -> input/intro-notes/StructureDefinition-mii-pr-mtb-einfache-variante-intro.md (input/intro-notes/StructureDefinition-mii-pr-mtb-einfache-variante-intro.md)	-	-
C3-5ac08d	conservation	C3	IDENTISCH	Variante/Index.page.md	retired: nav-only page: no prose beyond the generated navigation/title (renderings regenerate on the artifact pages)	-	-
C3-fc223a	conservation	C3	IDENTISCH	RNA-Fusion-Observation.page.md	migrated -> input/intro-notes/StructureDefinition-mii-pr-mtb-rna-fusion-intro.md (input/intro-notes/StructureDefinition-mii-pr-mtb-rna-fusion-intro.md)	-	-
C3-2fe7d8	conservation	C3	IDENTISCH	TechnischeImplementierung/Index.page.md	retired: nav-only container; source text: "Diese Seite wurde absichtlich leer gelassen"	-	-
C3-fda280	conservation	C3	IDENTISCH	Profile-Beziehungen-und-Referenzen.page.md	migrated -> input/pagecontent/implementer-guidance.md (input/pagecontent/implementer-guidance.md)	-	-
C3-bf17f6	conservation	C3	IDENTISCH	Profile-Inhalt-und-Vererbung.page.md	migrated -> input/pagecontent/implementer-guidance.md (input/pagecontent/implementer-guidance.md)	-	-
C3-24fdb2	conservation	C3	IDENTISCH	QA-Validierung.page.md	migrated -> input/pagecontent/implementer-guidance.md (input/pagecontent/implementer-guidance.md)	-	-
C3-d04b32	conservation	C3	IDENTISCH	Terminologien.page.md	migrated -> input/pagecontent/code-systems.md (input/pagecontent/code-systems.md)	-	-
C4-b56c53	conservation	C4	NICHT PRUEFBAR	Ablehnungsgrund-Extension.page.md	the source page embeds an element-tree rendering (5 occurrences of the renderer's marker); 0 of 1 runs are in no target page, but prose and rendered view cannot be told apart in it	-	read the page against its target: migration replaces the VIEW with the artefact page (R1), so only its prose has to be conserved -- and only a human can say which is which here
C4-06bc24	conservation	C4	NICHT PRUEFBAR	Antrag-Kostenuebernahme-Claim/Index.page.md	the source page embeds an element-tree rendering (7 occurrences of the renderer's marker); 0 of 17 runs are in no target page, but prose and rendered view cannot be told apart in it	-	read the page against its target: migration replaces the VIEW with the artefact page (R1), so only its prose has to be conserved -- and only a human can say which is which here
C4-448148	conservation	C4	NICHT PRUEFBAR	Antrag-Kostenuebernahme/Index.page.md	the source page carries NO prose -- 0 generated table row(s) only	-	conservation of a generated view is not a text question; confirm the artefact page replaces it (R1)
C4-24bf2e	conservation	C4	NICHT PRUEFBAR	Antragsstadium-Extension.page.md	the source page embeds an element-tree rendering (5 occurrences of the renderer's marker); 0 of 1 runs are in no target page, but prose and rendered view cannot be told apart in it	-	read the page against its target: migration replaces the VIEW with the artefact page (R1), so only its prose has to be conserved -- and only a human can say which is which here
C4-42d75b	conservation	C4	NICHT PRUEFBAR	Antwort-Kostenuebernahme-ClaimResponse/Index.page.md	the source page embeds an element-tree rendering (7 occurrences of the renderer's marker); 2 of 17 runs are in no target page, but prose and rendered view cannot be told apart in it	-	read the page against its target: migration replaces the VIEW with the artefact page (R1), so only its prose has to be conserved -- and only a human can say which is which here
C4-7b2767	conservation	C4	NICHT PRUEFBAR	AnwendungsflleInformationsmodell/Index.page.md	the source page carries NO prose -- 0 generated table row(s) only	-	conservation of a generated view is not a text question; confirm the artefact page replaces it (R1)
C4-b2d096	conservation	C4	NICHT PRUEFBAR	BRCAness-Observation.page.md	the source page embeds an element-tree rendering (7 occurrences of the renderer's marker); 0 of 12 runs are in no target page, but prose and rendered view cannot be told apart in it	-	read the page against its target: migration replaces the VIEW with the artefact page (R1), so only its prose has to be conserved -- and only a human can say which is which here
C4-e8f15a	conservation	C4	NICHT PRUEFBAR	Befund-Response-Observation.page.md	the source page embeds an element-tree rendering (7 occurrences of the renderer's marker); 4 of 21 runs are in no target page, but prose and rendered view cannot be told apart in it	-	read the page against its target: migration replaces the VIEW with the artefact page (R1), so only its prose has to be conserved -- and only a human can say which is which here
C4-f2bfa3	conservation	C4	NICHT PRUEFBAR	Befund-Response/Index.page.md	the source page carries NO prose -- 0 generated table row(s) only	-	conservation of a generated view is not a text question; confirm the artefact page replaces it (R1)
C4-68ffe4	conservation	C4	NICHT PRUEFBAR	Behandlungsepisode-ClinicalImpression.page.md	the source page embeds an element-tree rendering (7 occurrences of the renderer's marker); 1 of 17 runs are in no target page, but prose and rendered view cannot be told apart in it	-	read the page against its target: migration replaces the VIEW with the artefact page (R1), so only its prose has to be conserved -- and only a human can say which is which here
C4-2ef10c	conservation	C4	NICHT PRUEFBAR	Behandlungsepisode/Index.page.md	the source page carries NO prose -- 0 generated table row(s) only	-	conservation of a generated view is not a text question; confirm the artefact page replaces it (R1)
C4-8008a4	conservation	C4	IDENTISCH	BeschreibungModulModul.page.md	all 9 prose runs present in the target's de corpus	-	-
C4-e4b03b	conservation	C4	DIVERGIERT	BeschreibungvonSzenarienfrdieAnwendungderModule.page.md	24 of 92 PROSE runs of the source page are in no target page (first: ## Beschreibung von Szenarien für die Anwendung der Module t…)	-	map the missing text to a target page section, or record the loss in the report's content map
C4-c5cfa0	conservation	C4	NICHT PRUEFBAR	Biopsie-Auftrag-ServiceRequest.page.md	the source page embeds an element-tree rendering (7 occurrences of the renderer's marker); 1 of 14 runs are in no target page, but prose and rendered view cannot be told apart in it	-	read the page against its target: migration replaces the VIEW with the artefact page (R1), so only its prose has to be conserved -- and only a human can say which is which here
C4-196ae3	conservation	C4	DIVERGIERT	CapabilityStatement.page.md	3 of 6 PROSE runs of the source page are in no target page (first: Um eine dezentrale Datenauswertung mittel des Deutsche Forsc…)	-	map the missing text to a target page section, or record the loss in the report's content map
C4-f6c680	conservation	C4	NICHT PRUEFBAR	Consent-Observation.page.md	the source page embeds an element-tree rendering (7 occurrences of the renderer's marker); 0 of 11 runs are in no target page, but prose and rendered view cannot be told apart in it	-	read the page against its target: migration replaces the VIEW with the artefact page (R1), so only its prose has to be conserved -- and only a human can say which is which here
C4-c61fba	conservation	C4	NICHT PRUEFBAR	Copy-Number-Variant-Observation.page.md	the source page embeds an element-tree rendering (7 occurrences of the renderer's marker); 1 of 34 runs are in no target page, but prose and rendered view cannot be told apart in it	-	read the page against its target: migration replaces the VIEW with the artefact page (R1), so only its prose has to be conserved -- and only a human can say which is which here
C4-661fb0	conservation	C4	NICHT PRUEFBAR	DNA-Fusion-Observation.page.md	the source page embeds an element-tree rendering (7 occurrences of the renderer's marker); 0 of 38 runs are in no target page, but prose and rendered view cannot be told apart in it	-	read the page against its target: migration replaces the VIEW with the artefact page (R1), so only its prose has to be conserved -- and only a human can say which is which here
C4-5e0695	conservation	C4	DIVERGIERT	DNPM-Transformation.page.md	9 of 19 PROSE runs of the source page are in no target page (first: Diese Seite beschreibt die Transformation von [DNPM DIP]( MT…); 12 generated table row(s) excluded -- migration replaces that view with the artefact page (R1 checks THAT)	-	map the missing text to a target page section, or record the loss in the report's content map
C4-22cb93	conservation	C4	DIVERGIERT	Datenstzeinkl.Beschreibungen.page.md	1 of 5 PROSE runs of the source page are in no target page (first: Der Datensatz basiert auf dem Datensatz des [_Deutschen Netz…)	-	map the missing text to a target page section, or record the loss in the report's content map
C4-0db42c	conservation	C4	NICHT PRUEFBAR	Diagnose-Primaertumor-Condition.page.md	the source page embeds an element-tree rendering (7 occurrences of the renderer's marker); 4 of 26 runs are in no target page, but prose and rendered view cannot be told apart in it	-	read the page against its target: migration replaces the VIEW with the artefact page (R1), so only its prose has to be conserved -- and only a human can say which is which here
C4-183b90	conservation	C4	NICHT PRUEFBAR	Diagnose/Index.page.md	the source page carries NO prose -- 0 generated table row(s) only	-	conservation of a generated view is not a text question; confirm the artefact page replaces it (R1)
C4-e1b6af	conservation	C4	NICHT PRUEFBAR	Diagnostische-Implikation-Observation.page.md	the source page embeds an element-tree rendering (7 occurrences of the renderer's marker); 0 of 22 runs are in no target page, but prose and rendered view cannot be told apart in it	-	read the page against its target: migration replaces the VIEW with the artefact page (R1), so only its prose has to be conserved -- and only a human can say which is which here
C4-c76d16	conservation	C4	NICHT PRUEFBAR	Einfache-Variante-Observation.page.md	the source page embeds an element-tree rendering (7 occurrences of the renderer's marker); 0 of 32 runs are in no target page, but prose and rendered view cannot be told apart in it	-	read the page against its target: migration replaces the VIEW with the artefact page (R1), so only its prose has to be conserved -- and only a human can say which is which here
C4-95dd2a	conservation	C4	NICHT PRUEFBAR	Entscheidung-Extension.page.md	the source page embeds an element-tree rendering (5 occurrences of the renderer's marker); 0 of 1 runs are in no target page, but prose and rendered view cannot be told apart in it	-	read the page against its target: migration replaces the VIEW with the artefact page (R1), so only its prose has to be conserved -- and only a human can say which is which here
C4-471749	conservation	C4	NICHT PRUEFBAR	Evidenzgraduierung-Extension.page.md	the source page embeds an element-tree rendering (5 occurrences of the renderer's marker); 0 of 4 runs are in no target page, but prose and rendered view cannot be told apart in it	-	read the page against its target: migration replaces the VIEW with the artefact page (R1), so only its prose has to be conserved -- and only a human can say which is which here
C4-b88ce3	conservation	C4	NICHT PRUEFBAR	Extensions/Index.page.md	the source page carries NO prose -- 0 generated table row(s) only	-	conservation of a generated view is not a text question; confirm the artefact page replaces it (R1)
C4-39c9c7	conservation	C4	NICHT PRUEFBAR	FHIRProfile/Index.page.md	the source page carries NO prose -- 0 generated table row(s) only	-	conservation of a generated view is not a text question; confirm the artefact page replaces it (R1)
C4-1a2205	conservation	C4	NICHT PRUEFBAR	Follow-Up-ClinicalImpression.page.md	the source page embeds an element-tree rendering (7 occurrences of the renderer's marker); 2 of 12 runs are in no target page, but prose and rendered view cannot be told apart in it	-	read the page against its target: migration replaces the VIEW with the artefact page (R1), so only its prose has to be conserved -- and only a human can say which is which here
C4-9e05ab	conservation	C4	NICHT PRUEFBAR	Follow-Up/Index.page.md	the source page carries NO prose -- 0 generated table row(s) only	-	conservation of a generated view is not a text question; confirm the artefact page replaces it (R1)
C4-fe322c	conservation	C4	DIVERGIERT	Genetische-Implikationen/Index.page.md	5 of 9 PROSE runs of the source page are in no target page (first: fuer die Klassifikation eines Tumors oder die Bestaetigung e…)	-	map the missing text to a target page section, or record the loss in the report's content map
C4-5e8f5d	conservation	C4	NICHT PRUEFBAR	Genomic-Study-Device-Device.page.md	the source page embeds an element-tree rendering (11 occurrences of the renderer's marker); 0 of 11 runs are in no target page, but prose and rendered view cannot be told apart in it	-	read the page against its target: migration replaces the VIEW with the artefact page (R1), so only its prose has to be conserved -- and only a human can say which is which here
C4-fad786	conservation	C4	NICHT PRUEFBAR	Genomic-Study-Procedure.page.md	the source page embeds an element-tree rendering (7 occurrences of the renderer's marker); 0 of 15 runs are in no target page, but prose and rendered view cannot be told apart in it	-	read the page against its target: migration replaces the VIEW with the artefact page (R1), so only its prose has to be conserved -- and only a human can say which is which here
C4-f4a093	conservation	C4	NICHT PRUEFBAR	Genomic-Study/Index.page.md	the source page carries NO prose -- 0 generated table row(s) only	-	conservation of a generated view is not a text question; confirm the artefact page replaces it (R1)
C4-745e91	conservation	C4	NICHT PRUEFBAR	Genomics-Study-Analysis-Procedure.page.md	the source page embeds an element-tree rendering (7 occurrences of the renderer's marker); 1 of 19 runs are in no target page, but prose and rendered view cannot be told apart in it	-	read the page against its target: migration replaces the VIEW with the artefact page (R1), so only its prose has to be conserved -- and only a human can say which is which here
C4-472911	conservation	C4	IDENTISCH	HER2-Status-Biomarker-Observation.page.md	all 1 prose runs present in the target's de corpus	-	-
C4-583f64	conservation	C4	NICHT PRUEFBAR	HRD-Score-Observation.page.md	the source page embeds an element-tree rendering (7 occurrences of the renderer's marker); 0 of 14 runs are in no target page, but prose and rendered view cannot be told apart in it	-	read the page against its target: migration replaces the VIEW with the artefact page (R1), so only its prose has to be conserved -- and only a human can say which is which here
C4-150017	conservation	C4	NICHT PRUEFBAR	Histologie-Evaluation-Auftrag-ServiceRequest.page.md	the source page embeds an element-tree rendering (7 occurrences of the renderer's marker); 1 of 12 runs are in no target page, but prose and rendered view cannot be told apart in it	-	read the page against its target: migration replaces the VIEW with the artefact page (R1), so only its prose has to be conserved -- and only a human can say which is which here
C4-e578c2	conservation	C4	NICHT PRUEFBAR	Human-genetische-Beratung-Auftrag-ServiceRequest.page.md	the source page embeds an element-tree rendering (7 occurrences of the renderer's marker); 1 of 13 runs are in no target page, but prose and rendered view cannot be told apart in it	-	read the page against its target: migration replaces the VIEW with the artefact page (R1), so only its prose has to be conserved -- and only a human can say which is which here
C4-6d726b	conservation	C4	NICHT PRUEFBAR	Immunhistochemie-HER2-Observation.page.md	the source page embeds an element-tree rendering (5 occurrences of the renderer's marker); 0 of 11 runs are in no target page, but prose and rendered view cannot be told apart in it	-	read the page against its target: migration replaces the VIEW with the artefact page (R1), so only its prose has to be conserved -- and only a human can say which is which here
C4-017166	conservation	C4	NICHT PRUEFBAR	Immunhistochemie-MMR-MSI-Observation.page.md	the source page embeds an element-tree rendering (5 occurrences of the renderer's marker); 0 of 17 runs are in no target page, but prose and rendered view cannot be told apart in it	-	read the page against its target: migration replaces the VIEW with the artefact page (R1), so only its prose has to be conserved -- and only a human can say which is which here
C4-e33ef6	conservation	C4	NICHT PRUEFBAR	Immunhistochemie-Observation.page.md	the source page embeds an element-tree rendering (5 occurrences of the renderer's marker); 1 of 30 runs are in no target page, but prose and rendered view cannot be told apart in it	-	read the page against its target: migration replaces the VIEW with the artefact page (R1), so only its prose has to be conserved -- and only a human can say which is which here
C4-c98011	conservation	C4	NICHT PRUEFBAR	Immunhistochemie-PDL1-Observation.page.md	the source page embeds an element-tree rendering (5 occurrences of the renderer's marker); 0 of 26 runs are in no target page, but prose and rendered view cannot be told apart in it	-	read the page against its target: migration replaces the VIEW with the artefact page (R1), so only its prose has to be conserved -- and only a human can say which is which here
C4-c572db	conservation	C4	IDENTISCH	Immunhistochemie-Phosphorylation-Observation.page.md	all 1 prose runs present in the target's de corpus	-	-
C4-31f698	conservation	C4	NICHT PRUEFBAR	Immunhistochemie/Index.page.md	the source page carries NO prose -- 0 generated table row(s) only	-	conservation of a generated view is not a text question; confirm the artefact page replaces it (R1)
C4-49e870	conservation	C4	IDENTISCH	In-Situ-Hybridization-HER2-Observation.page.md	all 1 prose runs present in the target's de corpus	-	-
C4-eea339	conservation	C4	NICHT PRUEFBAR	In-Situ-Hybridization-Observation.page.md	the source page embeds an element-tree rendering (5 occurrences of the renderer's marker); 3 of 25 runs are in no target page, but prose and rendered view cannot be told apart in it	-	read the page against its target: migration replaces the VIEW with the artefact page (R1), so only its prose has to be conserved -- and only a human can say which is which here
C4-4489ed	conservation	C4	DIVERGIERT	In-Situ-Hybridization/Index.page.md	1 of 3 PROSE runs of the source page are in no target page (first: * **FISH** (Fluorescence In Situ Hybridization) - Standard f…); 4 generated table row(s) excluded -- migration replaces that view with the artefact page (R1 checks THAT)	-	map the missing text to a target page section, or record the loss in the report's content map
C4-2064ea	conservation	C4	IDENTISCH	Kombinationstherapie-Empfehlung-RequestGroup-Alias.page.md	all 1 prose runs present in the target's de corpus	-	-
C4-a29bc6	conservation	C4	NICHT PRUEFBAR	Kombinationstherapie-Empfehlung-RequestGroup.page.md	the source page embeds an element-tree rendering (15 occurrences of the renderer's marker); 3 of 12 runs are in no target page, but prose and rendered view cannot be told apart in it	-	read the page against its target: migration replaces the VIEW with the artefact page (R1), so only its prose has to be conserved -- and only a human can say which is which here
C4-0d15c2	conservation	C4	DIVERGIERT	Kommentierungsphase.page.md	10 of 10 PROSE runs of the source page are in no target page (first: Diese Seite befasst sich mit der Kommentierungsphase und wir…)	-	map the missing text to a target page section, or record the loss in the report's content map
C4-6b5222	conservation	C4	DIVERGIERT	KontextimGesamtprojektBezgezuanderenModulen.page.md	4 of 20 PROSE runs of the source page are in no target page (first: Prozedur, Medikation und Diagnose - das Onkologie-Modul - de…)	-	map the missing text to a target page section, or record the loss in the report's content map
C4-987d3c	conservation	C4	NICHT PRUEFBAR	Leitlinienbehandlung-Status-Extension.page.md	the source page embeds an element-tree rendering (5 occurrences of the renderer's marker); 0 of 4 runs are in no target page, but prose and rendered view cannot be told apart in it	-	read the page against its target: migration replaces the VIEW with the artefact page (R1), so only its prose has to be conserved -- and only a human can say which is which here
C4-c9a79f	conservation	C4	NICHT PRUEFBAR	Leitliniendokumentation-Extension.page.md	the source page embeds an element-tree rendering (15 occurrences of the renderer's marker); 0 of 5 runs are in no target page, but prose and rendered view cannot be told apart in it	-	read the page against its target: migration replaces the VIEW with the artefact page (R1), so only its prose has to be conserved -- and only a human can say which is which here
C4-e07494	conservation	C4	DIVERGIERT	MIIIGModulMTB/Index.page.md	10 of 14 PROSE runs of the source page are in no target page (first: Die vorliegende Spezifikation beschreibt die FHIR-Repräsenta…); 6 generated table row(s) excluded -- migration replaces that view with the artefact page (R1 checks THAT)	-	map the missing text to a target page section, or record the loss in the report's content map
C4-093b4a	conservation	C4	NICHT PRUEFBAR	MIIIGModulMTB/TechnischeImplementierung/FHIRProfile/Behandlungsepisode/Therapieplan-MTB-Beschluss/Therapieempfehlung/Extensions/Index.page.md	the source page carries NO prose -- 0 generated table row(s) only	-	conservation of a generated view is not a text question; confirm the artefact page replaces it (R1)
C4-84c0d5	conservation	C4	IDENTISCH	MSI-Observation.page.md	all 1 prose runs present in the target's de corpus	-	-
C4-da8580	conservation	C4	NICHT PRUEFBAR	Mikrosatelliteninstabilitaet-Observation.page.md	the source page embeds an element-tree rendering (7 occurrences of the renderer's marker); 0 of 28 runs are in no target page, but prose and rendered view cannot be told apart in it	-	read the page against its target: migration replaces the VIEW with the artefact page (R1), so only its prose has to be conserved -- and only a human can say which is which here
C4-8bf2e4	conservation	C4	NICHT PRUEFBAR	Molekular-Pathologie-Befund-DiagnosticReport.page.md	the source page embeds an element-tree rendering (5 occurrences of the renderer's marker); 0 of 9 runs are in no target page, but prose and rendered view cannot be told apart in it	-	read the page against its target: migration replaces the VIEW with the artefact page (R1), so only its prose has to be conserved -- and only a human can say which is which here
C4-00b1f2	conservation	C4	NICHT PRUEFBAR	Molekular-Pathologie-Befund/Index.page.md	the source page carries NO prose -- 0 generated table row(s) only	-	conservation of a generated view is not a text question; confirm the artefact page replaces it (R1)
C4-d39883	conservation	C4	NICHT PRUEFBAR	Molekularer-Biomarker-Observation.page.md	the source page embeds an element-tree rendering (5 occurrences of the renderer's marker); 0 of 9 runs are in no target page, but prose and rendered view cannot be told apart in it	-	read the page against its target: migration replaces the VIEW with the artefact page (R1), so only its prose has to be conserved -- and only a human can say which is which here
C4-7c8147	conservation	C4	NICHT PRUEFBAR	Molekularer-Biomarker/Index.page.md	the source page carries NO prose -- 0 generated table row(s) only	-	conservation of a generated view is not a text question; confirm the artefact page replaces it (R1)
C4-796a55	conservation	C4	NICHT PRUEFBAR	Mutationslast-Observation.page.md	the source page embeds an element-tree rendering (7 occurrences of the renderer's marker); 0 of 23 runs are in no target page, but prose and rendered view cannot be told apart in it	-	read the page against its target: migration replaces the VIEW with the artefact page (R1), so only its prose has to be conserved -- and only a human can say which is which here
C4-944368	conservation	C4	NICHT PRUEFBAR	NGS-Bericht-DiagnosticReport.page.md	the source page embeds an element-tree rendering (5 occurrences of the renderer's marker); 0 of 15 runs are in no target page, but prose and rendered view cannot be told apart in it	-	read the page against its target: migration replaces the VIEW with the artefact page (R1), so only its prose has to be conserved -- and only a human can say which is which here
C4-685eba	conservation	C4	NICHT PRUEFBAR	NGS-Bericht/Index.page.md	the source page carries NO prose -- 0 generated table row(s) only	-	conservation of a generated view is not a text question; confirm the artefact page replaces it (R1)
C4-963f4d	conservation	C4	NICHT PRUEFBAR	Oncotree-Observation.page.md	the source page embeds an element-tree rendering (7 occurrences of the renderer's marker); 1 of 12 runs are in no target page, but prose and rendered view cannot be told apart in it	-	read the page against its target: migration replaces the VIEW with the artefact page (R1), so only its prose has to be conserved -- and only a human can say which is which here
C4-6598ec	conservation	C4	NICHT PRUEFBAR	P-Immunhistochemie-Observation.page.md	the source page embeds an element-tree rendering (5 occurrences of the renderer's marker); 1 of 23 runs are in no target page, but prose and rendered view cannot be told apart in it	-	read the page against its target: migration replaces the VIEW with the artefact page (R1), so only its prose has to be conserved -- and only a human can say which is which here
C4-a24b80	conservation	C4	NICHT PRUEFBAR	Ploidie-Observation.page.md	the source page embeds an element-tree rendering (7 occurrences of the renderer's marker); 0 of 10 runs are in no target page, but prose and rendered view cannot be told apart in it	-	read the page against its target: migration replaces the VIEW with the artefact page (R1), so only its prose has to be conserved -- and only a human can say which is which here
C4-a53377	conservation	C4	NICHT PRUEFBAR	Prioritaet-Extension.page.md	the source page embeds an element-tree rendering (5 occurrences of the renderer's marker); 0 of 1 runs are in no target page, but prose and rendered view cannot be told apart in it	-	read the page against its target: migration replaces the VIEW with the artefact page (R1), so only its prose has to be conserved -- and only a human can say which is which here
C4-a31c90	conservation	C4	NICHT PRUEFBAR	Probe/Index.page.md	the source page carries NO prose -- 0 generated table row(s) only	-	conservation of a generated view is not a text question; confirm the artefact page replaces it (R1)
C4-b8a07a	conservation	C4	DIVERGIERT	Profile-Beziehungen-und-Referenzen.page.md	3 of 3 PROSE runs of the source page are in no target page (first: Die folgende Übersicht soll die Referenzen der Ressourcen un…)	-	map the missing text to a target page section, or record the loss in the report's content map
C4-db17c9	conservation	C4	DIVERGIERT	Profile-Inhalt-und-Vererbung.page.md	1 of 2 PROSE runs of the source page are in no target page (first: Die Bilder können [hier (Github)]( einzeln betrachtet und he…)	-	map the missing text to a target page section, or record the loss in the report's content map
C4-ba0d23	conservation	C4	NICHT PRUEFBAR	Publikation-Extension.page.md	the source page embeds an element-tree rendering (5 occurrences of the renderer's marker); 0 of 2 runs are in no target page, but prose and rendered view cannot be told apart in it	-	read the page against its target: migration replaces the VIEW with the artefact page (R1), so only its prose has to be conserved -- and only a human can say which is which here
C4-e5a7e3	conservation	C4	DIVERGIERT	QA-Validierung.page.md	6 of 33 PROSE runs of the source page are in no target page (first: [`advisor.json`]( --- Diese Meldungen werden durch [`advisor…); 60 generated table row(s) excluded -- migration replaces that view with the artefact page (R1 checks THAT)	-	map the missing text to a target page section, or record the loss in the report's content map
C4-893da3	conservation	C4	NICHT PRUEFBAR	RNA-Fusion-Observation.page.md	the source page embeds an element-tree rendering (5 occurrences of the renderer's marker); 1 of 38 runs are in no target page, but prose and rendered view cannot be told apart in it	-	read the page against its target: migration replaces the VIEW with the artefact page (R1), so only its prose has to be conserved -- and only a human can say which is which here
C4-a21f04	conservation	C4	NICHT PRUEFBAR	RNA-Seq-Observation.page.md	the source page embeds an element-tree rendering (5 occurrences of the renderer's marker); 1 of 33 runs are in no target page, but prose and rendered view cannot be told apart in it	-	read the page against its target: migration replaces the VIEW with the artefact page (R1), so only its prose has to be conserved -- and only a human can say which is which here
C4-35b633	conservation	C4	NICHT PRUEFBAR	RNA-Seq/Index.page.md	the source page carries NO prose -- 0 generated table row(s) only	-	conservation of a generated view is not a text question; confirm the artefact page replaces it (R1)
C4-fe91db	conservation	C4	DIVERGIERT	Referenzen.page.md	2 of 3 PROSE runs of the source page are in no target page (first: ## Referenzen Das KDS-Modul _Molekulares Tumorboard_ basiert…)	-	map the missing text to a target page section, or record the loss in the report's content map
C4-546e48	conservation	C4	DIVERGIERT	ReleaseNotes.page.md	18 of 42 PROSE runs of the source page are in no target page (first: Update von 2025.0.4 auf 2026.0.0 (2026-Release) - `feat` **Q…)	-	map the missing text to a target page section, or record the loss in the report's content map
C4-21def2	conservation	C4	NICHT PRUEFBAR	Studieneinschluss-Anfrage-ServiceRequest.page.md	the source page embeds an element-tree rendering (7 occurrences of the renderer's marker); 3 of 21 runs are in no target page, but prose and rendered view cannot be told apart in it	-	read the page against its target: migration replaces the VIEW with the artefact page (R1), so only its prose has to be conserved -- and only a human can say which is which here
C4-ac6515	conservation	C4	NICHT PRUEFBAR	Studieneinschluss-Studie-ResearchStudy.page.md	the source page embeds an element-tree rendering (7 occurrences of the renderer's marker); 18 of 41 runs are in no target page, but prose and rendered view cannot be told apart in it	-	read the page against its target: migration replaces the VIEW with the artefact page (R1), so only its prose has to be conserved -- and only a human can say which is which here
C4-e154ee	conservation	C4	NICHT PRUEFBAR	Studieneinschlussempfehlung/Index.page.md	the source page carries NO prose -- 0 generated table row(s) only	-	conservation of a generated view is not a text question; confirm the artefact page replaces it (R1)
C4-f31311	conservation	C4	NICHT PRUEFBAR	Systemische-MTB-Therapie-Procedure.page.md	the source page embeds an element-tree rendering (7 occurrences of the renderer's marker); 1 of 20 runs are in no target page, but prose and rendered view cannot be told apart in it	-	read the page against its target: migration replaces the VIEW with the artefact page (R1), so only its prose has to be conserved -- and only a human can say which is which here
C4-8e677d	conservation	C4	NICHT PRUEFBAR	Systemische-Therapie-Medication-Statement-Medication-Statement.page.md	the source page embeds an element-tree rendering (7 occurrences of the renderer's marker); 0 of 14 runs are in no target page, but prose and rendered view cannot be told apart in it	-	read the page against its target: migration replaces the VIEW with the artefact page (R1), so only its prose has to be conserved -- and only a human can say which is which here
C4-daeb61	conservation	C4	NICHT PRUEFBAR	Systemische-Therapie/Index.page.md	the source page carries NO prose -- 0 generated table row(s) only	-	conservation of a generated view is not a text question; confirm the artefact page replaces it (R1)
C4-2e0222	conservation	C4	NICHT PRUEFBAR	Systemische-Vortherapie-Procedure.page.md	the source page embeds an element-tree rendering (7 occurrences of the renderer's marker); 1 of 28 runs are in no target page, but prose and rendered view cannot be told apart in it	-	read the page against its target: migration replaces the VIEW with the artefact page (R1), so only its prose has to be conserved -- and only a human can say which is which here
C4-fc1144	conservation	C4	NICHT PRUEFBAR	TechnischeImplementierung/Index.page.md	the source page carries NO prose -- 0 generated table row(s) only	-	conservation of a generated view is not a text question; confirm the artefact page replaces it (R1)
C4-dcd614	conservation	C4	DIVERGIERT	Terminologien.page.md	59 of 61 PROSE runs of the source page are in no target page (first: - [Definierte CodeSystems](#definierte-codesystems) - [Defin…)	-	map the missing text to a target page section, or record the loss in the report's content map
C4-163969	conservation	C4	NICHT PRUEFBAR	Therapeutische-Implikation-Observation.page.md	the source page embeds an element-tree rendering (5 occurrences of the renderer's marker); 0 of 26 runs are in no target page, but prose and rendered view cannot be told apart in it	-	read the page against its target: migration replaces the VIEW with the artefact page (R1), so only its prose has to be conserved -- and only a human can say which is which here
C4-49889e	conservation	C4	NICHT PRUEFBAR	Therapieempfehlung-MedicationRequest.page.md	the source page embeds an element-tree rendering (7 occurrences of the renderer's marker); 1 of 28 runs are in no target page, but prose and rendered view cannot be told apart in it	-	read the page against its target: migration replaces the VIEW with the artefact page (R1), so only its prose has to be conserved -- and only a human can say which is which here
C4-9d9e17	conservation	C4	NICHT PRUEFBAR	Therapieempfehlung/Index.page.md	the source page carries NO prose -- 0 generated table row(s) only	-	conservation of a generated view is not a text question; confirm the artefact page replaces it (R1)
C4-494197	conservation	C4	NICHT PRUEFBAR	Therapielinie-Extension.page.md	the source page embeds an element-tree rendering (5 occurrences of the renderer's marker); 0 of 2 runs are in no target page, but prose and rendered view cannot be told apart in it	-	read the page against its target: migration replaces the VIEW with the artefact page (R1), so only its prose has to be conserved -- and only a human can say which is which here
C4-c628b2	conservation	C4	NICHT PRUEFBAR	Therapieplan-CarePlan.page.md	the source page embeds an element-tree rendering (7 occurrences of the renderer's marker); 2 of 26 runs are in no target page, but prose and rendered view cannot be told apart in it	-	read the page against its target: migration replaces the VIEW with the artefact page (R1), so only its prose has to be conserved -- and only a human can say which is which here
C4-a2d229	conservation	C4	NICHT PRUEFBAR	Therapieplan-MTB-Beschluss/Index.page.md	the source page carries NO prose -- 0 generated table row(s) only	-	conservation of a generated view is not a text question; confirm the artefact page replaces it (R1)
C4-56ce72	conservation	C4	NICHT PRUEFBAR	Tumorausbreitung-Observation.page.md	the source page embeds an element-tree rendering (7 occurrences of the renderer's marker); 0 of 12 runs are in no target page, but prose and rendered view cannot be told apart in it	-	read the page against its target: migration replaces the VIEW with the artefact page (R1), so only its prose has to be conserved -- and only a human can say which is which here
C4-27f621	conservation	C4	NICHT PRUEFBAR	Tumorzellgehalt-Observation.page.md	the source page embeds an element-tree rendering (7 occurrences of the renderer's marker); 0 of 23 runs are in no target page, but prose and rendered view cannot be told apart in it	-	read the page against its target: migration replaces the VIEW with the artefact page (R1), so only its prose has to be conserved -- and only a human can say which is which here
C4-d47516	conservation	C4	DIVERGIERT	UML.page.md	1 of 1 PROSE runs of the source page are in no target page (first: Die Bilddatei ist zur besseren Darstellung auch unter folgen…)	-	map the missing text to a target page section, or record the loss in the report's content map
C4-85c085	conservation	C4	NICHT PRUEFBAR	Variante/Index.page.md	the source page carries NO prose -- 0 generated table row(s) only	-	conservation of a generated view is not a text question; confirm the artefact page replaces it (R1)
C4-5c7f4e	conservation	C4	NICHT PRUEFBAR	WHO-Grad-ZNS-Observation.page.md	the source page embeds an element-tree rendering (7 occurrences of the renderer's marker); 0 of 11 runs are in no target page, but prose and rendered view cannot be told apart in it	-	read the page against its target: migration replaces the VIEW with the artefact page (R1), so only its prose has to be conserved -- and only a human can say which is which here
C4-492487	conservation	C4	NICHT PRUEFBAR	Weitere-Empfehlungen/Index.page.md	the source page carries NO prose -- 0 generated table row(s) only	-	conservation of a generated view is not a text question; confirm the artefact page replaces it (R1)
C4-78dad0	conservation	C4	NICHT PRUEFBAR	Zulassungsstatus-Extension.page.md	the source page embeds an element-tree rendering (5 occurrences of the renderer's marker); 0 of 2 runs are in no target page, but prose and rendered view cannot be told apart in it	-	read the page against its target: migration replaces the VIEW with the artefact page (R1), so only its prose has to be conserved -- and only a human can say which is which here
C4-ef59ff	conservation	C4	DIVERGIERT	index.md	2 of 2 PROSE runs of the source page are in no target page (first: # MII Erweiterungsmodul Molekulares Tumorboard Willkommen be…)	-	map the missing text to a target page section, or record the loss in the report's content map
C5-f09e26	conservation	C5	IDENTISCH	input/includes/menu.xml	all 30 menu entries resolve to a real page	-	-
C5-d64c1f	conservation	C5	IDENTISCH	input/translations/de/includes/menu.xml	all 30 menu entries resolve to a real page	-	-
C5-f01ede	conservation	C5	IDENTISCH	21 narrative pages	every one is reachable from a menu entry	-	-
C5-2d86b5	conservation	C5	NICHT PRUEFBAR	target pages without a source counterpart	references/template-pages.tsv is measured at module-template v0.11.1, but this module vendors v0.13.2 -- a stale manifest produces confident wrong findings in both directions	-	re-measure template-pages.tsv at the vendored tag (record the tag in the third column), then re-run
C6-3b77f3	conservation	C6	IDENTISCH	Ablehnungsgrund-Extension.page.md	1 of 1 runs placed, most on StructureDefinition-mii-ex-mtb-antwort-kostenuebernahme-ablehnungsgrund-intro -- the mapped target	-	-
C6-c95ae8	conservation	C6	IDENTISCH	Antrag-Kostenuebernahme-Claim/Index.page.md	17 of 17 runs placed, most on StructureDefinition-mii-pr-mtb-antrag-kostenuebernahme-intro -- the mapped target	-	-
C6-d3a9ed	conservation	C6	IDENTISCH	Antragsstadium-Extension.page.md	1 of 1 runs placed, most on StructureDefinition-mii-ex-mtb-antrag-kostenuebernahme-antragsstadium-intro -- the mapped target	-	-
C6-45b04a	conservation	C6	IDENTISCH	Antwort-Kostenuebernahme-ClaimResponse/Index.page.md	15 of 17 runs placed, most on StructureDefinition-mii-pr-mtb-antwort-kostenuebernahme-intro -- the mapped target	-	-
C6-f5bc4c	conservation	C6	IDENTISCH	BRCAness-Observation.page.md	12 of 12 runs placed, most on StructureDefinition-mii-pr-mtb-brcaness-intro -- the mapped target	-	-
C6-9f2a25	conservation	C6	IDENTISCH	Befund-Response-Observation.page.md	17 of 21 runs placed, most on StructureDefinition-mii-pr-mtb-response-befund-intro -- the mapped target	-	-
C6-a4f0a9	conservation	C6	IDENTISCH	Behandlungsepisode-ClinicalImpression.page.md	16 of 17 runs placed, most on StructureDefinition-mii-pr-mtb-behandlungsepisode-intro -- the mapped target	-	-
C6-7b431c	conservation	C6	IDENTISCH	BeschreibungModulModul.page.md	9 of 9 runs placed, most on index -- the mapped target	-	-
C6-602bb1	conservation	C6	IDENTISCH	BeschreibungvonSzenarienfrdieAnwendungderModule.page.md	68 of 92 runs placed, most on anwendungsszenarien -- the mapped target	-	-
C6-fa9fc9	conservation	C6	IDENTISCH	Biopsie-Auftrag-ServiceRequest.page.md	13 of 14 runs placed, most on StructureDefinition-mii-pr-mtb-biopsie-auftrag-intro -- the mapped target	-	-
C6-c81fe3	conservation	C6	IDENTISCH	CapabilityStatement.page.md	3 of 6 runs placed, most on capability-statements -- the mapped target	-	-
C6-fb5512	conservation	C6	IDENTISCH	Consent-Observation.page.md	11 of 11 runs placed, most on StructureDefinition-mii-pr-mtb-consent-given-intro -- the mapped target	-	-
C6-e56a4d	conservation	C6	IDENTISCH	Copy-Number-Variant-Observation.page.md	33 of 34 runs placed, most on StructureDefinition-mii-pr-mtb-copy-number-variant-intro -- the mapped target	-	-
C6-16bcd8	conservation	C6	IDENTISCH	DNA-Fusion-Observation.page.md	38 of 38 runs placed, most on StructureDefinition-mii-pr-mtb-dna-fusion-intro -- the mapped target	-	-
C6-8ecbf3	conservation	C6	IDENTISCH	DNPM-Transformation.page.md	10 of 19 runs placed, most on dnpm-transformation -- the mapped target	-	-
C6-f872e6	conservation	C6	IDENTISCH	Datenstzeinkl.Beschreibungen.page.md	4 of 5 runs placed, most on logical-models -- the mapped target	-	-
C6-a07f09	conservation	C6	IDENTISCH	Diagnose-Primaertumor-Condition.page.md	22 of 26 runs placed, most on StructureDefinition-mii-pr-mtb-diagnose-primaertumor-intro -- the mapped target	-	-
C6-210cbf	conservation	C6	IDENTISCH	Diagnostische-Implikation-Observation.page.md	22 of 22 runs placed, most on StructureDefinition-mii-pr-mtb-diagnostische-implikation-intro -- the mapped target	-	-
C6-289b1d	conservation	C6	IDENTISCH	Einfache-Variante-Observation.page.md	32 of 32 runs placed, most on StructureDefinition-mii-pr-mtb-einfache-variante-intro -- the mapped target	-	-
C6-2d3f11	conservation	C6	IDENTISCH	Entscheidung-Extension.page.md	1 of 1 runs placed, most on StructureDefinition-mii-ex-mtb-antwort-kostenuebernahme-entscheidung-intro -- the mapped target	-	-
C6-a9cb3a	conservation	C6	IDENTISCH	Evidenzgraduierung-Extension.page.md	4 of 4 runs placed, most on StructureDefinition-mii-ex-mtb-empfehlung-evidenzgraduierung-intro -- the mapped target	-	-
C6-0a5ffb	conservation	C6	IDENTISCH	Follow-Up-ClinicalImpression.page.md	10 of 12 runs placed, most on StructureDefinition-mii-pr-mtb-follow-up-clinicalimpression-intro -- the mapped target	-	-
C6-825157	conservation	C6	IDENTISCH	Genetische-Implikationen/Index.page.md	4 of 9 runs placed, most on profiles -- the mapped target	-	-
C6-a0b954	conservation	C6	IDENTISCH	Genomic-Study-Device-Device.page.md	11 of 11 runs placed, most on StructureDefinition-genomic-study-device-intro -- the mapped target	-	-
C6-9664dc	conservation	C6	IDENTISCH	Genomic-Study-Procedure.page.md	15 of 15 runs placed, most on StructureDefinition-mii-pr-mtb-genomic-study-intro -- the mapped target	-	-
C6-7090ca	conservation	C6	IDENTISCH	Genomics-Study-Analysis-Procedure.page.md	18 of 19 runs placed, most on StructureDefinition-mii-pr-mtb-genomic-study-analysis-intro -- the mapped target	-	-
C6-ad5fad	conservation	C6	IDENTISCH	HER2-Status-Biomarker-Observation.page.md	1 of 1 runs placed, most on StructureDefinition-mii-pr-mtb-biomarker-her2-status-intro -- the mapped target	-	-
C6-4fb9c4	conservation	C6	IDENTISCH	HRD-Score-Observation.page.md	14 of 14 runs placed, most on StructureDefinition-mii-pr-mtb-hrd-score-intro -- the mapped target	-	-
C6-960e43	conservation	C6	IDENTISCH	Histologie-Evaluation-Auftrag-ServiceRequest.page.md	11 of 12 runs placed, most on StructureDefinition-mii-pr-mtb-histologie-evaluation-auftrag-intro -- the mapped target	-	-
C6-b26955	conservation	C6	IDENTISCH	Human-genetische-Beratung-Auftrag-ServiceRequest.page.md	12 of 13 runs placed, most on StructureDefinition-mii-pr-mtb-humangenetische-beratung-auftrag-intro -- the mapped target	-	-
C6-8c4ff6	conservation	C6	IDENTISCH	Immunhistochemie-HER2-Observation.page.md	11 of 11 runs placed, most on StructureDefinition-mii-pr-mtb-immunohistochemistry-her2-intro -- the mapped target	-	-
C6-1dab0f	conservation	C6	IDENTISCH	Immunhistochemie-MMR-MSI-Observation.page.md	17 of 17 runs placed, most on StructureDefinition-mii-pr-mtb-immunohistochemistry-mmr-intro -- the mapped target	-	-
C6-552992	conservation	C6	IDENTISCH	Immunhistochemie-Observation.page.md	29 of 30 runs placed, most on StructureDefinition-mii-pr-mtb-immunohistochemistry-intro -- the mapped target	-	-
C6-a14d78	conservation	C6	IDENTISCH	Immunhistochemie-PDL1-Observation.page.md	26 of 26 runs placed, most on StructureDefinition-mii-pr-mtb-immunohistochemistry-pdl1-intro -- the mapped target	-	-
C6-5a460a	conservation	C6	IDENTISCH	Immunhistochemie-Phosphorylation-Observation.page.md	1 of 1 runs placed, most on StructureDefinition-mii-pr-mtb-immunohistochemistry-phosphorylation-intro -- the mapped target	-	-
C6-15dca7	conservation	C6	IDENTISCH	In-Situ-Hybridization-HER2-Observation.page.md	1 of 1 runs placed, most on StructureDefinition-mii-pr-mtb-insituhybridization-her2-intro -- the mapped target	-	-
C6-bcd20c	conservation	C6	IDENTISCH	In-Situ-Hybridization-Observation.page.md	22 of 25 runs placed, most on StructureDefinition-mii-pr-mtb-insituhybridization-intro -- the mapped target	-	-
C6-4db086	conservation	C6	IDENTISCH	In-Situ-Hybridization/Index.page.md	2 of 3 runs placed, most on profiles -- the mapped target	-	-
C6-b8f262	conservation	C6	IDENTISCH	Kombinationstherapie-Empfehlung-RequestGroup-Alias.page.md	1 of 1 runs placed, most on StructureDefinition-mii-pr-mtb-therapieempfehlung-kombination-intro -- the mapped target	-	-
C6-2a8bc7	conservation	C6	IDENTISCH	Kombinationstherapie-Empfehlung-RequestGroup.page.md	9 of 12 runs placed, most on StructureDefinition-mii-pr-mtb-therapieempfehlung-kombination-intro -- the mapped target	-	-
C6-1dd4ca	conservation	C6	IDENTISCH	KontextimGesamtprojektBezgezuanderenModulen.page.md	16 of 20 runs placed, most on guidance -- the mapped target	-	-
C6-7ad36a	conservation	C6	IDENTISCH	Leitlinienbehandlung-Status-Extension.page.md	4 of 4 runs placed, most on StructureDefinition-mii-ex-mtb-leitlinienbehandlung-status-intro -- the mapped target	-	-
C6-e1b191	conservation	C6	IDENTISCH	Leitliniendokumentation-Extension.page.md	5 of 5 runs placed, most on StructureDefinition-mii-ex-mtb-leitlinie-dokumentation-intro -- the mapped target	-	-
C6-bcecd3	conservation	C6	IDENTISCH	MIIIGModulMTB/Index.page.md	4 of 14 runs placed, most on index -- the mapped target	-	-
C6-e39318	conservation	C6	IDENTISCH	MSI-Observation.page.md	1 of 1 runs placed, most on StructureDefinition-mii-pr-mtb-msi-intro -- the mapped target	-	-
C6-12b0ff	conservation	C6	IDENTISCH	Mikrosatelliteninstabilitaet-Observation.page.md	28 of 28 runs placed, most on StructureDefinition-mii-pr-mtb-mikrosatelliteninstabilitaet-intro -- the mapped target	-	-
C6-7c2419	conservation	C6	IDENTISCH	Molekular-Pathologie-Befund-DiagnosticReport.page.md	9 of 9 runs placed, most on StructureDefinition-mii-pr-mtb-molecular-pathology-report-intro -- the mapped target	-	-
C6-59f91e	conservation	C6	IDENTISCH	Molekularer-Biomarker-Observation.page.md	9 of 9 runs placed, most on StructureDefinition-mii-pr-mtb-molekularer-biomarker-intro -- the mapped target	-	-
C6-09aa18	conservation	C6	IDENTISCH	Mutationslast-Observation.page.md	23 of 23 runs placed, most on StructureDefinition-mii-pr-mtb-mutationslast-intro -- the mapped target	-	-
C6-e0cf6a	conservation	C6	IDENTISCH	NGS-Bericht-DiagnosticReport.page.md	15 of 15 runs placed, most on StructureDefinition-mii-pr-mtb-ngs-bericht-intro -- the mapped target	-	-
C6-06bdc9	conservation	C6	IDENTISCH	Oncotree-Observation.page.md	11 of 12 runs placed, most on StructureDefinition-mii-pr-mtb-oncotree-intro -- the mapped target	-	-
C6-0bc310	conservation	C6	IDENTISCH	P-Immunhistochemie-Observation.page.md	22 of 23 runs placed, most on StructureDefinition-mii-pr-mtb-immunohistochemistry-phosphorylation-intro -- the mapped target	-	-
C6-c8e63f	conservation	C6	IDENTISCH	Ploidie-Observation.page.md	10 of 10 runs placed, most on StructureDefinition-mii-pr-mtb-ploidie-intro -- the mapped target	-	-
C6-5990d1	conservation	C6	IDENTISCH	Prioritaet-Extension.page.md	1 of 1 runs placed, most on StructureDefinition-mii-ex-mtb-empfehlung-prioritaet-intro -- the mapped target	-	-
C6-3c0aaf	conservation	C6	IDENTISCH	Profile-Inhalt-und-Vererbung.page.md	1 of 2 runs placed, most on implementer-guidance -- the mapped target	-	-
C6-e51fb0	conservation	C6	IDENTISCH	Publikation-Extension.page.md	2 of 2 runs placed, most on StructureDefinition-mii-ex-mtb-empfehlung-publikation-intro -- the mapped target	-	-
C6-181409	conservation	C6	IDENTISCH	QA-Validierung.page.md	27 of 33 runs placed, most on implementer-guidance -- the mapped target	-	-
C6-ec33c6	conservation	C6	IDENTISCH	RNA-Fusion-Observation.page.md	37 of 38 runs placed, most on StructureDefinition-mii-pr-mtb-rna-fusion-intro -- the mapped target	-	-
C6-9a65e4	conservation	C6	IDENTISCH	RNA-Seq-Observation.page.md	32 of 33 runs placed, most on StructureDefinition-mii-pr-mtb-rna-seq-intro -- the mapped target	-	-
C6-997ea5	conservation	C6	IDENTISCH	Referenzen.page.md	1 of 3 runs placed, most on guidance -- the mapped target	-	-
C6-5552a5	conservation	C6	IDENTISCH	ReleaseNotes.page.md	24 of 42 runs placed, most on changes -- the mapped target	-	-
C6-d37934	conservation	C6	IDENTISCH	Studieneinschluss-Anfrage-ServiceRequest.page.md	18 of 21 runs placed, most on StructureDefinition-mii-pr-mtb-studieneinschluss-anfrage-intro -- the mapped target	-	-
C6-e72e48	conservation	C6	IDENTISCH	Studieneinschluss-Studie-ResearchStudy.page.md	23 of 41 runs placed, most on StructureDefinition-mii-pr-mtb-studie-intro -- the mapped target	-	-
C6-5131dd	conservation	C6	IDENTISCH	Systemische-MTB-Therapie-Procedure.page.md	19 of 20 runs placed, most on StructureDefinition-mii-pr-mtb-systemische-therapie-intro -- the mapped target	-	-
C6-21450f	conservation	C6	IDENTISCH	Systemische-Therapie-Medication-Statement-Medication-Statement.page.md	14 of 14 runs placed, most on StructureDefinition-mii-pr-mtb-systemtherapie-medication-statement-intro -- the mapped target	-	-
C6-231e78	conservation	C6	IDENTISCH	Systemische-Vortherapie-Procedure.page.md	27 of 28 runs placed, most on StructureDefinition-mii-pr-mtb-systemische-vortherapie-intro -- the mapped target	-	-
C6-8d2119	conservation	C6	IDENTISCH	Terminologien.page.md	2 of 61 runs placed, most on code-systems -- the mapped target	-	-
C6-93fb61	conservation	C6	IDENTISCH	Therapeutische-Implikation-Observation.page.md	26 of 26 runs placed, most on StructureDefinition-mii-pr-mtb-therapeutische-implikation-intro -- the mapped target	-	-
C6-862d51	conservation	C6	IDENTISCH	Therapieempfehlung-MedicationRequest.page.md	27 of 28 runs placed, most on StructureDefinition-mii-pr-mtb-therapieempfehlung-intro -- the mapped target	-	-
C6-7dad26	conservation	C6	IDENTISCH	Therapielinie-Extension.page.md	2 of 2 runs placed, most on extensions -- the mapped target	-	-
C6-752d77	conservation	C6	IDENTISCH	Therapieplan-CarePlan.page.md	24 of 26 runs placed, most on StructureDefinition-mii-pr-mtb-therapieplan-intro -- the mapped target	-	-
C6-47bb0a	conservation	C6	IDENTISCH	Tumorausbreitung-Observation.page.md	12 of 12 runs placed, most on StructureDefinition-mii-pr-mtb-tumorausbreitung-intro -- the mapped target	-	-
C6-dad680	conservation	C6	IDENTISCH	Tumorzellgehalt-Observation.page.md	23 of 23 runs placed, most on StructureDefinition-mii-pr-mtb-tumorzellgehalt-intro -- the mapped target	-	-
C6-034d26	conservation	C6	IDENTISCH	WHO-Grad-ZNS-Observation.page.md	11 of 11 runs placed, most on StructureDefinition-mii-pr-mtb-who-grad-tumor-zns-intro -- the mapped target	-	-
C6-df746d	conservation	C6	IDENTISCH	Zulassungsstatus-Extension.page.md	2 of 2 runs placed, most on extensions -- the mapped target	-	-
C7-7437b8	conservation	C7	DIVERGIERT	anwendungsszenarien	24 of 92 prose runs of the source page BeschreibungvonSzenarienfrdieAnwendungderModule.page.md are in no target page (C4), and anwendungsszenarien carries no DERIVED marker at all -- text was rewritten and the guide does not say so	-	mark the passage per spec section 9d (the DERIVED comment plus the visible box, in BOTH language mirrors), or restore the source wording; if the text was deliberately dropped, record that in migration-log/page-map.tsv instead
C7-9191f0	conservation	C7	DIVERGIERT	capability-statements	3 of 6 prose runs of the source page CapabilityStatement.page.md are in no target page (C4), and capability-statements carries no DERIVED marker at all -- text was rewritten and the guide does not say so	-	mark the passage per spec section 9d (the DERIVED comment plus the visible box, in BOTH language mirrors), or restore the source wording; if the text was deliberately dropped, record that in migration-log/page-map.tsv instead
C7-cccbe2	conservation	C7	DIVERGIERT	dnpm-transformation	9 of 19 prose runs of the source page DNPM-Transformation.page.md are in no target page (C4), and dnpm-transformation carries no DERIVED marker at all -- text was rewritten and the guide does not say so	-	mark the passage per spec section 9d (the DERIVED comment plus the visible box, in BOTH language mirrors), or restore the source wording; if the text was deliberately dropped, record that in migration-log/page-map.tsv instead
C7-bd1fc5	conservation	C7	DIVERGIERT	logical-models	1 of 5 prose runs of the source page Datenstzeinkl.Beschreibungen.page.md are in no target page (C4), and logical-models carries no DERIVED marker at all -- text was rewritten and the guide does not say so	-	mark the passage per spec section 9d (the DERIVED comment plus the visible box, in BOTH language mirrors), or restore the source wording; if the text was deliberately dropped, record that in migration-log/page-map.tsv instead
C7-118c68	conservation	C7	DIVERGIERT	guidance	4 of 20 prose runs of the source page KontextimGesamtprojektBezgezuanderenModulen.page.md are in no target page (C4), and guidance carries no DERIVED marker at all -- text was rewritten and the guide does not say so	-	mark the passage per spec section 9d (the DERIVED comment plus the visible box, in BOTH language mirrors), or restore the source wording; if the text was deliberately dropped, record that in migration-log/page-map.tsv instead
C7-0209b1	conservation	C7	DIVERGIERT	index	10 of 14 prose runs of the source page MIIIGModulMTB/Index.page.md are in no target page (C4), and index carries no DERIVED marker at all -- text was rewritten and the guide does not say so	-	mark the passage per spec section 9d (the DERIVED comment plus the visible box, in BOTH language mirrors), or restore the source wording; if the text was deliberately dropped, record that in migration-log/page-map.tsv instead
C7-283e85	conservation	C7	DIVERGIERT	implementer-guidance	3 of 3 prose runs of the source page Profile-Beziehungen-und-Referenzen.page.md are in no target page (C4), and implementer-guidance carries no DERIVED marker at all -- text was rewritten and the guide does not say so	-	mark the passage per spec section 9d (the DERIVED comment plus the visible box, in BOTH language mirrors), or restore the source wording; if the text was deliberately dropped, record that in migration-log/page-map.tsv instead
C7-a62ca2	conservation	C7	DIVERGIERT	implementer-guidance	1 of 2 prose runs of the source page Profile-Inhalt-und-Vererbung.page.md are in no target page (C4), and implementer-guidance carries no DERIVED marker at all -- text was rewritten and the guide does not say so	-	mark the passage per spec section 9d (the DERIVED comment plus the visible box, in BOTH language mirrors), or restore the source wording; if the text was deliberately dropped, record that in migration-log/page-map.tsv instead
C7-1de5cd	conservation	C7	DIVERGIERT	implementer-guidance	6 of 33 prose runs of the source page QA-Validierung.page.md are in no target page (C4), and implementer-guidance carries no DERIVED marker at all -- text was rewritten and the guide does not say so	-	mark the passage per spec section 9d (the DERIVED comment plus the visible box, in BOTH language mirrors), or restore the source wording; if the text was deliberately dropped, record that in migration-log/page-map.tsv instead
C7-bab66a	conservation	C7	DIVERGIERT	guidance	2 of 3 prose runs of the source page Referenzen.page.md are in no target page (C4), and guidance carries no DERIVED marker at all -- text was rewritten and the guide does not say so	-	mark the passage per spec section 9d (the DERIVED comment plus the visible box, in BOTH language mirrors), or restore the source wording; if the text was deliberately dropped, record that in migration-log/page-map.tsv instead
C7-4f50d8	conservation	C7	DIVERGIERT	changes	18 of 42 prose runs of the source page ReleaseNotes.page.md are in no target page (C4), and changes carries no DERIVED marker at all -- text was rewritten and the guide does not say so	-	mark the passage per spec section 9d (the DERIVED comment plus the visible box, in BOTH language mirrors), or restore the source wording; if the text was deliberately dropped, record that in migration-log/page-map.tsv instead
C7-fabfa8	conservation	C7	DIVERGIERT	code-systems	59 of 61 prose runs of the source page Terminologien.page.md are in no target page (C4), and code-systems carries no DERIVED marker at all -- text was rewritten and the guide does not say so	-	mark the passage per spec section 9d (the DERIVED comment plus the visible box, in BOTH language mirrors), or restore the source wording; if the text was deliberately dropped, record that in migration-log/page-map.tsv instead
C7-8a1680	conservation	C7	DIVERGIERT	uml-diagrams	1 of 1 prose runs of the source page UML.page.md are in no target page (C4), and uml-diagrams carries no DERIVED marker at all -- text was rewritten and the guide does not say so	-	mark the passage per spec section 9d (the DERIVED comment plus the visible box, in BOTH language mirrors), or restore the source wording; if the text was deliberately dropped, record that in migration-log/page-map.tsv instead
C7-6c068a	conservation	C7	DIVERGIERT	index	2 of 2 prose runs of the source page index.md are in no target page (C4), and index carries no DERIVED marker at all -- text was rewritten and the guide does not say so	-	mark the passage per spec section 9d (the DERIVED comment plus the visible box, in BOTH language mirrors), or restore the source wording; if the text was deliberately dropped, record that in migration-log/page-map.tsv instead
C7-22cca2	conservation	C7	NICHT PRUEFBAR	Ablehnungsgrund-Extension.page.md	C4 could not tell this page's prose from its embedded element-tree rendering, so whether anything was rewritten here is not measured	-	read the page against its target (the same human action C4 asks for) and mark whatever the migration wrote per spec section 9d
C7-f8a525	conservation	C7	NICHT PRUEFBAR	Antrag-Kostenuebernahme-Claim/Index.page.md	C4 could not tell this page's prose from its embedded element-tree rendering, so whether anything was rewritten here is not measured	-	read the page against its target (the same human action C4 asks for) and mark whatever the migration wrote per spec section 9d
C7-04eec0	conservation	C7	NICHT PRUEFBAR	Antragsstadium-Extension.page.md	C4 could not tell this page's prose from its embedded element-tree rendering, so whether anything was rewritten here is not measured	-	read the page against its target (the same human action C4 asks for) and mark whatever the migration wrote per spec section 9d
C7-6af7f5	conservation	C7	NICHT PRUEFBAR	Antwort-Kostenuebernahme-ClaimResponse/Index.page.md	C4 could not tell this page's prose from its embedded element-tree rendering, so whether anything was rewritten here is not measured	-	read the page against its target (the same human action C4 asks for) and mark whatever the migration wrote per spec section 9d
C7-bf52c6	conservation	C7	NICHT PRUEFBAR	BRCAness-Observation.page.md	C4 could not tell this page's prose from its embedded element-tree rendering, so whether anything was rewritten here is not measured	-	read the page against its target (the same human action C4 asks for) and mark whatever the migration wrote per spec section 9d
C7-fe5360	conservation	C7	NICHT PRUEFBAR	Befund-Response-Observation.page.md	C4 could not tell this page's prose from its embedded element-tree rendering, so whether anything was rewritten here is not measured	-	read the page against its target (the same human action C4 asks for) and mark whatever the migration wrote per spec section 9d
C7-323c8a	conservation	C7	NICHT PRUEFBAR	Behandlungsepisode-ClinicalImpression.page.md	C4 could not tell this page's prose from its embedded element-tree rendering, so whether anything was rewritten here is not measured	-	read the page against its target (the same human action C4 asks for) and mark whatever the migration wrote per spec section 9d
C7-34e8d2	conservation	C7	NICHT PRUEFBAR	Biopsie-Auftrag-ServiceRequest.page.md	C4 could not tell this page's prose from its embedded element-tree rendering, so whether anything was rewritten here is not measured	-	read the page against its target (the same human action C4 asks for) and mark whatever the migration wrote per spec section 9d
C7-204e33	conservation	C7	NICHT PRUEFBAR	Consent-Observation.page.md	C4 could not tell this page's prose from its embedded element-tree rendering, so whether anything was rewritten here is not measured	-	read the page against its target (the same human action C4 asks for) and mark whatever the migration wrote per spec section 9d
C7-236ab4	conservation	C7	NICHT PRUEFBAR	Copy-Number-Variant-Observation.page.md	C4 could not tell this page's prose from its embedded element-tree rendering, so whether anything was rewritten here is not measured	-	read the page against its target (the same human action C4 asks for) and mark whatever the migration wrote per spec section 9d
C7-fab779	conservation	C7	NICHT PRUEFBAR	DNA-Fusion-Observation.page.md	C4 could not tell this page's prose from its embedded element-tree rendering, so whether anything was rewritten here is not measured	-	read the page against its target (the same human action C4 asks for) and mark whatever the migration wrote per spec section 9d
C7-a5c02d	conservation	C7	NICHT PRUEFBAR	Diagnose-Primaertumor-Condition.page.md	C4 could not tell this page's prose from its embedded element-tree rendering, so whether anything was rewritten here is not measured	-	read the page against its target (the same human action C4 asks for) and mark whatever the migration wrote per spec section 9d
C7-f5dc90	conservation	C7	NICHT PRUEFBAR	Diagnostische-Implikation-Observation.page.md	C4 could not tell this page's prose from its embedded element-tree rendering, so whether anything was rewritten here is not measured	-	read the page against its target (the same human action C4 asks for) and mark whatever the migration wrote per spec section 9d
C7-c74730	conservation	C7	NICHT PRUEFBAR	Einfache-Variante-Observation.page.md	C4 could not tell this page's prose from its embedded element-tree rendering, so whether anything was rewritten here is not measured	-	read the page against its target (the same human action C4 asks for) and mark whatever the migration wrote per spec section 9d
C7-97003e	conservation	C7	NICHT PRUEFBAR	Entscheidung-Extension.page.md	C4 could not tell this page's prose from its embedded element-tree rendering, so whether anything was rewritten here is not measured	-	read the page against its target (the same human action C4 asks for) and mark whatever the migration wrote per spec section 9d
C7-158a4b	conservation	C7	NICHT PRUEFBAR	Evidenzgraduierung-Extension.page.md	C4 could not tell this page's prose from its embedded element-tree rendering, so whether anything was rewritten here is not measured	-	read the page against its target (the same human action C4 asks for) and mark whatever the migration wrote per spec section 9d
C7-8462e3	conservation	C7	NICHT PRUEFBAR	Follow-Up-ClinicalImpression.page.md	C4 could not tell this page's prose from its embedded element-tree rendering, so whether anything was rewritten here is not measured	-	read the page against its target (the same human action C4 asks for) and mark whatever the migration wrote per spec section 9d
C7-590ce2	conservation	C7	NICHT PRUEFBAR	Genomic-Study-Device-Device.page.md	C4 could not tell this page's prose from its embedded element-tree rendering, so whether anything was rewritten here is not measured	-	read the page against its target (the same human action C4 asks for) and mark whatever the migration wrote per spec section 9d
C7-48b81a	conservation	C7	NICHT PRUEFBAR	Genomic-Study-Procedure.page.md	C4 could not tell this page's prose from its embedded element-tree rendering, so whether anything was rewritten here is not measured	-	read the page against its target (the same human action C4 asks for) and mark whatever the migration wrote per spec section 9d
C7-518321	conservation	C7	NICHT PRUEFBAR	Genomics-Study-Analysis-Procedure.page.md	C4 could not tell this page's prose from its embedded element-tree rendering, so whether anything was rewritten here is not measured	-	read the page against its target (the same human action C4 asks for) and mark whatever the migration wrote per spec section 9d
C7-d713d7	conservation	C7	NICHT PRUEFBAR	HRD-Score-Observation.page.md	C4 could not tell this page's prose from its embedded element-tree rendering, so whether anything was rewritten here is not measured	-	read the page against its target (the same human action C4 asks for) and mark whatever the migration wrote per spec section 9d
C7-dcbda6	conservation	C7	NICHT PRUEFBAR	Histologie-Evaluation-Auftrag-ServiceRequest.page.md	C4 could not tell this page's prose from its embedded element-tree rendering, so whether anything was rewritten here is not measured	-	read the page against its target (the same human action C4 asks for) and mark whatever the migration wrote per spec section 9d
C7-18a78a	conservation	C7	NICHT PRUEFBAR	Human-genetische-Beratung-Auftrag-ServiceRequest.page.md	C4 could not tell this page's prose from its embedded element-tree rendering, so whether anything was rewritten here is not measured	-	read the page against its target (the same human action C4 asks for) and mark whatever the migration wrote per spec section 9d
C7-01be55	conservation	C7	NICHT PRUEFBAR	Immunhistochemie-HER2-Observation.page.md	C4 could not tell this page's prose from its embedded element-tree rendering, so whether anything was rewritten here is not measured	-	read the page against its target (the same human action C4 asks for) and mark whatever the migration wrote per spec section 9d
C7-92ab50	conservation	C7	NICHT PRUEFBAR	Immunhistochemie-MMR-MSI-Observation.page.md	C4 could not tell this page's prose from its embedded element-tree rendering, so whether anything was rewritten here is not measured	-	read the page against its target (the same human action C4 asks for) and mark whatever the migration wrote per spec section 9d
C7-ed2bac	conservation	C7	NICHT PRUEFBAR	Immunhistochemie-Observation.page.md	C4 could not tell this page's prose from its embedded element-tree rendering, so whether anything was rewritten here is not measured	-	read the page against its target (the same human action C4 asks for) and mark whatever the migration wrote per spec section 9d
C7-1c3cdf	conservation	C7	NICHT PRUEFBAR	Immunhistochemie-PDL1-Observation.page.md	C4 could not tell this page's prose from its embedded element-tree rendering, so whether anything was rewritten here is not measured	-	read the page against its target (the same human action C4 asks for) and mark whatever the migration wrote per spec section 9d
C7-0c06b6	conservation	C7	NICHT PRUEFBAR	In-Situ-Hybridization-Observation.page.md	C4 could not tell this page's prose from its embedded element-tree rendering, so whether anything was rewritten here is not measured	-	read the page against its target (the same human action C4 asks for) and mark whatever the migration wrote per spec section 9d
C7-f7c701	conservation	C7	NICHT PRUEFBAR	Kombinationstherapie-Empfehlung-RequestGroup.page.md	C4 could not tell this page's prose from its embedded element-tree rendering, so whether anything was rewritten here is not measured	-	read the page against its target (the same human action C4 asks for) and mark whatever the migration wrote per spec section 9d
C7-34103e	conservation	C7	NICHT PRUEFBAR	Leitlinienbehandlung-Status-Extension.page.md	C4 could not tell this page's prose from its embedded element-tree rendering, so whether anything was rewritten here is not measured	-	read the page against its target (the same human action C4 asks for) and mark whatever the migration wrote per spec section 9d
C7-a9200d	conservation	C7	NICHT PRUEFBAR	Leitliniendokumentation-Extension.page.md	C4 could not tell this page's prose from its embedded element-tree rendering, so whether anything was rewritten here is not measured	-	read the page against its target (the same human action C4 asks for) and mark whatever the migration wrote per spec section 9d
C7-b2affc	conservation	C7	NICHT PRUEFBAR	Mikrosatelliteninstabilitaet-Observation.page.md	C4 could not tell this page's prose from its embedded element-tree rendering, so whether anything was rewritten here is not measured	-	read the page against its target (the same human action C4 asks for) and mark whatever the migration wrote per spec section 9d
C7-a5871d	conservation	C7	NICHT PRUEFBAR	Molekular-Pathologie-Befund-DiagnosticReport.page.md	C4 could not tell this page's prose from its embedded element-tree rendering, so whether anything was rewritten here is not measured	-	read the page against its target (the same human action C4 asks for) and mark whatever the migration wrote per spec section 9d
C7-11ff81	conservation	C7	NICHT PRUEFBAR	Molekularer-Biomarker-Observation.page.md	C4 could not tell this page's prose from its embedded element-tree rendering, so whether anything was rewritten here is not measured	-	read the page against its target (the same human action C4 asks for) and mark whatever the migration wrote per spec section 9d
C7-c293b4	conservation	C7	NICHT PRUEFBAR	Mutationslast-Observation.page.md	C4 could not tell this page's prose from its embedded element-tree rendering, so whether anything was rewritten here is not measured	-	read the page against its target (the same human action C4 asks for) and mark whatever the migration wrote per spec section 9d
C7-fae832	conservation	C7	NICHT PRUEFBAR	NGS-Bericht-DiagnosticReport.page.md	C4 could not tell this page's prose from its embedded element-tree rendering, so whether anything was rewritten here is not measured	-	read the page against its target (the same human action C4 asks for) and mark whatever the migration wrote per spec section 9d
C7-dba516	conservation	C7	NICHT PRUEFBAR	Oncotree-Observation.page.md	C4 could not tell this page's prose from its embedded element-tree rendering, so whether anything was rewritten here is not measured	-	read the page against its target (the same human action C4 asks for) and mark whatever the migration wrote per spec section 9d
C7-30c511	conservation	C7	NICHT PRUEFBAR	P-Immunhistochemie-Observation.page.md	C4 could not tell this page's prose from its embedded element-tree rendering, so whether anything was rewritten here is not measured	-	read the page against its target (the same human action C4 asks for) and mark whatever the migration wrote per spec section 9d
C7-d8bbbf	conservation	C7	NICHT PRUEFBAR	Ploidie-Observation.page.md	C4 could not tell this page's prose from its embedded element-tree rendering, so whether anything was rewritten here is not measured	-	read the page against its target (the same human action C4 asks for) and mark whatever the migration wrote per spec section 9d
C7-6e2637	conservation	C7	NICHT PRUEFBAR	Prioritaet-Extension.page.md	C4 could not tell this page's prose from its embedded element-tree rendering, so whether anything was rewritten here is not measured	-	read the page against its target (the same human action C4 asks for) and mark whatever the migration wrote per spec section 9d
C7-ca37d8	conservation	C7	NICHT PRUEFBAR	Publikation-Extension.page.md	C4 could not tell this page's prose from its embedded element-tree rendering, so whether anything was rewritten here is not measured	-	read the page against its target (the same human action C4 asks for) and mark whatever the migration wrote per spec section 9d
C7-6a47c2	conservation	C7	NICHT PRUEFBAR	RNA-Fusion-Observation.page.md	C4 could not tell this page's prose from its embedded element-tree rendering, so whether anything was rewritten here is not measured	-	read the page against its target (the same human action C4 asks for) and mark whatever the migration wrote per spec section 9d
C7-15221b	conservation	C7	NICHT PRUEFBAR	RNA-Seq-Observation.page.md	C4 could not tell this page's prose from its embedded element-tree rendering, so whether anything was rewritten here is not measured	-	read the page against its target (the same human action C4 asks for) and mark whatever the migration wrote per spec section 9d
C7-a8b1b9	conservation	C7	NICHT PRUEFBAR	Studieneinschluss-Anfrage-ServiceRequest.page.md	C4 could not tell this page's prose from its embedded element-tree rendering, so whether anything was rewritten here is not measured	-	read the page against its target (the same human action C4 asks for) and mark whatever the migration wrote per spec section 9d
C7-82159e	conservation	C7	NICHT PRUEFBAR	Studieneinschluss-Studie-ResearchStudy.page.md	C4 could not tell this page's prose from its embedded element-tree rendering, so whether anything was rewritten here is not measured	-	read the page against its target (the same human action C4 asks for) and mark whatever the migration wrote per spec section 9d
C7-f6e757	conservation	C7	NICHT PRUEFBAR	Systemische-MTB-Therapie-Procedure.page.md	C4 could not tell this page's prose from its embedded element-tree rendering, so whether anything was rewritten here is not measured	-	read the page against its target (the same human action C4 asks for) and mark whatever the migration wrote per spec section 9d
C7-a67a04	conservation	C7	NICHT PRUEFBAR	Systemische-Therapie-Medication-Statement-Medication-Statement.page.md	C4 could not tell this page's prose from its embedded element-tree rendering, so whether anything was rewritten here is not measured	-	read the page against its target (the same human action C4 asks for) and mark whatever the migration wrote per spec section 9d
C7-c4cb8b	conservation	C7	NICHT PRUEFBAR	Systemische-Vortherapie-Procedure.page.md	C4 could not tell this page's prose from its embedded element-tree rendering, so whether anything was rewritten here is not measured	-	read the page against its target (the same human action C4 asks for) and mark whatever the migration wrote per spec section 9d
C7-0b32bd	conservation	C7	NICHT PRUEFBAR	Therapeutische-Implikation-Observation.page.md	C4 could not tell this page's prose from its embedded element-tree rendering, so whether anything was rewritten here is not measured	-	read the page against its target (the same human action C4 asks for) and mark whatever the migration wrote per spec section 9d
C7-4b8a1b	conservation	C7	NICHT PRUEFBAR	Therapieempfehlung-MedicationRequest.page.md	C4 could not tell this page's prose from its embedded element-tree rendering, so whether anything was rewritten here is not measured	-	read the page against its target (the same human action C4 asks for) and mark whatever the migration wrote per spec section 9d
C7-d359ca	conservation	C7	NICHT PRUEFBAR	Therapielinie-Extension.page.md	C4 could not tell this page's prose from its embedded element-tree rendering, so whether anything was rewritten here is not measured	-	read the page against its target (the same human action C4 asks for) and mark whatever the migration wrote per spec section 9d
C7-3f19a3	conservation	C7	NICHT PRUEFBAR	Therapieplan-CarePlan.page.md	C4 could not tell this page's prose from its embedded element-tree rendering, so whether anything was rewritten here is not measured	-	read the page against its target (the same human action C4 asks for) and mark whatever the migration wrote per spec section 9d
C7-74d042	conservation	C7	NICHT PRUEFBAR	Tumorausbreitung-Observation.page.md	C4 could not tell this page's prose from its embedded element-tree rendering, so whether anything was rewritten here is not measured	-	read the page against its target (the same human action C4 asks for) and mark whatever the migration wrote per spec section 9d
C7-98d720	conservation	C7	NICHT PRUEFBAR	Tumorzellgehalt-Observation.page.md	C4 could not tell this page's prose from its embedded element-tree rendering, so whether anything was rewritten here is not measured	-	read the page against its target (the same human action C4 asks for) and mark whatever the migration wrote per spec section 9d
C7-4b713f	conservation	C7	NICHT PRUEFBAR	WHO-Grad-ZNS-Observation.page.md	C4 could not tell this page's prose from its embedded element-tree rendering, so whether anything was rewritten here is not measured	-	read the page against its target (the same human action C4 asks for) and mark whatever the migration wrote per spec section 9d
C7-2ac354	conservation	C7	NICHT PRUEFBAR	Zulassungsstatus-Extension.page.md	C4 could not tell this page's prose from its embedded element-tree rendering, so whether anything was rewritten here is not measured	-	read the page against its target (the same human action C4 asks for) and mark whatever the migration wrote per spec section 9d
F1-093008	fidelity	F1	IDENTISCH	id	mii-kerndatensatzmodul-molekulares-tumorboard (identical to the source)	-	-
F1-bacf3c	fidelity	F1	IDENTISCH	packageId	de.medizininformatikinitiative.kerndatensatz.mtb (identical to the source)	-	-
F1-489e82	fidelity	F1	IDENTISCH	canonical	https://www.medizininformatik-initiative.de/fhir/ext/modul-m… (identical to the source)	-	-
F1-6cbfea	fidelity	F1	IDENTISCH	version	2026.0.1 (identical to the source)	-	-
F1-8a3995	fidelity	F1	IDENTISCH	status	active (identical to the source)	-	-
F1-b5b102	fidelity	F1	IDENTISCH	title	MII IG Kerndatensatz-Modul Molekulares Tumorboard (identical to the source)	-	-
F1-7bae24	fidelity	F1	IDENTISCH	license	CC0-1.0 (identical to the source)	-	-
F1-5451f2	fidelity	F1	IDENTISCH	publisher	Medizininformatik-Initiative (identical to the source)	-	-
F1-f60f40	fidelity	F1	IDENTISCH	fhirVersion	4.0.1 (identical to the source)	-	-
F2-d14403	fidelity	F2	IDENTISCH	de.basisprofil.r4	pinned 1.5.4, identical to the source pin (the source tree (--source))	-	-
F2-0519f5	fidelity	F2	IDENTISCH	de.medizininformatikinitiative.kerndatensatz.base	pinned 2026.0.0, identical to the source pin (the source tree (--source))	-	-
F2-6bfac0	fidelity	F2	IDENTISCH	de.medizininformatikinitiative.kerndatensatz.biobank	pinned 2026.0.0, identical to the source pin (the source tree (--source))	-	-
F2-d9aed8	fidelity	F2	IDENTISCH	de.medizininformatikinitiative.kerndatensatz.consent	pinned 2026.0.0, identical to the source pin (the source tree (--source))	-	-
F2-fb1c14	fidelity	F2	IDENTISCH	de.medizininformatikinitiative.kerndatensatz.medikation	pinned 2026.0.0, identical to the source pin (the source tree (--source))	-	-
F2-ce5cda	fidelity	F2	IDENTISCH	de.medizininformatikinitiative.kerndatensatz.meta	pinned 2026.0.0, identical to the source pin (the source tree (--source))	-	-
F2-60512e	fidelity	F2	IDENTISCH	de.medizininformatikinitiative.kerndatensatz.molgen	pinned 2026.0.4, identical to the source pin (the source tree (--source))	-	-
F2-ace240	fidelity	F2	IDENTISCH	de.medizininformatikinitiative.kerndatensatz.onkologie	pinned 2026.0.3, identical to the source pin (the source tree (--source))	-	-
F2-241959	fidelity	F2	IDENTISCH	de.medizininformatikinitiative.kerndatensatz.patho	pinned 2026.0.0, identical to the source pin (the source tree (--source))	-	-
F2-ec259d	fidelity	F2	IDENTISCH	de.medizininformatikinitiative.kerndatensatz.studie	pinned 2026.0.2, identical to the source pin (the source tree (--source))	-	-
F2-142c42	fidelity	F2	IDENTISCH	hl7.fhir.uv.genomics-reporting	pinned 3.0.0, identical to the source pin (the source tree (--source))	-	-
F2-fd0e73	fidelity	F2	NICHT PRUEFBAR	hl7.fhir.uv.crmi	target-only dependency 2.0.0 (not in the source)	-	confirm at Gate A that this is template machinery (hl7.fhir.uv.crmi is) and not an accidental addition
F2-047205	fidelity	F2	NICHT PRUEFBAR	hl7.fhir.uv.extensions.r4	target-only dependency 5.3.0 (not in the source)	-	confirm at Gate A that this is template machinery (hl7.fhir.uv.crmi is) and not an accidental addition
F2-e78ce4	fidelity	F2	NICHT PRUEFBAR	hl7.fhir.uv.xver-r5.r4	target-only dependency 0.1.0 (not in the source)	-	confirm at Gate A that this is template machinery (hl7.fhir.uv.crmi is) and not an accidental addition
F2-8f9355	fidelity	F2	NICHT PRUEFBAR	hl7.terminology.r4	target-only dependency 7.3.0 (not in the source)	-	confirm at Gate A that this is template machinery (hl7.fhir.uv.crmi is) and not an accidental addition
F3-1a29c4	fidelity	F3	IDENTISCH	license	CC0-1.0 asserted from tier P (package/package.json)	-	-
F3-ce21cb	fidelity	F3	IDENTISCH	LICENSE file	the file text is CC0-1.0 (header: 'cc0 1.0 universal'), matching the declared scalar	-	-
F4-25d664	fidelity	F4	IDENTISCH	205 FSH files	no fhir_comments rules, no whitespace-bearing code references	-	-
P1-fded0e	provenance	P1	IDENTISCH	template	rendered de.medizininformatikinitiative.template#1.3.4 == recorded template release 1.3.4 (URL reference)	-	-
P2-27e398	provenance	P2	IDENTISCH	scaffold template ref	v0.13.2 == latest release v0.13.2	-	-
P3-a28a47	provenance	P3	IDENTISCH	IG Publisher version	2.3.2 == the workflow pin	-	-
P3-c39a79	provenance	P3	NICHT PRUEFBAR	IG Publisher currency	the publisher reports itself out of date (current 2.3.3)	-	upgrading the publisher is a target-repository decision, not a migration one -- record it, do not act on it here
P4-379bde	provenance	P4	NICHT PRUEFBAR	source guide version	no `?version=` recorded in the run log or the harvest manifest	-	record the pinned, PUBLISHED guide version like the source commit SHA (spec 5.1c.3)
P5-ae41ea	provenance	P5	IDENTISCH	ig.ini	`ig = fsh-generated/resources/ImplementationGuide-mii-kerndatensatzmodul-molekulares-tumorboard.json` exists in the target	-	-
R1-866fe1	rendering	R1	IDENTISCH	output/de	tables, tabs and images all non-empty and resolvable	-	-
R2-48ed52	rendering	R2	DIVERGIERT	output/de id="ig-status" [{{]	on 1 page(s), e.g. searchform.html: Search {{title}} (Current Build)	-	rendered header/footer metadata defect -- qa.txt does not report it. Fix the metadata it renders (a jurisdiction code the template cannot resolve is the measured case)
R1-e1bc49	rendering	R1	IDENTISCH	output/en	tables, tabs and images all non-empty and resolvable	-	-
R2-d1da9a	rendering	R2	DIVERGIERT	output/en id="ig-status" [{{]	on 1 page(s), e.g. searchform.html: Search {{title}} (Current Build)	-	rendered header/footer metadata defect -- qa.txt does not report it. Fix the metadata it renders (a jurisdiction code the template cannot resolve is the measured case)
R1-76f413	rendering	R1	NICHT PRUEFBAR	source-versus-target rendering	no harvested source HTML (./migration-log/guide-harvest/html) and/or no page map	-	harvest with --keep-html and write the page map; without a source rendering, 'non-empty where non-empty in the source' has no reference
R3-c3bc54	rendering	R3	IDENTISCH	output/de	all 21 narrative pages differ from the default language	-	-
R4-84ad62	rendering	R4	NICHT PRUEFBAR	template example links	references/template-artifacts.tsv is verified at module-template v0.11.1, but this module vendors v0.13.2 -- a stale token list looks for the wrong scaffolding in both directions	-	re-verify the token list at the vendored tag (update the `# template_tag:` header), then re-run
R5-839f78	rendering	R5	IDENTISCH	input/translations/de/ImplementationGuide-mii-kerndatensatzmodul-molekulares-tumorboard.po	a translated unit for every one of the 22 page titles	-	-
L0-28d3e4	log	L0	IDENTISCH	./migration-log/run.log	1587 parsed lines, 2 runs	-	-
L1-72b929	log	L1	IDENTISCH	silent-partial-success WARNs	the log carries none across 1587 lines	-	-
L2-0e48db	log	L2	IDENTISCH	1 preflight-analysis	present in the log	-	-
L2-5e1c48	log	L2	IDENTISCH	pre.2 classify-source-shape	present in the log	-	-
L2-4fd559	log	L2	IDENTISCH	pre.5 toolchain	present in the log	-	-
L2-541189	log	L2	IDENTISCH	5.1 source-inventory	present in the log	-	-
L2-9a6da6	log	L2	IDENTISCH	2.1 read-identity	present in the log	-	-
L2-23b069	log	L2	IDENTISCH	2.1 package-identity	present in the log	-	-
L2-7163a2	log	L2	NICHT PRUEFBAR	2.1 repo-identity	no line in the log; the step is conditional (no sushi-config.yaml in the source)	-	confirm the condition did not hold -- The repository's LICENSE text is the only machine source for `license` — the field that must never default (spec §2.2).
L2-07bdbb	log	L2	IDENTISCH	5.1c simplifier-discover	present in the log	-	-
L2-930ba2	log	L2	NICHT PRUEFBAR	5.1d guide-harvest	no line in the log; the step is conditional (the narrative is not in the repository)	-	confirm the condition did not hold -- This is the step whose absence shipped the template's starter pages under a module's name.
L2-666ef6	log	L2	IDENTISCH	5.2 skeleton-vendored	present in the log	-	-
L2-1e1cb5	log	L2	IDENTISCH	5.2 template-reference	present in the log	-	-
L2-200a9d	log	L2	IDENTISCH	5.2 sushi-skeleton	present in the log	-	-
L2-f09283	log	L2	IDENTISCH	5.2 license-align	present in the log	-	-
L2-9a700e	log	L2	IDENTISCH	5.3 transfer-artefacts	present in the log	-	-
L2-8fadca	log	L2	IDENTISCH	5.4 fql-scan	present in the log	-	-
L2-ec69ec	log	L2	IDENTISCH	5.4a optional-page-decisions	present in the log	-	-
L2-b6ec8c	log	L2	IDENTISCH	5.4b security-privacy-decision	present in the log	-	-
L2-254dc3	log	L2	IDENTISCH	5.4c page-routing	present in the log	-	-
L2-21c0ec	log	L2	IDENTISCH	5.4d derived-scan	present in the log	-	-
L2-a85d96	log	L2	IDENTISCH	5.5 gen-page-title-po	present in the log	-	-
L2-619c38	log	L2	IDENTISCH	5.6 sushi-build	present in the log	-	-
L2-a60619	log	L2	IDENTISCH	5.6 ig-publisher	present in the log	-	-
L2-d8144d	log	L2	IDENTISCH	5.6a sibling-skill-check	present in the log	-	-
L2-bce311	log	L2	IDENTISCH	7 prepost-delta	present in the log	-	-
L2-3b5912	log	L2	IDENTISCH	11 verify-migration	present in the log	-	-
L3-1c7855	log	L3	DIVERGIERT	identity field canonical	1 unresolved contradiction WARN(s), first at 2026-09-03T17:05:19Z: identity-contradiction: field=canonical now=https://www.medizininformatik-initiative.de/fhir/ext/modul-mtb (ti…	-	unresolved at verification time. It is a Gate-A decision, never a precedence puzzle to settle mechanically -- record it with a `decision:` line naming the field
L3-f94875	log	L3	DIVERGIERT	identity field jurisdiction	1 unresolved contradiction WARN(s), first at 2026-09-03T17:05:19Z: identity-contradiction: field=jurisdiction now=m49#276 (tier config, sushi-config.yaml) vs jurisdiction=http:/…	-	unresolved at verification time. It is a Gate-A decision, never a precedence puzzle to settle mechanically -- record it with a `decision:` line naming the field
L3-fac1a0	log	L3	DIVERGIERT	identity field title	1 unresolved contradiction WARN(s), first at 2026-09-03T17:05:19Z: identity-contradiction: field=title now=MII IG Kerndatensatz-Modul Molekulares Tumorboard (tier config, sushi-…	-	unresolved at verification time. It is a Gate-A decision, never a precedence puzzle to settle mechanically -- record it with a `decision:` line naming the field
L3-8766f8	log	L3	IDENTISCH	identity ledger	migration-log/identity-claims.tsv present, 33 claim(s)	-	-
L4-106e61	log	L4	NICHT PRUEFBAR	conversion count	no `gofsh-convert … actual=` line in the log	-	shape B only; for shape A there is nothing to convert
L4-f17740	log	L4	NICHT PRUEFBAR	page count	no harvested count in the log and/or no harvest manifest	-	harvest the guide (step 2c) where the narrative is not in the repo
L4-40cf60	log	L4	IDENTISCH	artifact count	artifacts.html lists 303 for 303 generated resources	-	-
