"Id","Path","Slice Name","Alias(s)","Label","Min","Max","Must Support?","Is Modifier?","Is Summary?","Type(s)","Short","Definition","Comments","Requirements","Default Value","Meaning When Missing","Fixed Value","Pattern","Example","Minimum Value","Maximum Value","Maximum Length","Binding Strength","Binding Description","Binding Value Set","Code","Slicing Discriminator","Slicing Description","Slicing Ordered","Slicing Rules","Base Path","Base Min","Base Max","Condition(s)","Constraint(s)","Mapping: DNPM to MII FHIR"
"dnpm-lm-patient-record","dnpm-lm-patient-record","","","",0,*,"","","","null {[]} {[]}
","DNPM Patient Record","Logical Model for the DNPM DIP MTB Patient Record JSON structure (all 19 top-level keys)","","","","","","","","","",,,,,"",,,,"Element",0,*,"ele-1
","ele-1:All FHIR elements must have a @value or children {hasValue() or (children().count() > id.count())}
"
"dnpm-lm-patient-record.id","dnpm-lm-patient-record.id","","","",0,1,"","","","string {[]} {[]}
","Unique id for inter-element referencing","Unique id for the element within a resource (for internal references). This may be any string value that does not contain spaces.","","","","","","","","","",,,,,"",,,,"Element.id",0,1,"",""
"dnpm-lm-patient-record.extension","dnpm-lm-patient-record.extension","","extensions
user content","",0,*,"","","","Extension {[]} {[]}
","Additional content defined by implementations","May be used to represent additional information that is not part of the basic definition of the element. To make the use of extensions safe and manageable, there is a strict set of governance  applied to the definition and use of extensions. Though any implementer can define an extension, there is a set of requirements that SHALL be met as part of the definition of the extension.","There can be no stigma associated with the use of extensions by any application, project, or standard - regardless of the institution or jurisdiction that uses or defines the extensions.  The use of extensions is what allows the FHIR specification to retain a core level of simplicity for everyone.","","","","","","","","",,,,,"","value:url}
","Extensions are always sliced by (at least) url",,"open","Element.extension",0,*,"","ele-1:All FHIR elements must have a @value or children {hasValue() or (children().count() > id.count())}
ext-1:Must have either extensions or value[x], not both {extension.exists() != value.exists()}"
"dnpm-lm-patient-record.patient","dnpm-lm-patient-record.patient","","","",1,1,"","","","BackboneElement {[]} {[]}
","Patient demographics","Patient demographics","","","","","","","","","",,,,,"",,,,"dnpm-lm-patient-record.patient",1,1,"","ele-1:All FHIR elements must have a @value or children {hasValue() or (children().count() > id.count())}
","Person: Patient"
"dnpm-lm-patient-record.patient.id","dnpm-lm-patient-record.patient.id","","","",1,1,"","","","string {[]} {[]}
","Patient UUID","Patient UUID","","","","","","","","","",,,,,"",,,,"Element.id",0,1,"","","Person: Patient.identifier"
"dnpm-lm-patient-record.patient.extension","dnpm-lm-patient-record.patient.extension","","extensions
user content","",0,*,"","","","Extension {[]} {[]}
","Additional content defined by implementations","May be used to represent additional information that is not part of the basic definition of the element. To make the use of extensions safe and manageable, there is a strict set of governance  applied to the definition and use of extensions. Though any implementer can define an extension, there is a set of requirements that SHALL be met as part of the definition of the extension.","There can be no stigma associated with the use of extensions by any application, project, or standard - regardless of the institution or jurisdiction that uses or defines the extensions.  The use of extensions is what allows the FHIR specification to retain a core level of simplicity for everyone.","","","","","","","","",,,,,"","value:url}
","Extensions are always sliced by (at least) url",,"open","Element.extension",0,*,"","ele-1:All FHIR elements must have a @value or children {hasValue() or (children().count() > id.count())}
ext-1:Must have either extensions or value[x], not both {extension.exists() != value.exists()}"
"dnpm-lm-patient-record.patient.modifierExtension","dnpm-lm-patient-record.patient.modifierExtension","","extensions
user contentmodifiers","",0,*,"","Y","Y","Extension {[]} {[]}
","Extensions that cannot be ignored even if unrecognized","May be used to represent additional information that is not part of the basic definition of the element and that modifies the understanding of the element in which it is contained and/or the understanding of the containing element's descendants. Usually modifier elements provide negation or qualification. To make the use of extensions safe and manageable, there is a strict set of governance applied to the definition and use of extensions. Though any implementer can define an extension, there is a set of requirements that SHALL be met as part of the definition of the extension. Applications processing a resource are required to check for modifier extensions.

Modifier extensions SHALL NOT change the meaning of any elements on Resource or DomainResource (including cannot change the meaning of modifierExtension itself).","There can be no stigma associated with the use of extensions by any application, project, or standard - regardless of the institution or jurisdiction that uses or defines the extensions.  The use of extensions is what allows the FHIR specification to retain a core level of simplicity for everyone.","Modifier extensions allow for extensions that *cannot* be safely ignored to be clearly distinguished from the vast majority of extensions which can be safely ignored.  This promotes interoperability by eliminating the need for implementers to prohibit the presence of extensions. For further information, see the [definition of modifier extensions](http://hl7.org/fhir/R4/extensibility.html#modifierExtension).","","","","","","","",,,,,"",,,,"BackboneElement.modifierExtension",0,*,"","ele-1:All FHIR elements must have a @value or children {hasValue() or (children().count() > id.count())}
ext-1:Must have either extensions or value[x], not both {extension.exists() != value.exists()}"
"dnpm-lm-patient-record.patient.gender","dnpm-lm-patient-record.patient.gender","","","",1,1,"","","","BackboneElement {[]} {[]}
","Patient gender","Patient gender","","","","","","","","","",,,,,"",,,,"dnpm-lm-patient-record.patient.gender",1,1,"","ele-1:All FHIR elements must have a @value or children {hasValue() or (children().count() > id.count())}
","Person: Patient.gender"
"dnpm-lm-patient-record.patient.gender.id","dnpm-lm-patient-record.patient.gender.id","","","",0,1,"","","","string {[]} {[]}
","Unique id for inter-element referencing","Unique id for the element within a resource (for internal references). This may be any string value that does not contain spaces.","","","","","","","","","",,,,,"",,,,"Element.id",0,1,"",""
"dnpm-lm-patient-record.patient.gender.extension","dnpm-lm-patient-record.patient.gender.extension","","extensions
user content","",0,*,"","","","Extension {[]} {[]}
","Additional content defined by implementations","May be used to represent additional information that is not part of the basic definition of the element. To make the use of extensions safe and manageable, there is a strict set of governance  applied to the definition and use of extensions. Though any implementer can define an extension, there is a set of requirements that SHALL be met as part of the definition of the extension.","There can be no stigma associated with the use of extensions by any application, project, or standard - regardless of the institution or jurisdiction that uses or defines the extensions.  The use of extensions is what allows the FHIR specification to retain a core level of simplicity for everyone.","","","","","","","","",,,,,"","value:url}
","Extensions are always sliced by (at least) url",,"open","Element.extension",0,*,"","ele-1:All FHIR elements must have a @value or children {hasValue() or (children().count() > id.count())}
ext-1:Must have either extensions or value[x], not both {extension.exists() != value.exists()}"
"dnpm-lm-patient-record.patient.gender.modifierExtension","dnpm-lm-patient-record.patient.gender.modifierExtension","","extensions
user contentmodifiers","",0,*,"","Y","Y","Extension {[]} {[]}
","Extensions that cannot be ignored even if unrecognized","May be used to represent additional information that is not part of the basic definition of the element and that modifies the understanding of the element in which it is contained and/or the understanding of the containing element's descendants. Usually modifier elements provide negation or qualification. To make the use of extensions safe and manageable, there is a strict set of governance applied to the definition and use of extensions. Though any implementer can define an extension, there is a set of requirements that SHALL be met as part of the definition of the extension. Applications processing a resource are required to check for modifier extensions.

Modifier extensions SHALL NOT change the meaning of any elements on Resource or DomainResource (including cannot change the meaning of modifierExtension itself).","There can be no stigma associated with the use of extensions by any application, project, or standard - regardless of the institution or jurisdiction that uses or defines the extensions.  The use of extensions is what allows the FHIR specification to retain a core level of simplicity for everyone.","Modifier extensions allow for extensions that *cannot* be safely ignored to be clearly distinguished from the vast majority of extensions which can be safely ignored.  This promotes interoperability by eliminating the need for implementers to prohibit the presence of extensions. For further information, see the [definition of modifier extensions](http://hl7.org/fhir/R4/extensibility.html#modifierExtension).","","","","","","","",,,,,"",,,,"BackboneElement.modifierExtension",0,*,"","ele-1:All FHIR elements must have a @value or children {hasValue() or (children().count() > id.count())}
ext-1:Must have either extensions or value[x], not both {extension.exists() != value.exists()}"
"dnpm-lm-patient-record.patient.gender.code","dnpm-lm-patient-record.patient.gender.code","","","",1,1,"","","","string {[]} {[]}
","Gender code (e.g. female)","Gender code (e.g. female)","","","","","","","","","",,,,,"",,,,"dnpm-lm-patient-record.patient.gender.code",1,1,"",""
"dnpm-lm-patient-record.patient.gender.display","dnpm-lm-patient-record.patient.gender.display","","","",0,1,"","","","string {[]} {[]}
","Gender display text","Gender display text","","","","","","","","","",,,,,"",,,,"dnpm-lm-patient-record.patient.gender.display",0,1,"",""
"dnpm-lm-patient-record.patient.gender.system","dnpm-lm-patient-record.patient.gender.system","","","",1,1,"","","","string {[]} {[]}
","Gender code system","Gender code system","","","","","","","","","",,,,,"",,,,"dnpm-lm-patient-record.patient.gender.system",1,1,"",""
"dnpm-lm-patient-record.patient.birthDate","dnpm-lm-patient-record.patient.birthDate","","","",1,1,"","","","string {[]} {[]}
","Date of birth (YYYY-MM)","Date of birth (YYYY-MM)","","","","","","","","","",,,,,"",,,,"dnpm-lm-patient-record.patient.birthDate",1,1,"","","Person: Patient.birthDate"
"dnpm-lm-patient-record.patient.healthInsurance","dnpm-lm-patient-record.patient.healthInsurance","","","",0,1,"","","","BackboneElement {[]} {[]}
","Health insurance information","Health insurance information","","","","","","","","","",,,,,"",,,,"dnpm-lm-patient-record.patient.healthInsurance",0,1,"","ele-1:All FHIR elements must have a @value or children {hasValue() or (children().count() > id.count())}
","Person: Patient.contact.organization"
"dnpm-lm-patient-record.patient.healthInsurance.id","dnpm-lm-patient-record.patient.healthInsurance.id","","","",0,1,"","","","string {[]} {[]}
","Unique id for inter-element referencing","Unique id for the element within a resource (for internal references). This may be any string value that does not contain spaces.","","","","","","","","","",,,,,"",,,,"Element.id",0,1,"",""
"dnpm-lm-patient-record.patient.healthInsurance.extension","dnpm-lm-patient-record.patient.healthInsurance.extension","","extensions
user content","",0,*,"","","","Extension {[]} {[]}
","Additional content defined by implementations","May be used to represent additional information that is not part of the basic definition of the element. To make the use of extensions safe and manageable, there is a strict set of governance  applied to the definition and use of extensions. Though any implementer can define an extension, there is a set of requirements that SHALL be met as part of the definition of the extension.","There can be no stigma associated with the use of extensions by any application, project, or standard - regardless of the institution or jurisdiction that uses or defines the extensions.  The use of extensions is what allows the FHIR specification to retain a core level of simplicity for everyone.","","","","","","","","",,,,,"","value:url}
","Extensions are always sliced by (at least) url",,"open","Element.extension",0,*,"","ele-1:All FHIR elements must have a @value or children {hasValue() or (children().count() > id.count())}
ext-1:Must have either extensions or value[x], not both {extension.exists() != value.exists()}"
"dnpm-lm-patient-record.patient.healthInsurance.modifierExtension","dnpm-lm-patient-record.patient.healthInsurance.modifierExtension","","extensions
user contentmodifiers","",0,*,"","Y","Y","Extension {[]} {[]}
","Extensions that cannot be ignored even if unrecognized","May be used to represent additional information that is not part of the basic definition of the element and that modifies the understanding of the element in which it is contained and/or the understanding of the containing element's descendants. Usually modifier elements provide negation or qualification. To make the use of extensions safe and manageable, there is a strict set of governance applied to the definition and use of extensions. Though any implementer can define an extension, there is a set of requirements that SHALL be met as part of the definition of the extension. Applications processing a resource are required to check for modifier extensions.

Modifier extensions SHALL NOT change the meaning of any elements on Resource or DomainResource (including cannot change the meaning of modifierExtension itself).","There can be no stigma associated with the use of extensions by any application, project, or standard - regardless of the institution or jurisdiction that uses or defines the extensions.  The use of extensions is what allows the FHIR specification to retain a core level of simplicity for everyone.","Modifier extensions allow for extensions that *cannot* be safely ignored to be clearly distinguished from the vast majority of extensions which can be safely ignored.  This promotes interoperability by eliminating the need for implementers to prohibit the presence of extensions. For further information, see the [definition of modifier extensions](http://hl7.org/fhir/R4/extensibility.html#modifierExtension).","","","","","","","",,,,,"",,,,"BackboneElement.modifierExtension",0,*,"","ele-1:All FHIR elements must have a @value or children {hasValue() or (children().count() > id.count())}
ext-1:Must have either extensions or value[x], not both {extension.exists() != value.exists()}"
"dnpm-lm-patient-record.patient.healthInsurance.type","dnpm-lm-patient-record.patient.healthInsurance.type","","","",1,1,"","","","BackboneElement {[]} {[]}
","Insurance type coding","Insurance type coding","","","","","","","","","",,,,,"",,,,"dnpm-lm-patient-record.patient.healthInsurance.type",1,1,"","ele-1:All FHIR elements must have a @value or children {hasValue() or (children().count() > id.count())}
"
"dnpm-lm-patient-record.patient.healthInsurance.type.id","dnpm-lm-patient-record.patient.healthInsurance.type.id","","","",0,1,"","","","string {[]} {[]}
","Unique id for inter-element referencing","Unique id for the element within a resource (for internal references). This may be any string value that does not contain spaces.","","","","","","","","","",,,,,"",,,,"Element.id",0,1,"",""
"dnpm-lm-patient-record.patient.healthInsurance.type.extension","dnpm-lm-patient-record.patient.healthInsurance.type.extension","","extensions
user content","",0,*,"","","","Extension {[]} {[]}
","Additional content defined by implementations","May be used to represent additional information that is not part of the basic definition of the element. To make the use of extensions safe and manageable, there is a strict set of governance  applied to the definition and use of extensions. Though any implementer can define an extension, there is a set of requirements that SHALL be met as part of the definition of the extension.","There can be no stigma associated with the use of extensions by any application, project, or standard - regardless of the institution or jurisdiction that uses or defines the extensions.  The use of extensions is what allows the FHIR specification to retain a core level of simplicity for everyone.","","","","","","","","",,,,,"","value:url}
","Extensions are always sliced by (at least) url",,"open","Element.extension",0,*,"","ele-1:All FHIR elements must have a @value or children {hasValue() or (children().count() > id.count())}
ext-1:Must have either extensions or value[x], not both {extension.exists() != value.exists()}"
"dnpm-lm-patient-record.patient.healthInsurance.type.modifierExtension","dnpm-lm-patient-record.patient.healthInsurance.type.modifierExtension","","extensions
user contentmodifiers","",0,*,"","Y","Y","Extension {[]} {[]}
","Extensions that cannot be ignored even if unrecognized","May be used to represent additional information that is not part of the basic definition of the element and that modifies the understanding of the element in which it is contained and/or the understanding of the containing element's descendants. Usually modifier elements provide negation or qualification. To make the use of extensions safe and manageable, there is a strict set of governance applied to the definition and use of extensions. Though any implementer can define an extension, there is a set of requirements that SHALL be met as part of the definition of the extension. Applications processing a resource are required to check for modifier extensions.

Modifier extensions SHALL NOT change the meaning of any elements on Resource or DomainResource (including cannot change the meaning of modifierExtension itself).","There can be no stigma associated with the use of extensions by any application, project, or standard - regardless of the institution or jurisdiction that uses or defines the extensions.  The use of extensions is what allows the FHIR specification to retain a core level of simplicity for everyone.","Modifier extensions allow for extensions that *cannot* be safely ignored to be clearly distinguished from the vast majority of extensions which can be safely ignored.  This promotes interoperability by eliminating the need for implementers to prohibit the presence of extensions. For further information, see the [definition of modifier extensions](http://hl7.org/fhir/R4/extensibility.html#modifierExtension).","","","","","","","",,,,,"",,,,"BackboneElement.modifierExtension",0,*,"","ele-1:All FHIR elements must have a @value or children {hasValue() or (children().count() > id.count())}
ext-1:Must have either extensions or value[x], not both {extension.exists() != value.exists()}"
"dnpm-lm-patient-record.patient.healthInsurance.type.code","dnpm-lm-patient-record.patient.healthInsurance.type.code","","","",1,1,"","","","string {[]} {[]}
","Insurance type code (e.g. GKV)","Insurance type code (e.g. GKV)","","","","","","","","","",,,,,"",,,,"dnpm-lm-patient-record.patient.healthInsurance.type.code",1,1,"",""
"dnpm-lm-patient-record.patient.healthInsurance.type.display","dnpm-lm-patient-record.patient.healthInsurance.type.display","","","",0,1,"","","","string {[]} {[]}
","Insurance type display","Insurance type display","","","","","","","","","",,,,,"",,,,"dnpm-lm-patient-record.patient.healthInsurance.type.display",0,1,"",""
"dnpm-lm-patient-record.patient.healthInsurance.type.system","dnpm-lm-patient-record.patient.healthInsurance.type.system","","","",1,1,"","","","string {[]} {[]}
","Insurance type system URI","Insurance type system URI","","","","","","","","","",,,,,"",,,,"dnpm-lm-patient-record.patient.healthInsurance.type.system",1,1,"",""
"dnpm-lm-patient-record.patient.healthInsurance.reference","dnpm-lm-patient-record.patient.healthInsurance.reference","","","",0,1,"","","","BackboneElement {[]} {[]}
","Insurance provider reference","Insurance provider reference","","","","","","","","","",,,,,"",,,,"dnpm-lm-patient-record.patient.healthInsurance.reference",0,1,"","ele-1:All FHIR elements must have a @value or children {hasValue() or (children().count() > id.count())}
"
"dnpm-lm-patient-record.patient.healthInsurance.reference.id","dnpm-lm-patient-record.patient.healthInsurance.reference.id","","","",1,1,"","","","string {[]} {[]}
","Insurance provider ID","Insurance provider ID","","","","","","","","","",,,,,"",,,,"Element.id",0,1,"",""
"dnpm-lm-patient-record.patient.healthInsurance.reference.extension","dnpm-lm-patient-record.patient.healthInsurance.reference.extension","","extensions
user content","",0,*,"","","","Extension {[]} {[]}
","Additional content defined by implementations","May be used to represent additional information that is not part of the basic definition of the element. To make the use of extensions safe and manageable, there is a strict set of governance  applied to the definition and use of extensions. Though any implementer can define an extension, there is a set of requirements that SHALL be met as part of the definition of the extension.","There can be no stigma associated with the use of extensions by any application, project, or standard - regardless of the institution or jurisdiction that uses or defines the extensions.  The use of extensions is what allows the FHIR specification to retain a core level of simplicity for everyone.","","","","","","","","",,,,,"","value:url}
","Extensions are always sliced by (at least) url",,"open","Element.extension",0,*,"","ele-1:All FHIR elements must have a @value or children {hasValue() or (children().count() > id.count())}
ext-1:Must have either extensions or value[x], not both {extension.exists() != value.exists()}"
"dnpm-lm-patient-record.patient.healthInsurance.reference.modifierExtension","dnpm-lm-patient-record.patient.healthInsurance.reference.modifierExtension","","extensions
user contentmodifiers","",0,*,"","Y","Y","Extension {[]} {[]}
","Extensions that cannot be ignored even if unrecognized","May be used to represent additional information that is not part of the basic definition of the element and that modifies the understanding of the element in which it is contained and/or the understanding of the containing element's descendants. Usually modifier elements provide negation or qualification. To make the use of extensions safe and manageable, there is a strict set of governance applied to the definition and use of extensions. Though any implementer can define an extension, there is a set of requirements that SHALL be met as part of the definition of the extension. Applications processing a resource are required to check for modifier extensions.

Modifier extensions SHALL NOT change the meaning of any elements on Resource or DomainResource (including cannot change the meaning of modifierExtension itself).","There can be no stigma associated with the use of extensions by any application, project, or standard - regardless of the institution or jurisdiction that uses or defines the extensions.  The use of extensions is what allows the FHIR specification to retain a core level of simplicity for everyone.","Modifier extensions allow for extensions that *cannot* be safely ignored to be clearly distinguished from the vast majority of extensions which can be safely ignored.  This promotes interoperability by eliminating the need for implementers to prohibit the presence of extensions. For further information, see the [definition of modifier extensions](http://hl7.org/fhir/R4/extensibility.html#modifierExtension).","","","","","","","",,,,,"",,,,"BackboneElement.modifierExtension",0,*,"","ele-1:All FHIR elements must have a @value or children {hasValue() or (children().count() > id.count())}
ext-1:Must have either extensions or value[x], not both {extension.exists() != value.exists()}"
"dnpm-lm-patient-record.patient.healthInsurance.reference.type","dnpm-lm-patient-record.patient.healthInsurance.reference.type","","","",1,1,"","","","string {[]} {[]}
","Reference type (HealthInsurance)","Reference type (HealthInsurance)","","","","","","","","","",,,,,"",,,,"dnpm-lm-patient-record.patient.healthInsurance.reference.type",1,1,"",""
"dnpm-lm-patient-record.patient.healthInsurance.reference.display","dnpm-lm-patient-record.patient.healthInsurance.reference.display","","","",0,1,"","","","string {[]} {[]}
","Insurance provider display name","Insurance provider display name","","","","","","","","","",,,,,"",,,,"dnpm-lm-patient-record.patient.healthInsurance.reference.display",0,1,"",""
"dnpm-lm-patient-record.patient.healthInsurance.reference.system","dnpm-lm-patient-record.patient.healthInsurance.reference.system","","","",0,1,"","","","string {[]} {[]}
","Insurance provider system URI","Insurance provider system URI","","","","","","","","","",,,,,"",,,,"dnpm-lm-patient-record.patient.healthInsurance.reference.system",0,1,"",""
"dnpm-lm-patient-record.patient.address","dnpm-lm-patient-record.patient.address","","","",0,1,"","","","BackboneElement {[]} {[]}
","Patient address (municipality)","Patient address (municipality)","","","","","","","","","",,,,,"",,,,"dnpm-lm-patient-record.patient.address",0,1,"","ele-1:All FHIR elements must have a @value or children {hasValue() or (children().count() > id.count())}
","Person: Patient.address"
"dnpm-lm-patient-record.patient.address.id","dnpm-lm-patient-record.patient.address.id","","","",0,1,"","","","string {[]} {[]}
","Unique id for inter-element referencing","Unique id for the element within a resource (for internal references). This may be any string value that does not contain spaces.","","","","","","","","","",,,,,"",,,,"Element.id",0,1,"",""
"dnpm-lm-patient-record.patient.address.extension","dnpm-lm-patient-record.patient.address.extension","","extensions
user content","",0,*,"","","","Extension {[]} {[]}
","Additional content defined by implementations","May be used to represent additional information that is not part of the basic definition of the element. To make the use of extensions safe and manageable, there is a strict set of governance  applied to the definition and use of extensions. Though any implementer can define an extension, there is a set of requirements that SHALL be met as part of the definition of the extension.","There can be no stigma associated with the use of extensions by any application, project, or standard - regardless of the institution or jurisdiction that uses or defines the extensions.  The use of extensions is what allows the FHIR specification to retain a core level of simplicity for everyone.","","","","","","","","",,,,,"","value:url}
","Extensions are always sliced by (at least) url",,"open","Element.extension",0,*,"","ele-1:All FHIR elements must have a @value or children {hasValue() or (children().count() > id.count())}
ext-1:Must have either extensions or value[x], not both {extension.exists() != value.exists()}"
"dnpm-lm-patient-record.patient.address.modifierExtension","dnpm-lm-patient-record.patient.address.modifierExtension","","extensions
user contentmodifiers","",0,*,"","Y","Y","Extension {[]} {[]}
","Extensions that cannot be ignored even if unrecognized","May be used to represent additional information that is not part of the basic definition of the element and that modifies the understanding of the element in which it is contained and/or the understanding of the containing element's descendants. Usually modifier elements provide negation or qualification. To make the use of extensions safe and manageable, there is a strict set of governance applied to the definition and use of extensions. Though any implementer can define an extension, there is a set of requirements that SHALL be met as part of the definition of the extension. Applications processing a resource are required to check for modifier extensions.

Modifier extensions SHALL NOT change the meaning of any elements on Resource or DomainResource (including cannot change the meaning of modifierExtension itself).","There can be no stigma associated with the use of extensions by any application, project, or standard - regardless of the institution or jurisdiction that uses or defines the extensions.  The use of extensions is what allows the FHIR specification to retain a core level of simplicity for everyone.","Modifier extensions allow for extensions that *cannot* be safely ignored to be clearly distinguished from the vast majority of extensions which can be safely ignored.  This promotes interoperability by eliminating the need for implementers to prohibit the presence of extensions. For further information, see the [definition of modifier extensions](http://hl7.org/fhir/R4/extensibility.html#modifierExtension).","","","","","","","",,,,,"",,,,"BackboneElement.modifierExtension",0,*,"","ele-1:All FHIR elements must have a @value or children {hasValue() or (children().count() > id.count())}
ext-1:Must have either extensions or value[x], not both {extension.exists() != value.exists()}"
"dnpm-lm-patient-record.patient.address.municipalityCode","dnpm-lm-patient-record.patient.address.municipalityCode","","","",0,1,"","","","string {[]} {[]}
","AGS municipality code (5-digit)","AGS municipality code (5-digit)","","","","","","","","","",,,,,"",,,,"dnpm-lm-patient-record.patient.address.municipalityCode",0,1,"","","Person: Patient.address.extension(destatis/ags)"
"dnpm-lm-patient-record.patient.age","dnpm-lm-patient-record.patient.age","","","",0,1,"","","","BackboneElement {[]} {[]}
","Calculated patient age","Calculated patient age","","","","","","","","","",,,,,"",,,,"dnpm-lm-patient-record.patient.age",0,1,"","ele-1:All FHIR elements must have a @value or children {hasValue() or (children().count() > id.count())}
"
"dnpm-lm-patient-record.patient.age.id","dnpm-lm-patient-record.patient.age.id","","","",0,1,"","","","string {[]} {[]}
","Unique id for inter-element referencing","Unique id for the element within a resource (for internal references). This may be any string value that does not contain spaces.","","","","","","","","","",,,,,"",,,,"Element.id",0,1,"",""
"dnpm-lm-patient-record.patient.age.extension","dnpm-lm-patient-record.patient.age.extension","","extensions
user content","",0,*,"","","","Extension {[]} {[]}
","Additional content defined by implementations","May be used to represent additional information that is not part of the basic definition of the element. To make the use of extensions safe and manageable, there is a strict set of governance  applied to the definition and use of extensions. Though any implementer can define an extension, there is a set of requirements that SHALL be met as part of the definition of the extension.","There can be no stigma associated with the use of extensions by any application, project, or standard - regardless of the institution or jurisdiction that uses or defines the extensions.  The use of extensions is what allows the FHIR specification to retain a core level of simplicity for everyone.","","","","","","","","",,,,,"","value:url}
","Extensions are always sliced by (at least) url",,"open","Element.extension",0,*,"","ele-1:All FHIR elements must have a @value or children {hasValue() or (children().count() > id.count())}
ext-1:Must have either extensions or value[x], not both {extension.exists() != value.exists()}"
"dnpm-lm-patient-record.patient.age.modifierExtension","dnpm-lm-patient-record.patient.age.modifierExtension","","extensions
user contentmodifiers","",0,*,"","Y","Y","Extension {[]} {[]}
","Extensions that cannot be ignored even if unrecognized","May be used to represent additional information that is not part of the basic definition of the element and that modifies the understanding of the element in which it is contained and/or the understanding of the containing element's descendants. Usually modifier elements provide negation or qualification. To make the use of extensions safe and manageable, there is a strict set of governance applied to the definition and use of extensions. Though any implementer can define an extension, there is a set of requirements that SHALL be met as part of the definition of the extension. Applications processing a resource are required to check for modifier extensions.

Modifier extensions SHALL NOT change the meaning of any elements on Resource or DomainResource (including cannot change the meaning of modifierExtension itself).","There can be no stigma associated with the use of extensions by any application, project, or standard - regardless of the institution or jurisdiction that uses or defines the extensions.  The use of extensions is what allows the FHIR specification to retain a core level of simplicity for everyone.","Modifier extensions allow for extensions that *cannot* be safely ignored to be clearly distinguished from the vast majority of extensions which can be safely ignored.  This promotes interoperability by eliminating the need for implementers to prohibit the presence of extensions. For further information, see the [definition of modifier extensions](http://hl7.org/fhir/R4/extensibility.html#modifierExtension).","","","","","","","",,,,,"",,,,"BackboneElement.modifierExtension",0,*,"","ele-1:All FHIR elements must have a @value or children {hasValue() or (children().count() > id.count())}
ext-1:Must have either extensions or value[x], not both {extension.exists() != value.exists()}"
"dnpm-lm-patient-record.patient.age.value","dnpm-lm-patient-record.patient.age.value","","","",1,1,"","","","integer {[]} {[]}
","Age numeric value","Age numeric value","","","","","","","","","",,,,,"",,,,"dnpm-lm-patient-record.patient.age.value",1,1,"",""
"dnpm-lm-patient-record.patient.age.unit","dnpm-lm-patient-record.patient.age.unit","","","",1,1,"","","","string {[]} {[]}
","Age unit (e.g. Years)","Age unit (e.g. Years)","","","","","","","","","",,,,,"",,,,"dnpm-lm-patient-record.patient.age.unit",1,1,"",""
"dnpm-lm-patient-record.patient.vitalStatus","dnpm-lm-patient-record.patient.vitalStatus","","","",1,1,"","","","BackboneElement {[]} {[]}
","Vital status","Vital status","","","","","","","","","",,,,,"",,,,"dnpm-lm-patient-record.patient.vitalStatus",1,1,"","ele-1:All FHIR elements must have a @value or children {hasValue() or (children().count() > id.count())}
","Person: Patient.deceased[x]"
"dnpm-lm-patient-record.patient.vitalStatus.id","dnpm-lm-patient-record.patient.vitalStatus.id","","","",0,1,"","","","string {[]} {[]}
","Unique id for inter-element referencing","Unique id for the element within a resource (for internal references). This may be any string value that does not contain spaces.","","","","","","","","","",,,,,"",,,,"Element.id",0,1,"",""
"dnpm-lm-patient-record.patient.vitalStatus.extension","dnpm-lm-patient-record.patient.vitalStatus.extension","","extensions
user content","",0,*,"","","","Extension {[]} {[]}
","Additional content defined by implementations","May be used to represent additional information that is not part of the basic definition of the element. To make the use of extensions safe and manageable, there is a strict set of governance  applied to the definition and use of extensions. Though any implementer can define an extension, there is a set of requirements that SHALL be met as part of the definition of the extension.","There can be no stigma associated with the use of extensions by any application, project, or standard - regardless of the institution or jurisdiction that uses or defines the extensions.  The use of extensions is what allows the FHIR specification to retain a core level of simplicity for everyone.","","","","","","","","",,,,,"","value:url}
","Extensions are always sliced by (at least) url",,"open","Element.extension",0,*,"","ele-1:All FHIR elements must have a @value or children {hasValue() or (children().count() > id.count())}
ext-1:Must have either extensions or value[x], not both {extension.exists() != value.exists()}"
"dnpm-lm-patient-record.patient.vitalStatus.modifierExtension","dnpm-lm-patient-record.patient.vitalStatus.modifierExtension","","extensions
user contentmodifiers","",0,*,"","Y","Y","Extension {[]} {[]}
","Extensions that cannot be ignored even if unrecognized","May be used to represent additional information that is not part of the basic definition of the element and that modifies the understanding of the element in which it is contained and/or the understanding of the containing element's descendants. Usually modifier elements provide negation or qualification. To make the use of extensions safe and manageable, there is a strict set of governance applied to the definition and use of extensions. Though any implementer can define an extension, there is a set of requirements that SHALL be met as part of the definition of the extension. Applications processing a resource are required to check for modifier extensions.

Modifier extensions SHALL NOT change the meaning of any elements on Resource or DomainResource (including cannot change the meaning of modifierExtension itself).","There can be no stigma associated with the use of extensions by any application, project, or standard - regardless of the institution or jurisdiction that uses or defines the extensions.  The use of extensions is what allows the FHIR specification to retain a core level of simplicity for everyone.","Modifier extensions allow for extensions that *cannot* be safely ignored to be clearly distinguished from the vast majority of extensions which can be safely ignored.  This promotes interoperability by eliminating the need for implementers to prohibit the presence of extensions. For further information, see the [definition of modifier extensions](http://hl7.org/fhir/R4/extensibility.html#modifierExtension).","","","","","","","",,,,,"",,,,"BackboneElement.modifierExtension",0,*,"","ele-1:All FHIR elements must have a @value or children {hasValue() or (children().count() > id.count())}
ext-1:Must have either extensions or value[x], not both {extension.exists() != value.exists()}"
"dnpm-lm-patient-record.patient.vitalStatus.code","dnpm-lm-patient-record.patient.vitalStatus.code","","","",1,1,"","","","string {[]} {[]}
","Vital status code (e.g. alive)","Vital status code (e.g. alive)","","","","","","","","","",,,,,"",,,,"dnpm-lm-patient-record.patient.vitalStatus.code",1,1,"",""
"dnpm-lm-patient-record.patient.vitalStatus.display","dnpm-lm-patient-record.patient.vitalStatus.display","","","",0,1,"","","","string {[]} {[]}
","Vital status display","Vital status display","","","","","","","","","",,,,,"",,,,"dnpm-lm-patient-record.patient.vitalStatus.display",0,1,"",""
"dnpm-lm-patient-record.patient.vitalStatus.system","dnpm-lm-patient-record.patient.vitalStatus.system","","","",1,1,"","","","string {[]} {[]}
","Vital status system URI","Vital status system URI","","","","","","","","","",,,,,"",,,,"dnpm-lm-patient-record.patient.vitalStatus.system",1,1,"",""
"dnpm-lm-patient-record.episodesOfCare","dnpm-lm-patient-record.episodesOfCare","","","",0,*,"","","","BackboneElement {[]} {[]}
","MTB episodes of care","MTB episodes of care","","","","","","","","","",,,,,"",,,,"dnpm-lm-patient-record.episodesOfCare",0,*,"","ele-1:All FHIR elements must have a @value or children {hasValue() or (children().count() > id.count())}
","MTB: Behandlungsepisode (ClinicalImpression)"
"dnpm-lm-patient-record.episodesOfCare.id","dnpm-lm-patient-record.episodesOfCare.id","","","",1,1,"","","","string {[]} {[]}
","Episode UUID","Episode UUID","","","","","","","","","",,,,,"",,,,"Element.id",0,1,"","","MTB: ClinicalImpression.identifier"
"dnpm-lm-patient-record.episodesOfCare.extension","dnpm-lm-patient-record.episodesOfCare.extension","","extensions
user content","",0,*,"","","","Extension {[]} {[]}
","Additional content defined by implementations","May be used to represent additional information that is not part of the basic definition of the element. To make the use of extensions safe and manageable, there is a strict set of governance  applied to the definition and use of extensions. Though any implementer can define an extension, there is a set of requirements that SHALL be met as part of the definition of the extension.","There can be no stigma associated with the use of extensions by any application, project, or standard - regardless of the institution or jurisdiction that uses or defines the extensions.  The use of extensions is what allows the FHIR specification to retain a core level of simplicity for everyone.","","","","","","","","",,,,,"","value:url}
","Extensions are always sliced by (at least) url",,"open","Element.extension",0,*,"","ele-1:All FHIR elements must have a @value or children {hasValue() or (children().count() > id.count())}
ext-1:Must have either extensions or value[x], not both {extension.exists() != value.exists()}"
"dnpm-lm-patient-record.episodesOfCare.modifierExtension","dnpm-lm-patient-record.episodesOfCare.modifierExtension","","extensions
user contentmodifiers","",0,*,"","Y","Y","Extension {[]} {[]}
","Extensions that cannot be ignored even if unrecognized","May be used to represent additional information that is not part of the basic definition of the element and that modifies the understanding of the element in which it is contained and/or the understanding of the containing element's descendants. Usually modifier elements provide negation or qualification. To make the use of extensions safe and manageable, there is a strict set of governance applied to the definition and use of extensions. Though any implementer can define an extension, there is a set of requirements that SHALL be met as part of the definition of the extension. Applications processing a resource are required to check for modifier extensions.

Modifier extensions SHALL NOT change the meaning of any elements on Resource or DomainResource (including cannot change the meaning of modifierExtension itself).","There can be no stigma associated with the use of extensions by any application, project, or standard - regardless of the institution or jurisdiction that uses or defines the extensions.  The use of extensions is what allows the FHIR specification to retain a core level of simplicity for everyone.","Modifier extensions allow for extensions that *cannot* be safely ignored to be clearly distinguished from the vast majority of extensions which can be safely ignored.  This promotes interoperability by eliminating the need for implementers to prohibit the presence of extensions. For further information, see the [definition of modifier extensions](http://hl7.org/fhir/R4/extensibility.html#modifierExtension).","","","","","","","",,,,,"",,,,"BackboneElement.modifierExtension",0,*,"","ele-1:All FHIR elements must have a @value or children {hasValue() or (children().count() > id.count())}
ext-1:Must have either extensions or value[x], not both {extension.exists() != value.exists()}"
"dnpm-lm-patient-record.episodesOfCare.patient","dnpm-lm-patient-record.episodesOfCare.patient","","","",1,1,"","","","BackboneElement {[]} {[]}
","Patient reference","Patient reference","","","","","","","","","",,,,,"",,,,"dnpm-lm-patient-record.episodesOfCare.patient",1,1,"","ele-1:All FHIR elements must have a @value or children {hasValue() or (children().count() > id.count())}
","MTB: ClinicalImpression.subject"
"dnpm-lm-patient-record.episodesOfCare.patient.id","dnpm-lm-patient-record.episodesOfCare.patient.id","","","",1,1,"","","","string {[]} {[]}
","Patient ID","Patient ID","","","","","","","","","",,,,,"",,,,"Element.id",0,1,"",""
"dnpm-lm-patient-record.episodesOfCare.patient.extension","dnpm-lm-patient-record.episodesOfCare.patient.extension","","extensions
user content","",0,*,"","","","Extension {[]} {[]}
","Additional content defined by implementations","May be used to represent additional information that is not part of the basic definition of the element. To make the use of extensions safe and manageable, there is a strict set of governance  applied to the definition and use of extensions. Though any implementer can define an extension, there is a set of requirements that SHALL be met as part of the definition of the extension.","There can be no stigma associated with the use of extensions by any application, project, or standard - regardless of the institution or jurisdiction that uses or defines the extensions.  The use of extensions is what allows the FHIR specification to retain a core level of simplicity for everyone.","","","","","","","","",,,,,"","value:url}
","Extensions are always sliced by (at least) url",,"open","Element.extension",0,*,"","ele-1:All FHIR elements must have a @value or children {hasValue() or (children().count() > id.count())}
ext-1:Must have either extensions or value[x], not both {extension.exists() != value.exists()}"
"dnpm-lm-patient-record.episodesOfCare.patient.modifierExtension","dnpm-lm-patient-record.episodesOfCare.patient.modifierExtension","","extensions
user contentmodifiers","",0,*,"","Y","Y","Extension {[]} {[]}
","Extensions that cannot be ignored even if unrecognized","May be used to represent additional information that is not part of the basic definition of the element and that modifies the understanding of the element in which it is contained and/or the understanding of the containing element's descendants. Usually modifier elements provide negation or qualification. To make the use of extensions safe and manageable, there is a strict set of governance applied to the definition and use of extensions. Though any implementer can define an extension, there is a set of requirements that SHALL be met as part of the definition of the extension. Applications processing a resource are required to check for modifier extensions.

Modifier extensions SHALL NOT change the meaning of any elements on Resource or DomainResource (including cannot change the meaning of modifierExtension itself).","There can be no stigma associated with the use of extensions by any application, project, or standard - regardless of the institution or jurisdiction that uses or defines the extensions.  The use of extensions is what allows the FHIR specification to retain a core level of simplicity for everyone.","Modifier extensions allow for extensions that *cannot* be safely ignored to be clearly distinguished from the vast majority of extensions which can be safely ignored.  This promotes interoperability by eliminating the need for implementers to prohibit the presence of extensions. For further information, see the [definition of modifier extensions](http://hl7.org/fhir/R4/extensibility.html#modifierExtension).","","","","","","","",,,,,"",,,,"BackboneElement.modifierExtension",0,*,"","ele-1:All FHIR elements must have a @value or children {hasValue() or (children().count() > id.count())}
ext-1:Must have either extensions or value[x], not both {extension.exists() != value.exists()}"
"dnpm-lm-patient-record.episodesOfCare.patient.type","dnpm-lm-patient-record.episodesOfCare.patient.type","","","",1,1,"","","","string {[]} {[]}
","Reference type (Patient)","Reference type (Patient)","","","","","","","","","",,,,,"",,,,"dnpm-lm-patient-record.episodesOfCare.patient.type",1,1,"",""
"dnpm-lm-patient-record.episodesOfCare.period","dnpm-lm-patient-record.episodesOfCare.period","","","",0,1,"","","","BackboneElement {[]} {[]}
","Episode period","Episode period","","","","","","","","","",,,,,"",,,,"dnpm-lm-patient-record.episodesOfCare.period",0,1,"","ele-1:All FHIR elements must have a @value or children {hasValue() or (children().count() > id.count())}
","MTB: ClinicalImpression.effectivePeriod"
"dnpm-lm-patient-record.episodesOfCare.period.id","dnpm-lm-patient-record.episodesOfCare.period.id","","","",0,1,"","","","string {[]} {[]}
","Unique id for inter-element referencing","Unique id for the element within a resource (for internal references). This may be any string value that does not contain spaces.","","","","","","","","","",,,,,"",,,,"Element.id",0,1,"",""
"dnpm-lm-patient-record.episodesOfCare.period.extension","dnpm-lm-patient-record.episodesOfCare.period.extension","","extensions
user content","",0,*,"","","","Extension {[]} {[]}
","Additional content defined by implementations","May be used to represent additional information that is not part of the basic definition of the element. To make the use of extensions safe and manageable, there is a strict set of governance  applied to the definition and use of extensions. Though any implementer can define an extension, there is a set of requirements that SHALL be met as part of the definition of the extension.","There can be no stigma associated with the use of extensions by any application, project, or standard - regardless of the institution or jurisdiction that uses or defines the extensions.  The use of extensions is what allows the FHIR specification to retain a core level of simplicity for everyone.","","","","","","","","",,,,,"","value:url}
","Extensions are always sliced by (at least) url",,"open","Element.extension",0,*,"","ele-1:All FHIR elements must have a @value or children {hasValue() or (children().count() > id.count())}
ext-1:Must have either extensions or value[x], not both {extension.exists() != value.exists()}"
"dnpm-lm-patient-record.episodesOfCare.period.modifierExtension","dnpm-lm-patient-record.episodesOfCare.period.modifierExtension","","extensions
user contentmodifiers","",0,*,"","Y","Y","Extension {[]} {[]}
","Extensions that cannot be ignored even if unrecognized","May be used to represent additional information that is not part of the basic definition of the element and that modifies the understanding of the element in which it is contained and/or the understanding of the containing element's descendants. Usually modifier elements provide negation or qualification. To make the use of extensions safe and manageable, there is a strict set of governance applied to the definition and use of extensions. Though any implementer can define an extension, there is a set of requirements that SHALL be met as part of the definition of the extension. Applications processing a resource are required to check for modifier extensions.

Modifier extensions SHALL NOT change the meaning of any elements on Resource or DomainResource (including cannot change the meaning of modifierExtension itself).","There can be no stigma associated with the use of extensions by any application, project, or standard - regardless of the institution or jurisdiction that uses or defines the extensions.  The use of extensions is what allows the FHIR specification to retain a core level of simplicity for everyone.","Modifier extensions allow for extensions that *cannot* be safely ignored to be clearly distinguished from the vast majority of extensions which can be safely ignored.  This promotes interoperability by eliminating the need for implementers to prohibit the presence of extensions. For further information, see the [definition of modifier extensions](http://hl7.org/fhir/R4/extensibility.html#modifierExtension).","","","","","","","",,,,,"",,,,"BackboneElement.modifierExtension",0,*,"","ele-1:All FHIR elements must have a @value or children {hasValue() or (children().count() > id.count())}
ext-1:Must have either extensions or value[x], not both {extension.exists() != value.exists()}"
"dnpm-lm-patient-record.episodesOfCare.period.start","dnpm-lm-patient-record.episodesOfCare.period.start","","","",1,1,"","","","string {[]} {[]}
","Start date (YYYY-MM-DD)","Start date (YYYY-MM-DD)","","","","","","","","","",,,,,"",,,,"dnpm-lm-patient-record.episodesOfCare.period.start",1,1,"","","MTB: ClinicalImpression.effectivePeriod.start"
"dnpm-lm-patient-record.episodesOfCare.period.end","dnpm-lm-patient-record.episodesOfCare.period.end","","","",0,1,"","","","string {[]} {[]}
","End date (YYYY-MM-DD)","End date (YYYY-MM-DD)","","","","","","","","","",,,,,"",,,,"dnpm-lm-patient-record.episodesOfCare.period.end",0,1,"","","MTB: ClinicalImpression.effectivePeriod.end"
"dnpm-lm-patient-record.episodesOfCare.diagnoses","dnpm-lm-patient-record.episodesOfCare.diagnoses","","","",0,*,"","","","BackboneElement {[]} {[]}
","Diagnosis references within this episode","Diagnosis references within this episode","","","","","","","","","",,,,,"",,,,"dnpm-lm-patient-record.episodesOfCare.diagnoses",0,*,"","ele-1:All FHIR elements must have a @value or children {hasValue() or (children().count() > id.count())}
"
"dnpm-lm-patient-record.episodesOfCare.diagnoses.id","dnpm-lm-patient-record.episodesOfCare.diagnoses.id","","","",1,1,"","","","string {[]} {[]}
","Diagnosis ID","Diagnosis ID","","","","","","","","","",,,,,"",,,,"Element.id",0,1,"",""
"dnpm-lm-patient-record.episodesOfCare.diagnoses.extension","dnpm-lm-patient-record.episodesOfCare.diagnoses.extension","","extensions
user content","",0,*,"","","","Extension {[]} {[]}
","Additional content defined by implementations","May be used to represent additional information that is not part of the basic definition of the element. To make the use of extensions safe and manageable, there is a strict set of governance  applied to the definition and use of extensions. Though any implementer can define an extension, there is a set of requirements that SHALL be met as part of the definition of the extension.","There can be no stigma associated with the use of extensions by any application, project, or standard - regardless of the institution or jurisdiction that uses or defines the extensions.  The use of extensions is what allows the FHIR specification to retain a core level of simplicity for everyone.","","","","","","","","",,,,,"","value:url}
","Extensions are always sliced by (at least) url",,"open","Element.extension",0,*,"","ele-1:All FHIR elements must have a @value or children {hasValue() or (children().count() > id.count())}
ext-1:Must have either extensions or value[x], not both {extension.exists() != value.exists()}"
"dnpm-lm-patient-record.episodesOfCare.diagnoses.modifierExtension","dnpm-lm-patient-record.episodesOfCare.diagnoses.modifierExtension","","extensions
user contentmodifiers","",0,*,"","Y","Y","Extension {[]} {[]}
","Extensions that cannot be ignored even if unrecognized","May be used to represent additional information that is not part of the basic definition of the element and that modifies the understanding of the element in which it is contained and/or the understanding of the containing element's descendants. Usually modifier elements provide negation or qualification. To make the use of extensions safe and manageable, there is a strict set of governance applied to the definition and use of extensions. Though any implementer can define an extension, there is a set of requirements that SHALL be met as part of the definition of the extension. Applications processing a resource are required to check for modifier extensions.

Modifier extensions SHALL NOT change the meaning of any elements on Resource or DomainResource (including cannot change the meaning of modifierExtension itself).","There can be no stigma associated with the use of extensions by any application, project, or standard - regardless of the institution or jurisdiction that uses or defines the extensions.  The use of extensions is what allows the FHIR specification to retain a core level of simplicity for everyone.","Modifier extensions allow for extensions that *cannot* be safely ignored to be clearly distinguished from the vast majority of extensions which can be safely ignored.  This promotes interoperability by eliminating the need for implementers to prohibit the presence of extensions. For further information, see the [definition of modifier extensions](http://hl7.org/fhir/R4/extensibility.html#modifierExtension).","","","","","","","",,,,,"",,,,"BackboneElement.modifierExtension",0,*,"","ele-1:All FHIR elements must have a @value or children {hasValue() or (children().count() > id.count())}
ext-1:Must have either extensions or value[x], not both {extension.exists() != value.exists()}"
"dnpm-lm-patient-record.episodesOfCare.diagnoses.type","dnpm-lm-patient-record.episodesOfCare.diagnoses.type","","","",1,1,"","","","string {[]} {[]}
","Reference type (MTBDiagnosis)","Reference type (MTBDiagnosis)","","","","","","","","","",,,,,"",,,,"dnpm-lm-patient-record.episodesOfCare.diagnoses.type",1,1,"",""
"dnpm-lm-patient-record.diagnoses","dnpm-lm-patient-record.diagnoses","","","",0,*,"","","","BackboneElement {[]} {[]}
","MTB tumor diagnoses","MTB tumor diagnoses","","","","","","","","","",,,,,"",,,,"dnpm-lm-patient-record.diagnoses",0,*,"","ele-1:All FHIR elements must have a @value or children {hasValue() or (children().count() > id.count())}
","MTB: Diagnose Primaertumor (Condition)"
"dnpm-lm-patient-record.diagnoses.id","dnpm-lm-patient-record.diagnoses.id","","","",1,1,"","","","string {[]} {[]}
","Diagnosis UUID","Diagnosis UUID","","","","","","","","","",,,,,"",,,,"Element.id",0,1,"","","MTB: Condition.identifier"
"dnpm-lm-patient-record.diagnoses.extension","dnpm-lm-patient-record.diagnoses.extension","","extensions
user content","",0,*,"","","","Extension {[]} {[]}
","Additional content defined by implementations","May be used to represent additional information that is not part of the basic definition of the element. To make the use of extensions safe and manageable, there is a strict set of governance  applied to the definition and use of extensions. Though any implementer can define an extension, there is a set of requirements that SHALL be met as part of the definition of the extension.","There can be no stigma associated with the use of extensions by any application, project, or standard - regardless of the institution or jurisdiction that uses or defines the extensions.  The use of extensions is what allows the FHIR specification to retain a core level of simplicity for everyone.","","","","","","","","",,,,,"","value:url}
","Extensions are always sliced by (at least) url",,"open","Element.extension",0,*,"","ele-1:All FHIR elements must have a @value or children {hasValue() or (children().count() > id.count())}
ext-1:Must have either extensions or value[x], not both {extension.exists() != value.exists()}"
"dnpm-lm-patient-record.diagnoses.modifierExtension","dnpm-lm-patient-record.diagnoses.modifierExtension","","extensions
user contentmodifiers","",0,*,"","Y","Y","Extension {[]} {[]}
","Extensions that cannot be ignored even if unrecognized","May be used to represent additional information that is not part of the basic definition of the element and that modifies the understanding of the element in which it is contained and/or the understanding of the containing element's descendants. Usually modifier elements provide negation or qualification. To make the use of extensions safe and manageable, there is a strict set of governance applied to the definition and use of extensions. Though any implementer can define an extension, there is a set of requirements that SHALL be met as part of the definition of the extension. Applications processing a resource are required to check for modifier extensions.

Modifier extensions SHALL NOT change the meaning of any elements on Resource or DomainResource (including cannot change the meaning of modifierExtension itself).","There can be no stigma associated with the use of extensions by any application, project, or standard - regardless of the institution or jurisdiction that uses or defines the extensions.  The use of extensions is what allows the FHIR specification to retain a core level of simplicity for everyone.","Modifier extensions allow for extensions that *cannot* be safely ignored to be clearly distinguished from the vast majority of extensions which can be safely ignored.  This promotes interoperability by eliminating the need for implementers to prohibit the presence of extensions. For further information, see the [definition of modifier extensions](http://hl7.org/fhir/R4/extensibility.html#modifierExtension).","","","","","","","",,,,,"",,,,"BackboneElement.modifierExtension",0,*,"","ele-1:All FHIR elements must have a @value or children {hasValue() or (children().count() > id.count())}
ext-1:Must have either extensions or value[x], not both {extension.exists() != value.exists()}"
"dnpm-lm-patient-record.diagnoses.patient","dnpm-lm-patient-record.diagnoses.patient","","","",1,1,"","","","BackboneElement {[]} {[]}
","Patient reference","Patient reference","","","","","","","","","",,,,,"",,,,"dnpm-lm-patient-record.diagnoses.patient",1,1,"","ele-1:All FHIR elements must have a @value or children {hasValue() or (children().count() > id.count())}
","MTB: Condition.subject"
"dnpm-lm-patient-record.diagnoses.patient.id","dnpm-lm-patient-record.diagnoses.patient.id","","","",1,1,"","","","string {[]} {[]}
","Patient ID","Patient ID","","","","","","","","","",,,,,"",,,,"Element.id",0,1,"",""
"dnpm-lm-patient-record.diagnoses.patient.extension","dnpm-lm-patient-record.diagnoses.patient.extension","","extensions
user content","",0,*,"","","","Extension {[]} {[]}
","Additional content defined by implementations","May be used to represent additional information that is not part of the basic definition of the element. To make the use of extensions safe and manageable, there is a strict set of governance  applied to the definition and use of extensions. Though any implementer can define an extension, there is a set of requirements that SHALL be met as part of the definition of the extension.","There can be no stigma associated with the use of extensions by any application, project, or standard - regardless of the institution or jurisdiction that uses or defines the extensions.  The use of extensions is what allows the FHIR specification to retain a core level of simplicity for everyone.","","","","","","","","",,,,,"","value:url}
","Extensions are always sliced by (at least) url",,"open","Element.extension",0,*,"","ele-1:All FHIR elements must have a @value or children {hasValue() or (children().count() > id.count())}
ext-1:Must have either extensions or value[x], not both {extension.exists() != value.exists()}"
"dnpm-lm-patient-record.diagnoses.patient.modifierExtension","dnpm-lm-patient-record.diagnoses.patient.modifierExtension","","extensions
user contentmodifiers","",0,*,"","Y","Y","Extension {[]} {[]}
","Extensions that cannot be ignored even if unrecognized","May be used to represent additional information that is not part of the basic definition of the element and that modifies the understanding of the element in which it is contained and/or the understanding of the containing element's descendants. Usually modifier elements provide negation or qualification. To make the use of extensions safe and manageable, there is a strict set of governance applied to the definition and use of extensions. Though any implementer can define an extension, there is a set of requirements that SHALL be met as part of the definition of the extension. Applications processing a resource are required to check for modifier extensions.

Modifier extensions SHALL NOT change the meaning of any elements on Resource or DomainResource (including cannot change the meaning of modifierExtension itself).","There can be no stigma associated with the use of extensions by any application, project, or standard - regardless of the institution or jurisdiction that uses or defines the extensions.  The use of extensions is what allows the FHIR specification to retain a core level of simplicity for everyone.","Modifier extensions allow for extensions that *cannot* be safely ignored to be clearly distinguished from the vast majority of extensions which can be safely ignored.  This promotes interoperability by eliminating the need for implementers to prohibit the presence of extensions. For further information, see the [definition of modifier extensions](http://hl7.org/fhir/R4/extensibility.html#modifierExtension).","","","","","","","",,,,,"",,,,"BackboneElement.modifierExtension",0,*,"","ele-1:All FHIR elements must have a @value or children {hasValue() or (children().count() > id.count())}
ext-1:Must have either extensions or value[x], not both {extension.exists() != value.exists()}"
"dnpm-lm-patient-record.diagnoses.patient.type","dnpm-lm-patient-record.diagnoses.patient.type","","","",1,1,"","","","string {[]} {[]}
","Reference type (Patient)","Reference type (Patient)","","","","","","","","","",,,,,"",,,,"dnpm-lm-patient-record.diagnoses.patient.type",1,1,"",""
"dnpm-lm-patient-record.diagnoses.recordedOn","dnpm-lm-patient-record.diagnoses.recordedOn","","","",0,1,"","","","string {[]} {[]}
","Date diagnosis was recorded (YYYY-MM-DD)","Date diagnosis was recorded (YYYY-MM-DD)","","","","","","","","","",,,,,"",,,,"dnpm-lm-patient-record.diagnoses.recordedOn",0,1,"","","MTB: Condition.recordedDate"
"dnpm-lm-patient-record.diagnoses.type","dnpm-lm-patient-record.diagnoses.type","","","",0,1,"","","","BackboneElement {[]} {[]}
","Diagnosis type history (main / secondary)","Diagnosis type history (main / secondary)","","","","","","","","","",,,,,"",,,,"dnpm-lm-patient-record.diagnoses.type",0,1,"","ele-1:All FHIR elements must have a @value or children {hasValue() or (children().count() > id.count())}
"
"dnpm-lm-patient-record.diagnoses.type.id","dnpm-lm-patient-record.diagnoses.type.id","","","",0,1,"","","","string {[]} {[]}
","Unique id for inter-element referencing","Unique id for the element within a resource (for internal references). This may be any string value that does not contain spaces.","","","","","","","","","",,,,,"",,,,"Element.id",0,1,"",""
"dnpm-lm-patient-record.diagnoses.type.extension","dnpm-lm-patient-record.diagnoses.type.extension","","extensions
user content","",0,*,"","","","Extension {[]} {[]}
","Additional content defined by implementations","May be used to represent additional information that is not part of the basic definition of the element. To make the use of extensions safe and manageable, there is a strict set of governance  applied to the definition and use of extensions. Though any implementer can define an extension, there is a set of requirements that SHALL be met as part of the definition of the extension.","There can be no stigma associated with the use of extensions by any application, project, or standard - regardless of the institution or jurisdiction that uses or defines the extensions.  The use of extensions is what allows the FHIR specification to retain a core level of simplicity for everyone.","","","","","","","","",,,,,"","value:url}
","Extensions are always sliced by (at least) url",,"open","Element.extension",0,*,"","ele-1:All FHIR elements must have a @value or children {hasValue() or (children().count() > id.count())}
ext-1:Must have either extensions or value[x], not both {extension.exists() != value.exists()}"
"dnpm-lm-patient-record.diagnoses.type.modifierExtension","dnpm-lm-patient-record.diagnoses.type.modifierExtension","","extensions
user contentmodifiers","",0,*,"","Y","Y","Extension {[]} {[]}
","Extensions that cannot be ignored even if unrecognized","May be used to represent additional information that is not part of the basic definition of the element and that modifies the understanding of the element in which it is contained and/or the understanding of the containing element's descendants. Usually modifier elements provide negation or qualification. To make the use of extensions safe and manageable, there is a strict set of governance applied to the definition and use of extensions. Though any implementer can define an extension, there is a set of requirements that SHALL be met as part of the definition of the extension. Applications processing a resource are required to check for modifier extensions.

Modifier extensions SHALL NOT change the meaning of any elements on Resource or DomainResource (including cannot change the meaning of modifierExtension itself).","There can be no stigma associated with the use of extensions by any application, project, or standard - regardless of the institution or jurisdiction that uses or defines the extensions.  The use of extensions is what allows the FHIR specification to retain a core level of simplicity for everyone.","Modifier extensions allow for extensions that *cannot* be safely ignored to be clearly distinguished from the vast majority of extensions which can be safely ignored.  This promotes interoperability by eliminating the need for implementers to prohibit the presence of extensions. For further information, see the [definition of modifier extensions](http://hl7.org/fhir/R4/extensibility.html#modifierExtension).","","","","","","","",,,,,"",,,,"BackboneElement.modifierExtension",0,*,"","ele-1:All FHIR elements must have a @value or children {hasValue() or (children().count() > id.count())}
ext-1:Must have either extensions or value[x], not both {extension.exists() != value.exists()}"
"dnpm-lm-patient-record.diagnoses.type.history","dnpm-lm-patient-record.diagnoses.type.history","","","",0,*,"","","","BackboneElement {[]} {[]}
","History entries for diagnosis type","History entries for diagnosis type","","","","","","","","","",,,,,"",,,,"dnpm-lm-patient-record.diagnoses.type.history",0,*,"","ele-1:All FHIR elements must have a @value or children {hasValue() or (children().count() > id.count())}
"
"dnpm-lm-patient-record.diagnoses.type.history.id","dnpm-lm-patient-record.diagnoses.type.history.id","","","",0,1,"","","","string {[]} {[]}
","Unique id for inter-element referencing","Unique id for the element within a resource (for internal references). This may be any string value that does not contain spaces.","","","","","","","","","",,,,,"",,,,"Element.id",0,1,"",""
"dnpm-lm-patient-record.diagnoses.type.history.extension","dnpm-lm-patient-record.diagnoses.type.history.extension","","extensions
user content","",0,*,"","","","Extension {[]} {[]}
","Additional content defined by implementations","May be used to represent additional information that is not part of the basic definition of the element. To make the use of extensions safe and manageable, there is a strict set of governance  applied to the definition and use of extensions. Though any implementer can define an extension, there is a set of requirements that SHALL be met as part of the definition of the extension.","There can be no stigma associated with the use of extensions by any application, project, or standard - regardless of the institution or jurisdiction that uses or defines the extensions.  The use of extensions is what allows the FHIR specification to retain a core level of simplicity for everyone.","","","","","","","","",,,,,"","value:url}
","Extensions are always sliced by (at least) url",,"open","Element.extension",0,*,"","ele-1:All FHIR elements must have a @value or children {hasValue() or (children().count() > id.count())}
ext-1:Must have either extensions or value[x], not both {extension.exists() != value.exists()}"
"dnpm-lm-patient-record.diagnoses.type.history.modifierExtension","dnpm-lm-patient-record.diagnoses.type.history.modifierExtension","","extensions
user contentmodifiers","",0,*,"","Y","Y","Extension {[]} {[]}
","Extensions that cannot be ignored even if unrecognized","May be used to represent additional information that is not part of the basic definition of the element and that modifies the understanding of the element in which it is contained and/or the understanding of the containing element's descendants. Usually modifier elements provide negation or qualification. To make the use of extensions safe and manageable, there is a strict set of governance applied to the definition and use of extensions. Though any implementer can define an extension, there is a set of requirements that SHALL be met as part of the definition of the extension. Applications processing a resource are required to check for modifier extensions.

Modifier extensions SHALL NOT change the meaning of any elements on Resource or DomainResource (including cannot change the meaning of modifierExtension itself).","There can be no stigma associated with the use of extensions by any application, project, or standard - regardless of the institution or jurisdiction that uses or defines the extensions.  The use of extensions is what allows the FHIR specification to retain a core level of simplicity for everyone.","Modifier extensions allow for extensions that *cannot* be safely ignored to be clearly distinguished from the vast majority of extensions which can be safely ignored.  This promotes interoperability by eliminating the need for implementers to prohibit the presence of extensions. For further information, see the [definition of modifier extensions](http://hl7.org/fhir/R4/extensibility.html#modifierExtension).","","","","","","","",,,,,"",,,,"BackboneElement.modifierExtension",0,*,"","ele-1:All FHIR elements must have a @value or children {hasValue() or (children().count() > id.count())}
ext-1:Must have either extensions or value[x], not both {extension.exists() != value.exists()}"
"dnpm-lm-patient-record.diagnoses.type.history.date","dnpm-lm-patient-record.diagnoses.type.history.date","","","",0,1,"","","","string {[]} {[]}
","Entry date","Entry date","","","","","","","","","",,,,,"",,,,"dnpm-lm-patient-record.diagnoses.type.history.date",0,1,"",""
"dnpm-lm-patient-record.diagnoses.type.history.value","dnpm-lm-patient-record.diagnoses.type.history.value","","","",0,1,"","","","BackboneElement {[]} {[]}
","Diagnosis type value","Diagnosis type value","","","","","","","","","",,,,,"",,,,"dnpm-lm-patient-record.diagnoses.type.history.value",0,1,"","ele-1:All FHIR elements must have a @value or children {hasValue() or (children().count() > id.count())}
"
"dnpm-lm-patient-record.diagnoses.type.history.value.id","dnpm-lm-patient-record.diagnoses.type.history.value.id","","","",0,1,"","","","string {[]} {[]}
","Unique id for inter-element referencing","Unique id for the element within a resource (for internal references). This may be any string value that does not contain spaces.","","","","","","","","","",,,,,"",,,,"Element.id",0,1,"",""
"dnpm-lm-patient-record.diagnoses.type.history.value.extension","dnpm-lm-patient-record.diagnoses.type.history.value.extension","","extensions
user content","",0,*,"","","","Extension {[]} {[]}
","Additional content defined by implementations","May be used to represent additional information that is not part of the basic definition of the element. To make the use of extensions safe and manageable, there is a strict set of governance  applied to the definition and use of extensions. Though any implementer can define an extension, there is a set of requirements that SHALL be met as part of the definition of the extension.","There can be no stigma associated with the use of extensions by any application, project, or standard - regardless of the institution or jurisdiction that uses or defines the extensions.  The use of extensions is what allows the FHIR specification to retain a core level of simplicity for everyone.","","","","","","","","",,,,,"","value:url}
","Extensions are always sliced by (at least) url",,"open","Element.extension",0,*,"","ele-1:All FHIR elements must have a @value or children {hasValue() or (children().count() > id.count())}
ext-1:Must have either extensions or value[x], not both {extension.exists() != value.exists()}"
"dnpm-lm-patient-record.diagnoses.type.history.value.modifierExtension","dnpm-lm-patient-record.diagnoses.type.history.value.modifierExtension","","extensions
user contentmodifiers","",0,*,"","Y","Y","Extension {[]} {[]}
","Extensions that cannot be ignored even if unrecognized","May be used to represent additional information that is not part of the basic definition of the element and that modifies the understanding of the element in which it is contained and/or the understanding of the containing element's descendants. Usually modifier elements provide negation or qualification. To make the use of extensions safe and manageable, there is a strict set of governance applied to the definition and use of extensions. Though any implementer can define an extension, there is a set of requirements that SHALL be met as part of the definition of the extension. Applications processing a resource are required to check for modifier extensions.

Modifier extensions SHALL NOT change the meaning of any elements on Resource or DomainResource (including cannot change the meaning of modifierExtension itself).","There can be no stigma associated with the use of extensions by any application, project, or standard - regardless of the institution or jurisdiction that uses or defines the extensions.  The use of extensions is what allows the FHIR specification to retain a core level of simplicity for everyone.","Modifier extensions allow for extensions that *cannot* be safely ignored to be clearly distinguished from the vast majority of extensions which can be safely ignored.  This promotes interoperability by eliminating the need for implementers to prohibit the presence of extensions. For further information, see the [definition of modifier extensions](http://hl7.org/fhir/R4/extensibility.html#modifierExtension).","","","","","","","",,,,,"",,,,"BackboneElement.modifierExtension",0,*,"","ele-1:All FHIR elements must have a @value or children {hasValue() or (children().count() > id.count())}
ext-1:Must have either extensions or value[x], not both {extension.exists() != value.exists()}"
"dnpm-lm-patient-record.diagnoses.type.history.value.code","dnpm-lm-patient-record.diagnoses.type.history.value.code","","","",1,1,"","","","string {[]} {[]}
","Type code (e.g. main)","Type code (e.g. main)","","","","","","","","","",,,,,"",,,,"dnpm-lm-patient-record.diagnoses.type.history.value.code",1,1,"",""
"dnpm-lm-patient-record.diagnoses.type.history.value.display","dnpm-lm-patient-record.diagnoses.type.history.value.display","","","",0,1,"","","","string {[]} {[]}
","Type display","Type display","","","","","","","","","",,,,,"",,,,"dnpm-lm-patient-record.diagnoses.type.history.value.display",0,1,"",""
"dnpm-lm-patient-record.diagnoses.type.history.value.system","dnpm-lm-patient-record.diagnoses.type.history.value.system","","","",1,1,"","","","string {[]} {[]}
","Type system URI","Type system URI","","","","","","","","","",,,,,"",,,,"dnpm-lm-patient-record.diagnoses.type.history.value.system",1,1,"",""
"dnpm-lm-patient-record.diagnoses.code","dnpm-lm-patient-record.diagnoses.code","","","",1,1,"","","","BackboneElement {[]} {[]}
","ICD-10-GM tumor diagnosis code","ICD-10-GM tumor diagnosis code","","","","","","","","","",,,,,"",,,,"dnpm-lm-patient-record.diagnoses.code",1,1,"","ele-1:All FHIR elements must have a @value or children {hasValue() or (children().count() > id.count())}
","MTB: Condition.code (ICD-10-GM)"
"dnpm-lm-patient-record.diagnoses.code.id","dnpm-lm-patient-record.diagnoses.code.id","","","",0,1,"","","","string {[]} {[]}
","Unique id for inter-element referencing","Unique id for the element within a resource (for internal references). This may be any string value that does not contain spaces.","","","","","","","","","",,,,,"",,,,"Element.id",0,1,"",""
"dnpm-lm-patient-record.diagnoses.code.extension","dnpm-lm-patient-record.diagnoses.code.extension","","extensions
user content","",0,*,"","","","Extension {[]} {[]}
","Additional content defined by implementations","May be used to represent additional information that is not part of the basic definition of the element. To make the use of extensions safe and manageable, there is a strict set of governance  applied to the definition and use of extensions. Though any implementer can define an extension, there is a set of requirements that SHALL be met as part of the definition of the extension.","There can be no stigma associated with the use of extensions by any application, project, or standard - regardless of the institution or jurisdiction that uses or defines the extensions.  The use of extensions is what allows the FHIR specification to retain a core level of simplicity for everyone.","","","","","","","","",,,,,"","value:url}
","Extensions are always sliced by (at least) url",,"open","Element.extension",0,*,"","ele-1:All FHIR elements must have a @value or children {hasValue() or (children().count() > id.count())}
ext-1:Must have either extensions or value[x], not both {extension.exists() != value.exists()}"
"dnpm-lm-patient-record.diagnoses.code.modifierExtension","dnpm-lm-patient-record.diagnoses.code.modifierExtension","","extensions
user contentmodifiers","",0,*,"","Y","Y","Extension {[]} {[]}
","Extensions that cannot be ignored even if unrecognized","May be used to represent additional information that is not part of the basic definition of the element and that modifies the understanding of the element in which it is contained and/or the understanding of the containing element's descendants. Usually modifier elements provide negation or qualification. To make the use of extensions safe and manageable, there is a strict set of governance applied to the definition and use of extensions. Though any implementer can define an extension, there is a set of requirements that SHALL be met as part of the definition of the extension. Applications processing a resource are required to check for modifier extensions.

Modifier extensions SHALL NOT change the meaning of any elements on Resource or DomainResource (including cannot change the meaning of modifierExtension itself).","There can be no stigma associated with the use of extensions by any application, project, or standard - regardless of the institution or jurisdiction that uses or defines the extensions.  The use of extensions is what allows the FHIR specification to retain a core level of simplicity for everyone.","Modifier extensions allow for extensions that *cannot* be safely ignored to be clearly distinguished from the vast majority of extensions which can be safely ignored.  This promotes interoperability by eliminating the need for implementers to prohibit the presence of extensions. For further information, see the [definition of modifier extensions](http://hl7.org/fhir/R4/extensibility.html#modifierExtension).","","","","","","","",,,,,"",,,,"BackboneElement.modifierExtension",0,*,"","ele-1:All FHIR elements must have a @value or children {hasValue() or (children().count() > id.count())}
ext-1:Must have either extensions or value[x], not both {extension.exists() != value.exists()}"
"dnpm-lm-patient-record.diagnoses.code.code","dnpm-lm-patient-record.diagnoses.code.code","","","",1,1,"","","","string {[]} {[]}
","ICD-10-GM code (e.g. C75.8)","ICD-10-GM code (e.g. C75.8)","","","","","","","","","",,,,,"",,,,"dnpm-lm-patient-record.diagnoses.code.code",1,1,"",""
"dnpm-lm-patient-record.diagnoses.code.display","dnpm-lm-patient-record.diagnoses.code.display","","","",0,1,"","","","string {[]} {[]}
","Diagnosis display text","Diagnosis display text","","","","","","","","","",,,,,"",,,,"dnpm-lm-patient-record.diagnoses.code.display",0,1,"",""
"dnpm-lm-patient-record.diagnoses.code.system","dnpm-lm-patient-record.diagnoses.code.system","","","",1,1,"","","","string {[]} {[]}
","ICD-10-GM code system URI","ICD-10-GM code system URI","","","","","","","","","",,,,,"",,,,"dnpm-lm-patient-record.diagnoses.code.system",1,1,"",""
"dnpm-lm-patient-record.diagnoses.code.version","dnpm-lm-patient-record.diagnoses.code.version","","","",0,1,"","","","string {[]} {[]}
","ICD-10-GM version year","ICD-10-GM version year","","","","","","","","","",,,,,"",,,,"dnpm-lm-patient-record.diagnoses.code.version",0,1,"",""
"dnpm-lm-patient-record.diagnoses.topography","dnpm-lm-patient-record.diagnoses.topography","","","",0,1,"","","","BackboneElement {[]} {[]}
","ICD-O-3 topography code","ICD-O-3 topography code","","","","","","","","","",,,,,"",,,,"dnpm-lm-patient-record.diagnoses.topography",0,1,"","ele-1:All FHIR elements must have a @value or children {hasValue() or (children().count() > id.count())}
","MTB: Condition.bodySite (ICD-O-3-T)"
"dnpm-lm-patient-record.diagnoses.topography.id","dnpm-lm-patient-record.diagnoses.topography.id","","","",0,1,"","","","string {[]} {[]}
","Unique id for inter-element referencing","Unique id for the element within a resource (for internal references). This may be any string value that does not contain spaces.","","","","","","","","","",,,,,"",,,,"Element.id",0,1,"",""
"dnpm-lm-patient-record.diagnoses.topography.extension","dnpm-lm-patient-record.diagnoses.topography.extension","","extensions
user content","",0,*,"","","","Extension {[]} {[]}
","Additional content defined by implementations","May be used to represent additional information that is not part of the basic definition of the element. To make the use of extensions safe and manageable, there is a strict set of governance  applied to the definition and use of extensions. Though any implementer can define an extension, there is a set of requirements that SHALL be met as part of the definition of the extension.","There can be no stigma associated with the use of extensions by any application, project, or standard - regardless of the institution or jurisdiction that uses or defines the extensions.  The use of extensions is what allows the FHIR specification to retain a core level of simplicity for everyone.","","","","","","","","",,,,,"","value:url}
","Extensions are always sliced by (at least) url",,"open","Element.extension",0,*,"","ele-1:All FHIR elements must have a @value or children {hasValue() or (children().count() > id.count())}
ext-1:Must have either extensions or value[x], not both {extension.exists() != value.exists()}"
"dnpm-lm-patient-record.diagnoses.topography.modifierExtension","dnpm-lm-patient-record.diagnoses.topography.modifierExtension","","extensions
user contentmodifiers","",0,*,"","Y","Y","Extension {[]} {[]}
","Extensions that cannot be ignored even if unrecognized","May be used to represent additional information that is not part of the basic definition of the element and that modifies the understanding of the element in which it is contained and/or the understanding of the containing element's descendants. Usually modifier elements provide negation or qualification. To make the use of extensions safe and manageable, there is a strict set of governance applied to the definition and use of extensions. Though any implementer can define an extension, there is a set of requirements that SHALL be met as part of the definition of the extension. Applications processing a resource are required to check for modifier extensions.

Modifier extensions SHALL NOT change the meaning of any elements on Resource or DomainResource (including cannot change the meaning of modifierExtension itself).","There can be no stigma associated with the use of extensions by any application, project, or standard - regardless of the institution or jurisdiction that uses or defines the extensions.  The use of extensions is what allows the FHIR specification to retain a core level of simplicity for everyone.","Modifier extensions allow for extensions that *cannot* be safely ignored to be clearly distinguished from the vast majority of extensions which can be safely ignored.  This promotes interoperability by eliminating the need for implementers to prohibit the presence of extensions. For further information, see the [definition of modifier extensions](http://hl7.org/fhir/R4/extensibility.html#modifierExtension).","","","","","","","",,,,,"",,,,"BackboneElement.modifierExtension",0,*,"","ele-1:All FHIR elements must have a @value or children {hasValue() or (children().count() > id.count())}
ext-1:Must have either extensions or value[x], not both {extension.exists() != value.exists()}"
"dnpm-lm-patient-record.diagnoses.topography.code","dnpm-lm-patient-record.diagnoses.topography.code","","","",1,1,"","","","string {[]} {[]}
","Topography code","Topography code","","","","","","","","","",,,,,"",,,,"dnpm-lm-patient-record.diagnoses.topography.code",1,1,"",""
"dnpm-lm-patient-record.diagnoses.topography.display","dnpm-lm-patient-record.diagnoses.topography.display","","","",0,1,"","","","string {[]} {[]}
","Topography display","Topography display","","","","","","","","","",,,,,"",,,,"dnpm-lm-patient-record.diagnoses.topography.display",0,1,"",""
"dnpm-lm-patient-record.diagnoses.topography.system","dnpm-lm-patient-record.diagnoses.topography.system","","","",1,1,"","","","string {[]} {[]}
","Topography system URI (ICD-O-3)","Topography system URI (ICD-O-3)","","","","","","","","","",,,,,"",,,,"dnpm-lm-patient-record.diagnoses.topography.system",1,1,"",""
"dnpm-lm-patient-record.diagnoses.topography.version","dnpm-lm-patient-record.diagnoses.topography.version","","","",0,1,"","","","string {[]} {[]}
","ICD-O-3 version","ICD-O-3 version","","","","","","","","","",,,,,"",,,,"dnpm-lm-patient-record.diagnoses.topography.version",0,1,"",""
"dnpm-lm-patient-record.diagnoses.grading","dnpm-lm-patient-record.diagnoses.grading","","","",0,1,"","","","BackboneElement {[]} {[]}
","Tumor grading history","Tumor grading history","","","","","","","","","",,,,,"",,,,"dnpm-lm-patient-record.diagnoses.grading",0,1,"","ele-1:All FHIR elements must have a @value or children {hasValue() or (children().count() > id.count())}
","Onkologie: Observation (Grading)"
"dnpm-lm-patient-record.diagnoses.grading.id","dnpm-lm-patient-record.diagnoses.grading.id","","","",0,1,"","","","string {[]} {[]}
","Unique id for inter-element referencing","Unique id for the element within a resource (for internal references). This may be any string value that does not contain spaces.","","","","","","","","","",,,,,"",,,,"Element.id",0,1,"",""
"dnpm-lm-patient-record.diagnoses.grading.extension","dnpm-lm-patient-record.diagnoses.grading.extension","","extensions
user content","",0,*,"","","","Extension {[]} {[]}
","Additional content defined by implementations","May be used to represent additional information that is not part of the basic definition of the element. To make the use of extensions safe and manageable, there is a strict set of governance  applied to the definition and use of extensions. Though any implementer can define an extension, there is a set of requirements that SHALL be met as part of the definition of the extension.","There can be no stigma associated with the use of extensions by any application, project, or standard - regardless of the institution or jurisdiction that uses or defines the extensions.  The use of extensions is what allows the FHIR specification to retain a core level of simplicity for everyone.","","","","","","","","",,,,,"","value:url}
","Extensions are always sliced by (at least) url",,"open","Element.extension",0,*,"","ele-1:All FHIR elements must have a @value or children {hasValue() or (children().count() > id.count())}
ext-1:Must have either extensions or value[x], not both {extension.exists() != value.exists()}"
"dnpm-lm-patient-record.diagnoses.grading.modifierExtension","dnpm-lm-patient-record.diagnoses.grading.modifierExtension","","extensions
user contentmodifiers","",0,*,"","Y","Y","Extension {[]} {[]}
","Extensions that cannot be ignored even if unrecognized","May be used to represent additional information that is not part of the basic definition of the element and that modifies the understanding of the element in which it is contained and/or the understanding of the containing element's descendants. Usually modifier elements provide negation or qualification. To make the use of extensions safe and manageable, there is a strict set of governance applied to the definition and use of extensions. Though any implementer can define an extension, there is a set of requirements that SHALL be met as part of the definition of the extension. Applications processing a resource are required to check for modifier extensions.

Modifier extensions SHALL NOT change the meaning of any elements on Resource or DomainResource (including cannot change the meaning of modifierExtension itself).","There can be no stigma associated with the use of extensions by any application, project, or standard - regardless of the institution or jurisdiction that uses or defines the extensions.  The use of extensions is what allows the FHIR specification to retain a core level of simplicity for everyone.","Modifier extensions allow for extensions that *cannot* be safely ignored to be clearly distinguished from the vast majority of extensions which can be safely ignored.  This promotes interoperability by eliminating the need for implementers to prohibit the presence of extensions. For further information, see the [definition of modifier extensions](http://hl7.org/fhir/R4/extensibility.html#modifierExtension).","","","","","","","",,,,,"",,,,"BackboneElement.modifierExtension",0,*,"","ele-1:All FHIR elements must have a @value or children {hasValue() or (children().count() > id.count())}
ext-1:Must have either extensions or value[x], not both {extension.exists() != value.exists()}"
"dnpm-lm-patient-record.diagnoses.grading.history","dnpm-lm-patient-record.diagnoses.grading.history","","","",0,*,"","","","BackboneElement {[]} {[]}
","Grading history entries","Grading history entries","","","","","","","","","",,,,,"",,,,"dnpm-lm-patient-record.diagnoses.grading.history",0,*,"","ele-1:All FHIR elements must have a @value or children {hasValue() or (children().count() > id.count())}
"
"dnpm-lm-patient-record.diagnoses.grading.history.id","dnpm-lm-patient-record.diagnoses.grading.history.id","","","",0,1,"","","","string {[]} {[]}
","Unique id for inter-element referencing","Unique id for the element within a resource (for internal references). This may be any string value that does not contain spaces.","","","","","","","","","",,,,,"",,,,"Element.id",0,1,"",""
"dnpm-lm-patient-record.diagnoses.grading.history.extension","dnpm-lm-patient-record.diagnoses.grading.history.extension","","extensions
user content","",0,*,"","","","Extension {[]} {[]}
","Additional content defined by implementations","May be used to represent additional information that is not part of the basic definition of the element. To make the use of extensions safe and manageable, there is a strict set of governance  applied to the definition and use of extensions. Though any implementer can define an extension, there is a set of requirements that SHALL be met as part of the definition of the extension.","There can be no stigma associated with the use of extensions by any application, project, or standard - regardless of the institution or jurisdiction that uses or defines the extensions.  The use of extensions is what allows the FHIR specification to retain a core level of simplicity for everyone.","","","","","","","","",,,,,"","value:url}
","Extensions are always sliced by (at least) url",,"open","Element.extension",0,*,"","ele-1:All FHIR elements must have a @value or children {hasValue() or (children().count() > id.count())}
ext-1:Must have either extensions or value[x], not both {extension.exists() != value.exists()}"
"dnpm-lm-patient-record.diagnoses.grading.history.modifierExtension","dnpm-lm-patient-record.diagnoses.grading.history.modifierExtension","","extensions
user contentmodifiers","",0,*,"","Y","Y","Extension {[]} {[]}
","Extensions that cannot be ignored even if unrecognized","May be used to represent additional information that is not part of the basic definition of the element and that modifies the understanding of the element in which it is contained and/or the understanding of the containing element's descendants. Usually modifier elements provide negation or qualification. To make the use of extensions safe and manageable, there is a strict set of governance applied to the definition and use of extensions. Though any implementer can define an extension, there is a set of requirements that SHALL be met as part of the definition of the extension. Applications processing a resource are required to check for modifier extensions.

Modifier extensions SHALL NOT change the meaning of any elements on Resource or DomainResource (including cannot change the meaning of modifierExtension itself).","There can be no stigma associated with the use of extensions by any application, project, or standard - regardless of the institution or jurisdiction that uses or defines the extensions.  The use of extensions is what allows the FHIR specification to retain a core level of simplicity for everyone.","Modifier extensions allow for extensions that *cannot* be safely ignored to be clearly distinguished from the vast majority of extensions which can be safely ignored.  This promotes interoperability by eliminating the need for implementers to prohibit the presence of extensions. For further information, see the [definition of modifier extensions](http://hl7.org/fhir/R4/extensibility.html#modifierExtension).","","","","","","","",,,,,"",,,,"BackboneElement.modifierExtension",0,*,"","ele-1:All FHIR elements must have a @value or children {hasValue() or (children().count() > id.count())}
ext-1:Must have either extensions or value[x], not both {extension.exists() != value.exists()}"
"dnpm-lm-patient-record.diagnoses.grading.history.date","dnpm-lm-patient-record.diagnoses.grading.history.date","","","",0,1,"","","","string {[]} {[]}
","Grading date","Grading date","","","","","","","","","",,,,,"",,,,"dnpm-lm-patient-record.diagnoses.grading.history.date",0,1,"",""
"dnpm-lm-patient-record.diagnoses.grading.history.codes","dnpm-lm-patient-record.diagnoses.grading.history.codes","","","",0,*,"","","","BackboneElement {[]} {[]}
","Grading codes","Grading codes","","","","","","","","","",,,,,"",,,,"dnpm-lm-patient-record.diagnoses.grading.history.codes",0,*,"","ele-1:All FHIR elements must have a @value or children {hasValue() or (children().count() > id.count())}
"
"dnpm-lm-patient-record.diagnoses.grading.history.codes.id","dnpm-lm-patient-record.diagnoses.grading.history.codes.id","","","",0,1,"","","","string {[]} {[]}
","Unique id for inter-element referencing","Unique id for the element within a resource (for internal references). This may be any string value that does not contain spaces.","","","","","","","","","",,,,,"",,,,"Element.id",0,1,"",""
"dnpm-lm-patient-record.diagnoses.grading.history.codes.extension","dnpm-lm-patient-record.diagnoses.grading.history.codes.extension","","extensions
user content","",0,*,"","","","Extension {[]} {[]}
","Additional content defined by implementations","May be used to represent additional information that is not part of the basic definition of the element. To make the use of extensions safe and manageable, there is a strict set of governance  applied to the definition and use of extensions. Though any implementer can define an extension, there is a set of requirements that SHALL be met as part of the definition of the extension.","There can be no stigma associated with the use of extensions by any application, project, or standard - regardless of the institution or jurisdiction that uses or defines the extensions.  The use of extensions is what allows the FHIR specification to retain a core level of simplicity for everyone.","","","","","","","","",,,,,"","value:url}
","Extensions are always sliced by (at least) url",,"open","Element.extension",0,*,"","ele-1:All FHIR elements must have a @value or children {hasValue() or (children().count() > id.count())}
ext-1:Must have either extensions or value[x], not both {extension.exists() != value.exists()}"
"dnpm-lm-patient-record.diagnoses.grading.history.codes.modifierExtension","dnpm-lm-patient-record.diagnoses.grading.history.codes.modifierExtension","","extensions
user contentmodifiers","",0,*,"","Y","Y","Extension {[]} {[]}
","Extensions that cannot be ignored even if unrecognized","May be used to represent additional information that is not part of the basic definition of the element and that modifies the understanding of the element in which it is contained and/or the understanding of the containing element's descendants. Usually modifier elements provide negation or qualification. To make the use of extensions safe and manageable, there is a strict set of governance applied to the definition and use of extensions. Though any implementer can define an extension, there is a set of requirements that SHALL be met as part of the definition of the extension. Applications processing a resource are required to check for modifier extensions.

Modifier extensions SHALL NOT change the meaning of any elements on Resource or DomainResource (including cannot change the meaning of modifierExtension itself).","There can be no stigma associated with the use of extensions by any application, project, or standard - regardless of the institution or jurisdiction that uses or defines the extensions.  The use of extensions is what allows the FHIR specification to retain a core level of simplicity for everyone.","Modifier extensions allow for extensions that *cannot* be safely ignored to be clearly distinguished from the vast majority of extensions which can be safely ignored.  This promotes interoperability by eliminating the need for implementers to prohibit the presence of extensions. For further information, see the [definition of modifier extensions](http://hl7.org/fhir/R4/extensibility.html#modifierExtension).","","","","","","","",,,,,"",,,,"BackboneElement.modifierExtension",0,*,"","ele-1:All FHIR elements must have a @value or children {hasValue() or (children().count() > id.count())}
ext-1:Must have either extensions or value[x], not both {extension.exists() != value.exists()}"
"dnpm-lm-patient-record.diagnoses.grading.history.codes.code","dnpm-lm-patient-record.diagnoses.grading.history.codes.code","","","",1,1,"","","","string {[]} {[]}
","Grade code","Grade code","","","","","","","","","",,,,,"",,,,"dnpm-lm-patient-record.diagnoses.grading.history.codes.code",1,1,"",""
"dnpm-lm-patient-record.diagnoses.grading.history.codes.display","dnpm-lm-patient-record.diagnoses.grading.history.codes.display","","","",0,1,"","","","string {[]} {[]}
","Grade display","Grade display","","","","","","","","","",,,,,"",,,,"dnpm-lm-patient-record.diagnoses.grading.history.codes.display",0,1,"",""
"dnpm-lm-patient-record.diagnoses.grading.history.codes.system","dnpm-lm-patient-record.diagnoses.grading.history.codes.system","","","",1,1,"","","","string {[]} {[]}
","Grading system URI","Grading system URI","","","","","","","","","",,,,,"",,,,"dnpm-lm-patient-record.diagnoses.grading.history.codes.system",1,1,"",""
"dnpm-lm-patient-record.diagnoses.staging","dnpm-lm-patient-record.diagnoses.staging","","","",0,1,"","","","BackboneElement {[]} {[]}
","Tumor staging history","Tumor staging history","","","","","","","","","",,,,,"",,,,"dnpm-lm-patient-record.diagnoses.staging",0,1,"","ele-1:All FHIR elements must have a @value or children {hasValue() or (children().count() > id.count())}
","Onkologie: Observation (Staging)"
"dnpm-lm-patient-record.diagnoses.staging.id","dnpm-lm-patient-record.diagnoses.staging.id","","","",0,1,"","","","string {[]} {[]}
","Unique id for inter-element referencing","Unique id for the element within a resource (for internal references). This may be any string value that does not contain spaces.","","","","","","","","","",,,,,"",,,,"Element.id",0,1,"",""
"dnpm-lm-patient-record.diagnoses.staging.extension","dnpm-lm-patient-record.diagnoses.staging.extension","","extensions
user content","",0,*,"","","","Extension {[]} {[]}
","Additional content defined by implementations","May be used to represent additional information that is not part of the basic definition of the element. To make the use of extensions safe and manageable, there is a strict set of governance  applied to the definition and use of extensions. Though any implementer can define an extension, there is a set of requirements that SHALL be met as part of the definition of the extension.","There can be no stigma associated with the use of extensions by any application, project, or standard - regardless of the institution or jurisdiction that uses or defines the extensions.  The use of extensions is what allows the FHIR specification to retain a core level of simplicity for everyone.","","","","","","","","",,,,,"","value:url}
","Extensions are always sliced by (at least) url",,"open","Element.extension",0,*,"","ele-1:All FHIR elements must have a @value or children {hasValue() or (children().count() > id.count())}
ext-1:Must have either extensions or value[x], not both {extension.exists() != value.exists()}"
"dnpm-lm-patient-record.diagnoses.staging.modifierExtension","dnpm-lm-patient-record.diagnoses.staging.modifierExtension","","extensions
user contentmodifiers","",0,*,"","Y","Y","Extension {[]} {[]}
","Extensions that cannot be ignored even if unrecognized","May be used to represent additional information that is not part of the basic definition of the element and that modifies the understanding of the element in which it is contained and/or the understanding of the containing element's descendants. Usually modifier elements provide negation or qualification. To make the use of extensions safe and manageable, there is a strict set of governance applied to the definition and use of extensions. Though any implementer can define an extension, there is a set of requirements that SHALL be met as part of the definition of the extension. Applications processing a resource are required to check for modifier extensions.

Modifier extensions SHALL NOT change the meaning of any elements on Resource or DomainResource (including cannot change the meaning of modifierExtension itself).","There can be no stigma associated with the use of extensions by any application, project, or standard - regardless of the institution or jurisdiction that uses or defines the extensions.  The use of extensions is what allows the FHIR specification to retain a core level of simplicity for everyone.","Modifier extensions allow for extensions that *cannot* be safely ignored to be clearly distinguished from the vast majority of extensions which can be safely ignored.  This promotes interoperability by eliminating the need for implementers to prohibit the presence of extensions. For further information, see the [definition of modifier extensions](http://hl7.org/fhir/R4/extensibility.html#modifierExtension).","","","","","","","",,,,,"",,,,"BackboneElement.modifierExtension",0,*,"","ele-1:All FHIR elements must have a @value or children {hasValue() or (children().count() > id.count())}
ext-1:Must have either extensions or value[x], not both {extension.exists() != value.exists()}"
"dnpm-lm-patient-record.diagnoses.staging.history","dnpm-lm-patient-record.diagnoses.staging.history","","","",0,*,"","","","BackboneElement {[]} {[]}
","Staging history entries","Staging history entries","","","","","","","","","",,,,,"",,,,"dnpm-lm-patient-record.diagnoses.staging.history",0,*,"","ele-1:All FHIR elements must have a @value or children {hasValue() or (children().count() > id.count())}
"
"dnpm-lm-patient-record.diagnoses.staging.history.id","dnpm-lm-patient-record.diagnoses.staging.history.id","","","",0,1,"","","","string {[]} {[]}
","Unique id for inter-element referencing","Unique id for the element within a resource (for internal references). This may be any string value that does not contain spaces.","","","","","","","","","",,,,,"",,,,"Element.id",0,1,"",""
"dnpm-lm-patient-record.diagnoses.staging.history.extension","dnpm-lm-patient-record.diagnoses.staging.history.extension","","extensions
user content","",0,*,"","","","Extension {[]} {[]}
","Additional content defined by implementations","May be used to represent additional information that is not part of the basic definition of the element. To make the use of extensions safe and manageable, there is a strict set of governance  applied to the definition and use of extensions. Though any implementer can define an extension, there is a set of requirements that SHALL be met as part of the definition of the extension.","There can be no stigma associated with the use of extensions by any application, project, or standard - regardless of the institution or jurisdiction that uses or defines the extensions.  The use of extensions is what allows the FHIR specification to retain a core level of simplicity for everyone.","","","","","","","","",,,,,"","value:url}
","Extensions are always sliced by (at least) url",,"open","Element.extension",0,*,"","ele-1:All FHIR elements must have a @value or children {hasValue() or (children().count() > id.count())}
ext-1:Must have either extensions or value[x], not both {extension.exists() != value.exists()}"
"dnpm-lm-patient-record.diagnoses.staging.history.modifierExtension","dnpm-lm-patient-record.diagnoses.staging.history.modifierExtension","","extensions
user contentmodifiers","",0,*,"","Y","Y","Extension {[]} {[]}
","Extensions that cannot be ignored even if unrecognized","May be used to represent additional information that is not part of the basic definition of the element and that modifies the understanding of the element in which it is contained and/or the understanding of the containing element's descendants. Usually modifier elements provide negation or qualification. To make the use of extensions safe and manageable, there is a strict set of governance applied to the definition and use of extensions. Though any implementer can define an extension, there is a set of requirements that SHALL be met as part of the definition of the extension. Applications processing a resource are required to check for modifier extensions.

Modifier extensions SHALL NOT change the meaning of any elements on Resource or DomainResource (including cannot change the meaning of modifierExtension itself).","There can be no stigma associated with the use of extensions by any application, project, or standard - regardless of the institution or jurisdiction that uses or defines the extensions.  The use of extensions is what allows the FHIR specification to retain a core level of simplicity for everyone.","Modifier extensions allow for extensions that *cannot* be safely ignored to be clearly distinguished from the vast majority of extensions which can be safely ignored.  This promotes interoperability by eliminating the need for implementers to prohibit the presence of extensions. For further information, see the [definition of modifier extensions](http://hl7.org/fhir/R4/extensibility.html#modifierExtension).","","","","","","","",,,,,"",,,,"BackboneElement.modifierExtension",0,*,"","ele-1:All FHIR elements must have a @value or children {hasValue() or (children().count() > id.count())}
ext-1:Must have either extensions or value[x], not both {extension.exists() != value.exists()}"
"dnpm-lm-patient-record.diagnoses.staging.history.date","dnpm-lm-patient-record.diagnoses.staging.history.date","","","",0,1,"","","","string {[]} {[]}
","Staging date","Staging date","","","","","","","","","",,,,,"",,,,"dnpm-lm-patient-record.diagnoses.staging.history.date",0,1,"",""
"dnpm-lm-patient-record.diagnoses.staging.history.method","dnpm-lm-patient-record.diagnoses.staging.history.method","","","",0,1,"","","","BackboneElement {[]} {[]}
","Staging method","Staging method","","","","","","","","","",,,,,"",,,,"dnpm-lm-patient-record.diagnoses.staging.history.method",0,1,"","ele-1:All FHIR elements must have a @value or children {hasValue() or (children().count() > id.count())}
"
"dnpm-lm-patient-record.diagnoses.staging.history.method.id","dnpm-lm-patient-record.diagnoses.staging.history.method.id","","","",0,1,"","","","string {[]} {[]}
","Unique id for inter-element referencing","Unique id for the element within a resource (for internal references). This may be any string value that does not contain spaces.","","","","","","","","","",,,,,"",,,,"Element.id",0,1,"",""
"dnpm-lm-patient-record.diagnoses.staging.history.method.extension","dnpm-lm-patient-record.diagnoses.staging.history.method.extension","","extensions
user content","",0,*,"","","","Extension {[]} {[]}
","Additional content defined by implementations","May be used to represent additional information that is not part of the basic definition of the element. To make the use of extensions safe and manageable, there is a strict set of governance  applied to the definition and use of extensions. Though any implementer can define an extension, there is a set of requirements that SHALL be met as part of the definition of the extension.","There can be no stigma associated with the use of extensions by any application, project, or standard - regardless of the institution or jurisdiction that uses or defines the extensions.  The use of extensions is what allows the FHIR specification to retain a core level of simplicity for everyone.","","","","","","","","",,,,,"","value:url}
","Extensions are always sliced by (at least) url",,"open","Element.extension",0,*,"","ele-1:All FHIR elements must have a @value or children {hasValue() or (children().count() > id.count())}
ext-1:Must have either extensions or value[x], not both {extension.exists() != value.exists()}"
"dnpm-lm-patient-record.diagnoses.staging.history.method.modifierExtension","dnpm-lm-patient-record.diagnoses.staging.history.method.modifierExtension","","extensions
user contentmodifiers","",0,*,"","Y","Y","Extension {[]} {[]}
","Extensions that cannot be ignored even if unrecognized","May be used to represent additional information that is not part of the basic definition of the element and that modifies the understanding of the element in which it is contained and/or the understanding of the containing element's descendants. Usually modifier elements provide negation or qualification. To make the use of extensions safe and manageable, there is a strict set of governance applied to the definition and use of extensions. Though any implementer can define an extension, there is a set of requirements that SHALL be met as part of the definition of the extension. Applications processing a resource are required to check for modifier extensions.

Modifier extensions SHALL NOT change the meaning of any elements on Resource or DomainResource (including cannot change the meaning of modifierExtension itself).","There can be no stigma associated with the use of extensions by any application, project, or standard - regardless of the institution or jurisdiction that uses or defines the extensions.  The use of extensions is what allows the FHIR specification to retain a core level of simplicity for everyone.","Modifier extensions allow for extensions that *cannot* be safely ignored to be clearly distinguished from the vast majority of extensions which can be safely ignored.  This promotes interoperability by eliminating the need for implementers to prohibit the presence of extensions. For further information, see the [definition of modifier extensions](http://hl7.org/fhir/R4/extensibility.html#modifierExtension).","","","","","","","",,,,,"",,,,"BackboneElement.modifierExtension",0,*,"","ele-1:All FHIR elements must have a @value or children {hasValue() or (children().count() > id.count())}
ext-1:Must have either extensions or value[x], not both {extension.exists() != value.exists()}"
"dnpm-lm-patient-record.diagnoses.staging.history.method.code","dnpm-lm-patient-record.diagnoses.staging.history.method.code","","","",1,1,"","","","string {[]} {[]}
","Method code (e.g. clinical)","Method code (e.g. clinical)","","","","","","","","","",,,,,"",,,,"dnpm-lm-patient-record.diagnoses.staging.history.method.code",1,1,"",""
"dnpm-lm-patient-record.diagnoses.staging.history.method.system","dnpm-lm-patient-record.diagnoses.staging.history.method.system","","","",1,1,"","","","string {[]} {[]}
","Method system URI","Method system URI","","","","","","","","","",,,,,"",,,,"dnpm-lm-patient-record.diagnoses.staging.history.method.system",1,1,"",""
"dnpm-lm-patient-record.diagnoses.staging.history.tnmClassification","dnpm-lm-patient-record.diagnoses.staging.history.tnmClassification","","","",0,1,"","","","BackboneElement {[]} {[]}
","TNM classification","TNM classification","","","","","","","","","",,,,,"",,,,"dnpm-lm-patient-record.diagnoses.staging.history.tnmClassification",0,1,"","ele-1:All FHIR elements must have a @value or children {hasValue() or (children().count() > id.count())}
"
"dnpm-lm-patient-record.diagnoses.staging.history.tnmClassification.id","dnpm-lm-patient-record.diagnoses.staging.history.tnmClassification.id","","","",0,1,"","","","string {[]} {[]}
","Unique id for inter-element referencing","Unique id for the element within a resource (for internal references). This may be any string value that does not contain spaces.","","","","","","","","","",,,,,"",,,,"Element.id",0,1,"",""
"dnpm-lm-patient-record.diagnoses.staging.history.tnmClassification.extension","dnpm-lm-patient-record.diagnoses.staging.history.tnmClassification.extension","","extensions
user content","",0,*,"","","","Extension {[]} {[]}
","Additional content defined by implementations","May be used to represent additional information that is not part of the basic definition of the element. To make the use of extensions safe and manageable, there is a strict set of governance  applied to the definition and use of extensions. Though any implementer can define an extension, there is a set of requirements that SHALL be met as part of the definition of the extension.","There can be no stigma associated with the use of extensions by any application, project, or standard - regardless of the institution or jurisdiction that uses or defines the extensions.  The use of extensions is what allows the FHIR specification to retain a core level of simplicity for everyone.","","","","","","","","",,,,,"","value:url}
","Extensions are always sliced by (at least) url",,"open","Element.extension",0,*,"","ele-1:All FHIR elements must have a @value or children {hasValue() or (children().count() > id.count())}
ext-1:Must have either extensions or value[x], not both {extension.exists() != value.exists()}"
"dnpm-lm-patient-record.diagnoses.staging.history.tnmClassification.modifierExtension","dnpm-lm-patient-record.diagnoses.staging.history.tnmClassification.modifierExtension","","extensions
user contentmodifiers","",0,*,"","Y","Y","Extension {[]} {[]}
","Extensions that cannot be ignored even if unrecognized","May be used to represent additional information that is not part of the basic definition of the element and that modifies the understanding of the element in which it is contained and/or the understanding of the containing element's descendants. Usually modifier elements provide negation or qualification. To make the use of extensions safe and manageable, there is a strict set of governance applied to the definition and use of extensions. Though any implementer can define an extension, there is a set of requirements that SHALL be met as part of the definition of the extension. Applications processing a resource are required to check for modifier extensions.

Modifier extensions SHALL NOT change the meaning of any elements on Resource or DomainResource (including cannot change the meaning of modifierExtension itself).","There can be no stigma associated with the use of extensions by any application, project, or standard - regardless of the institution or jurisdiction that uses or defines the extensions.  The use of extensions is what allows the FHIR specification to retain a core level of simplicity for everyone.","Modifier extensions allow for extensions that *cannot* be safely ignored to be clearly distinguished from the vast majority of extensions which can be safely ignored.  This promotes interoperability by eliminating the need for implementers to prohibit the presence of extensions. For further information, see the [definition of modifier extensions](http://hl7.org/fhir/R4/extensibility.html#modifierExtension).","","","","","","","",,,,,"",,,,"BackboneElement.modifierExtension",0,*,"","ele-1:All FHIR elements must have a @value or children {hasValue() or (children().count() > id.count())}
ext-1:Must have either extensions or value[x], not both {extension.exists() != value.exists()}"
"dnpm-lm-patient-record.diagnoses.staging.history.tnmClassification.tumor","dnpm-lm-patient-record.diagnoses.staging.history.tnmClassification.tumor","","","",0,1,"","","","BackboneElement {[]} {[]}
","T category","T category","","","","","","","","","",,,,,"",,,,"dnpm-lm-patient-record.diagnoses.staging.history.tnmClassification.tumor",0,1,"","ele-1:All FHIR elements must have a @value or children {hasValue() or (children().count() > id.count())}
"
"dnpm-lm-patient-record.diagnoses.staging.history.tnmClassification.tumor.id","dnpm-lm-patient-record.diagnoses.staging.history.tnmClassification.tumor.id","","","",0,1,"","","","string {[]} {[]}
","Unique id for inter-element referencing","Unique id for the element within a resource (for internal references). This may be any string value that does not contain spaces.","","","","","","","","","",,,,,"",,,,"Element.id",0,1,"",""
"dnpm-lm-patient-record.diagnoses.staging.history.tnmClassification.tumor.extension","dnpm-lm-patient-record.diagnoses.staging.history.tnmClassification.tumor.extension","","extensions
user content","",0,*,"","","","Extension {[]} {[]}
","Additional content defined by implementations","May be used to represent additional information that is not part of the basic definition of the element. To make the use of extensions safe and manageable, there is a strict set of governance  applied to the definition and use of extensions. Though any implementer can define an extension, there is a set of requirements that SHALL be met as part of the definition of the extension.","There can be no stigma associated with the use of extensions by any application, project, or standard - regardless of the institution or jurisdiction that uses or defines the extensions.  The use of extensions is what allows the FHIR specification to retain a core level of simplicity for everyone.","","","","","","","","",,,,,"","value:url}
","Extensions are always sliced by (at least) url",,"open","Element.extension",0,*,"","ele-1:All FHIR elements must have a @value or children {hasValue() or (children().count() > id.count())}
ext-1:Must have either extensions or value[x], not both {extension.exists() != value.exists()}"
"dnpm-lm-patient-record.diagnoses.staging.history.tnmClassification.tumor.modifierExtension","dnpm-lm-patient-record.diagnoses.staging.history.tnmClassification.tumor.modifierExtension","","extensions
user contentmodifiers","",0,*,"","Y","Y","Extension {[]} {[]}
","Extensions that cannot be ignored even if unrecognized","May be used to represent additional information that is not part of the basic definition of the element and that modifies the understanding of the element in which it is contained and/or the understanding of the containing element's descendants. Usually modifier elements provide negation or qualification. To make the use of extensions safe and manageable, there is a strict set of governance applied to the definition and use of extensions. Though any implementer can define an extension, there is a set of requirements that SHALL be met as part of the definition of the extension. Applications processing a resource are required to check for modifier extensions.

Modifier extensions SHALL NOT change the meaning of any elements on Resource or DomainResource (including cannot change the meaning of modifierExtension itself).","There can be no stigma associated with the use of extensions by any application, project, or standard - regardless of the institution or jurisdiction that uses or defines the extensions.  The use of extensions is what allows the FHIR specification to retain a core level of simplicity for everyone.","Modifier extensions allow for extensions that *cannot* be safely ignored to be clearly distinguished from the vast majority of extensions which can be safely ignored.  This promotes interoperability by eliminating the need for implementers to prohibit the presence of extensions. For further information, see the [definition of modifier extensions](http://hl7.org/fhir/R4/extensibility.html#modifierExtension).","","","","","","","",,,,,"",,,,"BackboneElement.modifierExtension",0,*,"","ele-1:All FHIR elements must have a @value or children {hasValue() or (children().count() > id.count())}
ext-1:Must have either extensions or value[x], not both {extension.exists() != value.exists()}"
"dnpm-lm-patient-record.diagnoses.staging.history.tnmClassification.tumor.code","dnpm-lm-patient-record.diagnoses.staging.history.tnmClassification.tumor.code","","","",1,1,"","","","string {[]} {[]}
","T code (e.g. T0)","T code (e.g. T0)","","","","","","","","","",,,,,"",,,,"dnpm-lm-patient-record.diagnoses.staging.history.tnmClassification.tumor.code",1,1,"",""
"dnpm-lm-patient-record.diagnoses.staging.history.tnmClassification.tumor.system","dnpm-lm-patient-record.diagnoses.staging.history.tnmClassification.tumor.system","","","",1,1,"","","","string {[]} {[]}
","TNM system (UICC)","TNM system (UICC)","","","","","","","","","",,,,,"",,,,"dnpm-lm-patient-record.diagnoses.staging.history.tnmClassification.tumor.system",1,1,"",""
"dnpm-lm-patient-record.diagnoses.staging.history.tnmClassification.nodes","dnpm-lm-patient-record.diagnoses.staging.history.tnmClassification.nodes","","","",0,1,"","","","BackboneElement {[]} {[]}
","N category","N category","","","","","","","","","",,,,,"",,,,"dnpm-lm-patient-record.diagnoses.staging.history.tnmClassification.nodes",0,1,"","ele-1:All FHIR elements must have a @value or children {hasValue() or (children().count() > id.count())}
"
"dnpm-lm-patient-record.diagnoses.staging.history.tnmClassification.nodes.id","dnpm-lm-patient-record.diagnoses.staging.history.tnmClassification.nodes.id","","","",0,1,"","","","string {[]} {[]}
","Unique id for inter-element referencing","Unique id for the element within a resource (for internal references). This may be any string value that does not contain spaces.","","","","","","","","","",,,,,"",,,,"Element.id",0,1,"",""
"dnpm-lm-patient-record.diagnoses.staging.history.tnmClassification.nodes.extension","dnpm-lm-patient-record.diagnoses.staging.history.tnmClassification.nodes.extension","","extensions
user content","",0,*,"","","","Extension {[]} {[]}
","Additional content defined by implementations","May be used to represent additional information that is not part of the basic definition of the element. To make the use of extensions safe and manageable, there is a strict set of governance  applied to the definition and use of extensions. Though any implementer can define an extension, there is a set of requirements that SHALL be met as part of the definition of the extension.","There can be no stigma associated with the use of extensions by any application, project, or standard - regardless of the institution or jurisdiction that uses or defines the extensions.  The use of extensions is what allows the FHIR specification to retain a core level of simplicity for everyone.","","","","","","","","",,,,,"","value:url}
","Extensions are always sliced by (at least) url",,"open","Element.extension",0,*,"","ele-1:All FHIR elements must have a @value or children {hasValue() or (children().count() > id.count())}
ext-1:Must have either extensions or value[x], not both {extension.exists() != value.exists()}"
"dnpm-lm-patient-record.diagnoses.staging.history.tnmClassification.nodes.modifierExtension","dnpm-lm-patient-record.diagnoses.staging.history.tnmClassification.nodes.modifierExtension","","extensions
user contentmodifiers","",0,*,"","Y","Y","Extension {[]} {[]}
","Extensions that cannot be ignored even if unrecognized","May be used to represent additional information that is not part of the basic definition of the element and that modifies the understanding of the element in which it is contained and/or the understanding of the containing element's descendants. Usually modifier elements provide negation or qualification. To make the use of extensions safe and manageable, there is a strict set of governance applied to the definition and use of extensions. Though any implementer can define an extension, there is a set of requirements that SHALL be met as part of the definition of the extension. Applications processing a resource are required to check for modifier extensions.

Modifier extensions SHALL NOT change the meaning of any elements on Resource or DomainResource (including cannot change the meaning of modifierExtension itself).","There can be no stigma associated with the use of extensions by any application, project, or standard - regardless of the institution or jurisdiction that uses or defines the extensions.  The use of extensions is what allows the FHIR specification to retain a core level of simplicity for everyone.","Modifier extensions allow for extensions that *cannot* be safely ignored to be clearly distinguished from the vast majority of extensions which can be safely ignored.  This promotes interoperability by eliminating the need for implementers to prohibit the presence of extensions. For further information, see the [definition of modifier extensions](http://hl7.org/fhir/R4/extensibility.html#modifierExtension).","","","","","","","",,,,,"",,,,"BackboneElement.modifierExtension",0,*,"","ele-1:All FHIR elements must have a @value or children {hasValue() or (children().count() > id.count())}
ext-1:Must have either extensions or value[x], not both {extension.exists() != value.exists()}"
"dnpm-lm-patient-record.diagnoses.staging.history.tnmClassification.nodes.code","dnpm-lm-patient-record.diagnoses.staging.history.tnmClassification.nodes.code","","","",1,1,"","","","string {[]} {[]}
","N code (e.g. N2)","N code (e.g. N2)","","","","","","","","","",,,,,"",,,,"dnpm-lm-patient-record.diagnoses.staging.history.tnmClassification.nodes.code",1,1,"",""
"dnpm-lm-patient-record.diagnoses.staging.history.tnmClassification.nodes.system","dnpm-lm-patient-record.diagnoses.staging.history.tnmClassification.nodes.system","","","",1,1,"","","","string {[]} {[]}
","TNM system (UICC)","TNM system (UICC)","","","","","","","","","",,,,,"",,,,"dnpm-lm-patient-record.diagnoses.staging.history.tnmClassification.nodes.system",1,1,"",""
"dnpm-lm-patient-record.diagnoses.staging.history.tnmClassification.metastasis","dnpm-lm-patient-record.diagnoses.staging.history.tnmClassification.metastasis","","","",0,1,"","","","BackboneElement {[]} {[]}
","M category","M category","","","","","","","","","",,,,,"",,,,"dnpm-lm-patient-record.diagnoses.staging.history.tnmClassification.metastasis",0,1,"","ele-1:All FHIR elements must have a @value or children {hasValue() or (children().count() > id.count())}
"
"dnpm-lm-patient-record.diagnoses.staging.history.tnmClassification.metastasis.id","dnpm-lm-patient-record.diagnoses.staging.history.tnmClassification.metastasis.id","","","",0,1,"","","","string {[]} {[]}
","Unique id for inter-element referencing","Unique id for the element within a resource (for internal references). This may be any string value that does not contain spaces.","","","","","","","","","",,,,,"",,,,"Element.id",0,1,"",""
"dnpm-lm-patient-record.diagnoses.staging.history.tnmClassification.metastasis.extension","dnpm-lm-patient-record.diagnoses.staging.history.tnmClassification.metastasis.extension","","extensions
user content","",0,*,"","","","Extension {[]} {[]}
","Additional content defined by implementations","May be used to represent additional information that is not part of the basic definition of the element. To make the use of extensions safe and manageable, there is a strict set of governance  applied to the definition and use of extensions. Though any implementer can define an extension, there is a set of requirements that SHALL be met as part of the definition of the extension.","There can be no stigma associated with the use of extensions by any application, project, or standard - regardless of the institution or jurisdiction that uses or defines the extensions.  The use of extensions is what allows the FHIR specification to retain a core level of simplicity for everyone.","","","","","","","","",,,,,"","value:url}
","Extensions are always sliced by (at least) url",,"open","Element.extension",0,*,"","ele-1:All FHIR elements must have a @value or children {hasValue() or (children().count() > id.count())}
ext-1:Must have either extensions or value[x], not both {extension.exists() != value.exists()}"
"dnpm-lm-patient-record.diagnoses.staging.history.tnmClassification.metastasis.modifierExtension","dnpm-lm-patient-record.diagnoses.staging.history.tnmClassification.metastasis.modifierExtension","","extensions
user contentmodifiers","",0,*,"","Y","Y","Extension {[]} {[]}
","Extensions that cannot be ignored even if unrecognized","May be used to represent additional information that is not part of the basic definition of the element and that modifies the understanding of the element in which it is contained and/or the understanding of the containing element's descendants. Usually modifier elements provide negation or qualification. To make the use of extensions safe and manageable, there is a strict set of governance applied to the definition and use of extensions. Though any implementer can define an extension, there is a set of requirements that SHALL be met as part of the definition of the extension. Applications processing a resource are required to check for modifier extensions.

Modifier extensions SHALL NOT change the meaning of any elements on Resource or DomainResource (including cannot change the meaning of modifierExtension itself).","There can be no stigma associated with the use of extensions by any application, project, or standard - regardless of the institution or jurisdiction that uses or defines the extensions.  The use of extensions is what allows the FHIR specification to retain a core level of simplicity for everyone.","Modifier extensions allow for extensions that *cannot* be safely ignored to be clearly distinguished from the vast majority of extensions which can be safely ignored.  This promotes interoperability by eliminating the need for implementers to prohibit the presence of extensions. For further information, see the [definition of modifier extensions](http://hl7.org/fhir/R4/extensibility.html#modifierExtension).","","","","","","","",,,,,"",,,,"BackboneElement.modifierExtension",0,*,"","ele-1:All FHIR elements must have a @value or children {hasValue() or (children().count() > id.count())}
ext-1:Must have either extensions or value[x], not both {extension.exists() != value.exists()}"
"dnpm-lm-patient-record.diagnoses.staging.history.tnmClassification.metastasis.code","dnpm-lm-patient-record.diagnoses.staging.history.tnmClassification.metastasis.code","","","",1,1,"","","","string {[]} {[]}
","M code (e.g. M0)","M code (e.g. M0)","","","","","","","","","",,,,,"",,,,"dnpm-lm-patient-record.diagnoses.staging.history.tnmClassification.metastasis.code",1,1,"",""
"dnpm-lm-patient-record.diagnoses.staging.history.tnmClassification.metastasis.system","dnpm-lm-patient-record.diagnoses.staging.history.tnmClassification.metastasis.system","","","",1,1,"","","","string {[]} {[]}
","TNM system (UICC)","TNM system (UICC)","","","","","","","","","",,,,,"",,,,"dnpm-lm-patient-record.diagnoses.staging.history.tnmClassification.metastasis.system",1,1,"",""
"dnpm-lm-patient-record.diagnoses.staging.history.otherClassifications","dnpm-lm-patient-record.diagnoses.staging.history.otherClassifications","","","",0,*,"","","","BackboneElement {[]} {[]}
","Other classification systems","Other classification systems","","","","","","","","","",,,,,"",,,,"dnpm-lm-patient-record.diagnoses.staging.history.otherClassifications",0,*,"","ele-1:All FHIR elements must have a @value or children {hasValue() or (children().count() > id.count())}
"
"dnpm-lm-patient-record.diagnoses.staging.history.otherClassifications.id","dnpm-lm-patient-record.diagnoses.staging.history.otherClassifications.id","","","",0,1,"","","","string {[]} {[]}
","Unique id for inter-element referencing","Unique id for the element within a resource (for internal references). This may be any string value that does not contain spaces.","","","","","","","","","",,,,,"",,,,"Element.id",0,1,"",""
"dnpm-lm-patient-record.diagnoses.staging.history.otherClassifications.extension","dnpm-lm-patient-record.diagnoses.staging.history.otherClassifications.extension","","extensions
user content","",0,*,"","","","Extension {[]} {[]}
","Additional content defined by implementations","May be used to represent additional information that is not part of the basic definition of the element. To make the use of extensions safe and manageable, there is a strict set of governance  applied to the definition and use of extensions. Though any implementer can define an extension, there is a set of requirements that SHALL be met as part of the definition of the extension.","There can be no stigma associated with the use of extensions by any application, project, or standard - regardless of the institution or jurisdiction that uses or defines the extensions.  The use of extensions is what allows the FHIR specification to retain a core level of simplicity for everyone.","","","","","","","","",,,,,"","value:url}
","Extensions are always sliced by (at least) url",,"open","Element.extension",0,*,"","ele-1:All FHIR elements must have a @value or children {hasValue() or (children().count() > id.count())}
ext-1:Must have either extensions or value[x], not both {extension.exists() != value.exists()}"
"dnpm-lm-patient-record.diagnoses.staging.history.otherClassifications.modifierExtension","dnpm-lm-patient-record.diagnoses.staging.history.otherClassifications.modifierExtension","","extensions
user contentmodifiers","",0,*,"","Y","Y","Extension {[]} {[]}
","Extensions that cannot be ignored even if unrecognized","May be used to represent additional information that is not part of the basic definition of the element and that modifies the understanding of the element in which it is contained and/or the understanding of the containing element's descendants. Usually modifier elements provide negation or qualification. To make the use of extensions safe and manageable, there is a strict set of governance applied to the definition and use of extensions. Though any implementer can define an extension, there is a set of requirements that SHALL be met as part of the definition of the extension. Applications processing a resource are required to check for modifier extensions.

Modifier extensions SHALL NOT change the meaning of any elements on Resource or DomainResource (including cannot change the meaning of modifierExtension itself).","There can be no stigma associated with the use of extensions by any application, project, or standard - regardless of the institution or jurisdiction that uses or defines the extensions.  The use of extensions is what allows the FHIR specification to retain a core level of simplicity for everyone.","Modifier extensions allow for extensions that *cannot* be safely ignored to be clearly distinguished from the vast majority of extensions which can be safely ignored.  This promotes interoperability by eliminating the need for implementers to prohibit the presence of extensions. For further information, see the [definition of modifier extensions](http://hl7.org/fhir/R4/extensibility.html#modifierExtension).","","","","","","","",,,,,"",,,,"BackboneElement.modifierExtension",0,*,"","ele-1:All FHIR elements must have a @value or children {hasValue() or (children().count() > id.count())}
ext-1:Must have either extensions or value[x], not both {extension.exists() != value.exists()}"
"dnpm-lm-patient-record.diagnoses.staging.history.otherClassifications.code","dnpm-lm-patient-record.diagnoses.staging.history.otherClassifications.code","","","",1,1,"","","","string {[]} {[]}
","Classification code","Classification code","","","","","","","","","",,,,,"",,,,"dnpm-lm-patient-record.diagnoses.staging.history.otherClassifications.code",1,1,"",""
"dnpm-lm-patient-record.diagnoses.staging.history.otherClassifications.display","dnpm-lm-patient-record.diagnoses.staging.history.otherClassifications.display","","","",0,1,"","","","string {[]} {[]}
","Classification display","Classification display","","","","","","","","","",,,,,"",,,,"dnpm-lm-patient-record.diagnoses.staging.history.otherClassifications.display",0,1,"",""
"dnpm-lm-patient-record.diagnoses.staging.history.otherClassifications.system","dnpm-lm-patient-record.diagnoses.staging.history.otherClassifications.system","","","",1,1,"","","","string {[]} {[]}
","Classification system URI","Classification system URI","","","","","","","","","",,,,,"",,,,"dnpm-lm-patient-record.diagnoses.staging.history.otherClassifications.system",1,1,"",""
"dnpm-lm-patient-record.diagnoses.guidelineTreatmentStatus","dnpm-lm-patient-record.diagnoses.guidelineTreatmentStatus","","","",0,1,"","","","BackboneElement {[]} {[]}
","Guideline treatment exhaustion status","Guideline treatment exhaustion status","","","","","","","","","",,,,,"",,,,"dnpm-lm-patient-record.diagnoses.guidelineTreatmentStatus",0,1,"","ele-1:All FHIR elements must have a @value or children {hasValue() or (children().count() > id.count())}
","MTB: Condition.extension(Leitlinienbehandlung-Status)"
"dnpm-lm-patient-record.diagnoses.guidelineTreatmentStatus.id","dnpm-lm-patient-record.diagnoses.guidelineTreatmentStatus.id","","","",0,1,"","","","string {[]} {[]}
","Unique id for inter-element referencing","Unique id for the element within a resource (for internal references). This may be any string value that does not contain spaces.","","","","","","","","","",,,,,"",,,,"Element.id",0,1,"",""
"dnpm-lm-patient-record.diagnoses.guidelineTreatmentStatus.extension","dnpm-lm-patient-record.diagnoses.guidelineTreatmentStatus.extension","","extensions
user content","",0,*,"","","","Extension {[]} {[]}
","Additional content defined by implementations","May be used to represent additional information that is not part of the basic definition of the element. To make the use of extensions safe and manageable, there is a strict set of governance  applied to the definition and use of extensions. Though any implementer can define an extension, there is a set of requirements that SHALL be met as part of the definition of the extension.","There can be no stigma associated with the use of extensions by any application, project, or standard - regardless of the institution or jurisdiction that uses or defines the extensions.  The use of extensions is what allows the FHIR specification to retain a core level of simplicity for everyone.","","","","","","","","",,,,,"","value:url}
","Extensions are always sliced by (at least) url",,"open","Element.extension",0,*,"","ele-1:All FHIR elements must have a @value or children {hasValue() or (children().count() > id.count())}
ext-1:Must have either extensions or value[x], not both {extension.exists() != value.exists()}"
"dnpm-lm-patient-record.diagnoses.guidelineTreatmentStatus.modifierExtension","dnpm-lm-patient-record.diagnoses.guidelineTreatmentStatus.modifierExtension","","extensions
user contentmodifiers","",0,*,"","Y","Y","Extension {[]} {[]}
","Extensions that cannot be ignored even if unrecognized","May be used to represent additional information that is not part of the basic definition of the element and that modifies the understanding of the element in which it is contained and/or the understanding of the containing element's descendants. Usually modifier elements provide negation or qualification. To make the use of extensions safe and manageable, there is a strict set of governance applied to the definition and use of extensions. Though any implementer can define an extension, there is a set of requirements that SHALL be met as part of the definition of the extension. Applications processing a resource are required to check for modifier extensions.

Modifier extensions SHALL NOT change the meaning of any elements on Resource or DomainResource (including cannot change the meaning of modifierExtension itself).","There can be no stigma associated with the use of extensions by any application, project, or standard - regardless of the institution or jurisdiction that uses or defines the extensions.  The use of extensions is what allows the FHIR specification to retain a core level of simplicity for everyone.","Modifier extensions allow for extensions that *cannot* be safely ignored to be clearly distinguished from the vast majority of extensions which can be safely ignored.  This promotes interoperability by eliminating the need for implementers to prohibit the presence of extensions. For further information, see the [definition of modifier extensions](http://hl7.org/fhir/R4/extensibility.html#modifierExtension).","","","","","","","",,,,,"",,,,"BackboneElement.modifierExtension",0,*,"","ele-1:All FHIR elements must have a @value or children {hasValue() or (children().count() > id.count())}
ext-1:Must have either extensions or value[x], not both {extension.exists() != value.exists()}"
"dnpm-lm-patient-record.diagnoses.guidelineTreatmentStatus.code","dnpm-lm-patient-record.diagnoses.guidelineTreatmentStatus.code","","","",1,1,"","","","string {[]} {[]}
","Status code (e.g. non-exhausted)","Status code (e.g. non-exhausted)","","","","","","","","","",,,,,"",,,,"dnpm-lm-patient-record.diagnoses.guidelineTreatmentStatus.code",1,1,"",""
"dnpm-lm-patient-record.diagnoses.guidelineTreatmentStatus.display","dnpm-lm-patient-record.diagnoses.guidelineTreatmentStatus.display","","","",0,1,"","","","string {[]} {[]}
","Status display","Status display","","","","","","","","","",,,,,"",,,,"dnpm-lm-patient-record.diagnoses.guidelineTreatmentStatus.display",0,1,"",""
"dnpm-lm-patient-record.diagnoses.guidelineTreatmentStatus.system","dnpm-lm-patient-record.diagnoses.guidelineTreatmentStatus.system","","","",1,1,"","","","string {[]} {[]}
","Status system URI","Status system URI","","","","","","","","","",,,,,"",,,,"dnpm-lm-patient-record.diagnoses.guidelineTreatmentStatus.system",1,1,"",""
"dnpm-lm-patient-record.diagnoses.histology","dnpm-lm-patient-record.diagnoses.histology","","","",0,*,"","","","BackboneElement {[]} {[]}
","Histology report references","Histology report references","","","","","","","","","",,,,,"",,,,"dnpm-lm-patient-record.diagnoses.histology",0,*,"","ele-1:All FHIR elements must have a @value or children {hasValue() or (children().count() > id.count())}
","Pathologie: DiagnosticReport"
"dnpm-lm-patient-record.diagnoses.histology.id","dnpm-lm-patient-record.diagnoses.histology.id","","","",1,1,"","","","string {[]} {[]}
","Histology report ID","Histology report ID","","","","","","","","","",,,,,"",,,,"Element.id",0,1,"",""
"dnpm-lm-patient-record.diagnoses.histology.extension","dnpm-lm-patient-record.diagnoses.histology.extension","","extensions
user content","",0,*,"","","","Extension {[]} {[]}
","Additional content defined by implementations","May be used to represent additional information that is not part of the basic definition of the element. To make the use of extensions safe and manageable, there is a strict set of governance  applied to the definition and use of extensions. Though any implementer can define an extension, there is a set of requirements that SHALL be met as part of the definition of the extension.","There can be no stigma associated with the use of extensions by any application, project, or standard - regardless of the institution or jurisdiction that uses or defines the extensions.  The use of extensions is what allows the FHIR specification to retain a core level of simplicity for everyone.","","","","","","","","",,,,,"","value:url}
","Extensions are always sliced by (at least) url",,"open","Element.extension",0,*,"","ele-1:All FHIR elements must have a @value or children {hasValue() or (children().count() > id.count())}
ext-1:Must have either extensions or value[x], not both {extension.exists() != value.exists()}"
"dnpm-lm-patient-record.diagnoses.histology.modifierExtension","dnpm-lm-patient-record.diagnoses.histology.modifierExtension","","extensions
user contentmodifiers","",0,*,"","Y","Y","Extension {[]} {[]}
","Extensions that cannot be ignored even if unrecognized","May be used to represent additional information that is not part of the basic definition of the element and that modifies the understanding of the element in which it is contained and/or the understanding of the containing element's descendants. Usually modifier elements provide negation or qualification. To make the use of extensions safe and manageable, there is a strict set of governance applied to the definition and use of extensions. Though any implementer can define an extension, there is a set of requirements that SHALL be met as part of the definition of the extension. Applications processing a resource are required to check for modifier extensions.

Modifier extensions SHALL NOT change the meaning of any elements on Resource or DomainResource (including cannot change the meaning of modifierExtension itself).","There can be no stigma associated with the use of extensions by any application, project, or standard - regardless of the institution or jurisdiction that uses or defines the extensions.  The use of extensions is what allows the FHIR specification to retain a core level of simplicity for everyone.","Modifier extensions allow for extensions that *cannot* be safely ignored to be clearly distinguished from the vast majority of extensions which can be safely ignored.  This promotes interoperability by eliminating the need for implementers to prohibit the presence of extensions. For further information, see the [definition of modifier extensions](http://hl7.org/fhir/R4/extensibility.html#modifierExtension).","","","","","","","",,,,,"",,,,"BackboneElement.modifierExtension",0,*,"","ele-1:All FHIR elements must have a @value or children {hasValue() or (children().count() > id.count())}
ext-1:Must have either extensions or value[x], not both {extension.exists() != value.exists()}"
"dnpm-lm-patient-record.diagnoses.histology.type","dnpm-lm-patient-record.diagnoses.histology.type","","","",1,1,"","","","string {[]} {[]}
","Reference type (HistologyReport)","Reference type (HistologyReport)","","","","","","","","","",,,,,"",,,,"dnpm-lm-patient-record.diagnoses.histology.type",1,1,"",""
"dnpm-lm-patient-record.diagnoses.notes","dnpm-lm-patient-record.diagnoses.notes","","","",0,*,"","","","string {[]} {[]}
","Free-text clinical notes","Free-text clinical notes","","","","","","","","","",,,,,"",,,,"dnpm-lm-patient-record.diagnoses.notes",0,*,"",""
"dnpm-lm-patient-record.familyMemberHistories","dnpm-lm-patient-record.familyMemberHistories","","","",0,*,"","","","BackboneElement {[]} {[]}
","Family member cancer history entries","Family member cancer history entries","","","","","","","","","",,,,,"",,,,"dnpm-lm-patient-record.familyMemberHistories",0,*,"","ele-1:All FHIR elements must have a @value or children {hasValue() or (children().count() > id.count())}
","Mol.gen: FamilyMemberHistory"
"dnpm-lm-patient-record.familyMemberHistories.id","dnpm-lm-patient-record.familyMemberHistories.id","","","",1,1,"","","","string {[]} {[]}
","Family member history UUID","Family member history UUID","","","","","","","","","",,,,,"",,,,"Element.id",0,1,"","","Mol.gen: FamilyMemberHistory.identifier"
"dnpm-lm-patient-record.familyMemberHistories.extension","dnpm-lm-patient-record.familyMemberHistories.extension","","extensions
user content","",0,*,"","","","Extension {[]} {[]}
","Additional content defined by implementations","May be used to represent additional information that is not part of the basic definition of the element. To make the use of extensions safe and manageable, there is a strict set of governance  applied to the definition and use of extensions. Though any implementer can define an extension, there is a set of requirements that SHALL be met as part of the definition of the extension.","There can be no stigma associated with the use of extensions by any application, project, or standard - regardless of the institution or jurisdiction that uses or defines the extensions.  The use of extensions is what allows the FHIR specification to retain a core level of simplicity for everyone.","","","","","","","","",,,,,"","value:url}
","Extensions are always sliced by (at least) url",,"open","Element.extension",0,*,"","ele-1:All FHIR elements must have a @value or children {hasValue() or (children().count() > id.count())}
ext-1:Must have either extensions or value[x], not both {extension.exists() != value.exists()}"
"dnpm-lm-patient-record.familyMemberHistories.modifierExtension","dnpm-lm-patient-record.familyMemberHistories.modifierExtension","","extensions
user contentmodifiers","",0,*,"","Y","Y","Extension {[]} {[]}
","Extensions that cannot be ignored even if unrecognized","May be used to represent additional information that is not part of the basic definition of the element and that modifies the understanding of the element in which it is contained and/or the understanding of the containing element's descendants. Usually modifier elements provide negation or qualification. To make the use of extensions safe and manageable, there is a strict set of governance applied to the definition and use of extensions. Though any implementer can define an extension, there is a set of requirements that SHALL be met as part of the definition of the extension. Applications processing a resource are required to check for modifier extensions.

Modifier extensions SHALL NOT change the meaning of any elements on Resource or DomainResource (including cannot change the meaning of modifierExtension itself).","There can be no stigma associated with the use of extensions by any application, project, or standard - regardless of the institution or jurisdiction that uses or defines the extensions.  The use of extensions is what allows the FHIR specification to retain a core level of simplicity for everyone.","Modifier extensions allow for extensions that *cannot* be safely ignored to be clearly distinguished from the vast majority of extensions which can be safely ignored.  This promotes interoperability by eliminating the need for implementers to prohibit the presence of extensions. For further information, see the [definition of modifier extensions](http://hl7.org/fhir/R4/extensibility.html#modifierExtension).","","","","","","","",,,,,"",,,,"BackboneElement.modifierExtension",0,*,"","ele-1:All FHIR elements must have a @value or children {hasValue() or (children().count() > id.count())}
ext-1:Must have either extensions or value[x], not both {extension.exists() != value.exists()}"
"dnpm-lm-patient-record.familyMemberHistories.patient","dnpm-lm-patient-record.familyMemberHistories.patient","","","",1,1,"","","","BackboneElement {[]} {[]}
","Patient reference","Patient reference","","","","","","","","","",,,,,"",,,,"dnpm-lm-patient-record.familyMemberHistories.patient",1,1,"","ele-1:All FHIR elements must have a @value or children {hasValue() or (children().count() > id.count())}
","Mol.gen: FamilyMemberHistory.patient"
"dnpm-lm-patient-record.familyMemberHistories.patient.id","dnpm-lm-patient-record.familyMemberHistories.patient.id","","","",1,1,"","","","string {[]} {[]}
","Patient ID","Patient ID","","","","","","","","","",,,,,"",,,,"Element.id",0,1,"",""
"dnpm-lm-patient-record.familyMemberHistories.patient.extension","dnpm-lm-patient-record.familyMemberHistories.patient.extension","","extensions
user content","",0,*,"","","","Extension {[]} {[]}
","Additional content defined by implementations","May be used to represent additional information that is not part of the basic definition of the element. To make the use of extensions safe and manageable, there is a strict set of governance  applied to the definition and use of extensions. Though any implementer can define an extension, there is a set of requirements that SHALL be met as part of the definition of the extension.","There can be no stigma associated with the use of extensions by any application, project, or standard - regardless of the institution or jurisdiction that uses or defines the extensions.  The use of extensions is what allows the FHIR specification to retain a core level of simplicity for everyone.","","","","","","","","",,,,,"","value:url}
","Extensions are always sliced by (at least) url",,"open","Element.extension",0,*,"","ele-1:All FHIR elements must have a @value or children {hasValue() or (children().count() > id.count())}
ext-1:Must have either extensions or value[x], not both {extension.exists() != value.exists()}"
"dnpm-lm-patient-record.familyMemberHistories.patient.modifierExtension","dnpm-lm-patient-record.familyMemberHistories.patient.modifierExtension","","extensions
user contentmodifiers","",0,*,"","Y","Y","Extension {[]} {[]}
","Extensions that cannot be ignored even if unrecognized","May be used to represent additional information that is not part of the basic definition of the element and that modifies the understanding of the element in which it is contained and/or the understanding of the containing element's descendants. Usually modifier elements provide negation or qualification. To make the use of extensions safe and manageable, there is a strict set of governance applied to the definition and use of extensions. Though any implementer can define an extension, there is a set of requirements that SHALL be met as part of the definition of the extension. Applications processing a resource are required to check for modifier extensions.

Modifier extensions SHALL NOT change the meaning of any elements on Resource or DomainResource (including cannot change the meaning of modifierExtension itself).","There can be no stigma associated with the use of extensions by any application, project, or standard - regardless of the institution or jurisdiction that uses or defines the extensions.  The use of extensions is what allows the FHIR specification to retain a core level of simplicity for everyone.","Modifier extensions allow for extensions that *cannot* be safely ignored to be clearly distinguished from the vast majority of extensions which can be safely ignored.  This promotes interoperability by eliminating the need for implementers to prohibit the presence of extensions. For further information, see the [definition of modifier extensions](http://hl7.org/fhir/R4/extensibility.html#modifierExtension).","","","","","","","",,,,,"",,,,"BackboneElement.modifierExtension",0,*,"","ele-1:All FHIR elements must have a @value or children {hasValue() or (children().count() > id.count())}
ext-1:Must have either extensions or value[x], not both {extension.exists() != value.exists()}"
"dnpm-lm-patient-record.familyMemberHistories.patient.type","dnpm-lm-patient-record.familyMemberHistories.patient.type","","","",1,1,"","","","string {[]} {[]}
","Reference type (Patient)","Reference type (Patient)","","","","","","","","","",,,,,"",,,,"dnpm-lm-patient-record.familyMemberHistories.patient.type",1,1,"",""
"dnpm-lm-patient-record.familyMemberHistories.relationship","dnpm-lm-patient-record.familyMemberHistories.relationship","","","",1,1,"","","","BackboneElement {[]} {[]}
","Family relationship type","Family relationship type","","","","","","","","","",,,,,"",,,,"dnpm-lm-patient-record.familyMemberHistories.relationship",1,1,"","ele-1:All FHIR elements must have a @value or children {hasValue() or (children().count() > id.count())}
","Mol.gen: FamilyMemberHistory.relationship"
"dnpm-lm-patient-record.familyMemberHistories.relationship.id","dnpm-lm-patient-record.familyMemberHistories.relationship.id","","","",0,1,"","","","string {[]} {[]}
","Unique id for inter-element referencing","Unique id for the element within a resource (for internal references). This may be any string value that does not contain spaces.","","","","","","","","","",,,,,"",,,,"Element.id",0,1,"",""
"dnpm-lm-patient-record.familyMemberHistories.relationship.extension","dnpm-lm-patient-record.familyMemberHistories.relationship.extension","","extensions
user content","",0,*,"","","","Extension {[]} {[]}
","Additional content defined by implementations","May be used to represent additional information that is not part of the basic definition of the element. To make the use of extensions safe and manageable, there is a strict set of governance  applied to the definition and use of extensions. Though any implementer can define an extension, there is a set of requirements that SHALL be met as part of the definition of the extension.","There can be no stigma associated with the use of extensions by any application, project, or standard - regardless of the institution or jurisdiction that uses or defines the extensions.  The use of extensions is what allows the FHIR specification to retain a core level of simplicity for everyone.","","","","","","","","",,,,,"","value:url}
","Extensions are always sliced by (at least) url",,"open","Element.extension",0,*,"","ele-1:All FHIR elements must have a @value or children {hasValue() or (children().count() > id.count())}
ext-1:Must have either extensions or value[x], not both {extension.exists() != value.exists()}"
"dnpm-lm-patient-record.familyMemberHistories.relationship.modifierExtension","dnpm-lm-patient-record.familyMemberHistories.relationship.modifierExtension","","extensions
user contentmodifiers","",0,*,"","Y","Y","Extension {[]} {[]}
","Extensions that cannot be ignored even if unrecognized","May be used to represent additional information that is not part of the basic definition of the element and that modifies the understanding of the element in which it is contained and/or the understanding of the containing element's descendants. Usually modifier elements provide negation or qualification. To make the use of extensions safe and manageable, there is a strict set of governance applied to the definition and use of extensions. Though any implementer can define an extension, there is a set of requirements that SHALL be met as part of the definition of the extension. Applications processing a resource are required to check for modifier extensions.

Modifier extensions SHALL NOT change the meaning of any elements on Resource or DomainResource (including cannot change the meaning of modifierExtension itself).","There can be no stigma associated with the use of extensions by any application, project, or standard - regardless of the institution or jurisdiction that uses or defines the extensions.  The use of extensions is what allows the FHIR specification to retain a core level of simplicity for everyone.","Modifier extensions allow for extensions that *cannot* be safely ignored to be clearly distinguished from the vast majority of extensions which can be safely ignored.  This promotes interoperability by eliminating the need for implementers to prohibit the presence of extensions. For further information, see the [definition of modifier extensions](http://hl7.org/fhir/R4/extensibility.html#modifierExtension).","","","","","","","",,,,,"",,,,"BackboneElement.modifierExtension",0,*,"","ele-1:All FHIR elements must have a @value or children {hasValue() or (children().count() > id.count())}
ext-1:Must have either extensions or value[x], not both {extension.exists() != value.exists()}"
"dnpm-lm-patient-record.familyMemberHistories.relationship.code","dnpm-lm-patient-record.familyMemberHistories.relationship.code","","","",1,1,"","","","string {[]} {[]}
","Relationship code","Relationship code","","","","","","","","","",,,,,"",,,,"dnpm-lm-patient-record.familyMemberHistories.relationship.code",1,1,"",""
"dnpm-lm-patient-record.familyMemberHistories.relationship.display","dnpm-lm-patient-record.familyMemberHistories.relationship.display","","","",0,1,"","","","string {[]} {[]}
","Relationship display","Relationship display","","","","","","","","","",,,,,"",,,,"dnpm-lm-patient-record.familyMemberHistories.relationship.display",0,1,"",""
"dnpm-lm-patient-record.familyMemberHistories.relationship.system","dnpm-lm-patient-record.familyMemberHistories.relationship.system","","","",1,1,"","","","string {[]} {[]}
","Relationship system URI","Relationship system URI","","","","","","","","","",,,,,"",,,,"dnpm-lm-patient-record.familyMemberHistories.relationship.system",1,1,"",""
"dnpm-lm-patient-record.guidelineTherapies","dnpm-lm-patient-record.guidelineTherapies","","","",0,*,"","","","BackboneElement {[]} {[]}
","Guideline-based therapy entries","Guideline-based therapy entries","","","","","","","","","",,,,,"",,,,"dnpm-lm-patient-record.guidelineTherapies",0,*,"","ele-1:All FHIR elements must have a @value or children {hasValue() or (children().count() > id.count())}
","MTB: Systemische Vortherapie (MedicationStatement)"
"dnpm-lm-patient-record.guidelineTherapies.id","dnpm-lm-patient-record.guidelineTherapies.id","","","",1,1,"","","","string {[]} {[]}
","Therapy UUID","Therapy UUID","","","","","","","","","",,,,,"",,,,"Element.id",0,1,"","","MTB: MedicationStatement.identifier"
"dnpm-lm-patient-record.guidelineTherapies.extension","dnpm-lm-patient-record.guidelineTherapies.extension","","extensions
user content","",0,*,"","","","Extension {[]} {[]}
","Additional content defined by implementations","May be used to represent additional information that is not part of the basic definition of the element. To make the use of extensions safe and manageable, there is a strict set of governance  applied to the definition and use of extensions. Though any implementer can define an extension, there is a set of requirements that SHALL be met as part of the definition of the extension.","There can be no stigma associated with the use of extensions by any application, project, or standard - regardless of the institution or jurisdiction that uses or defines the extensions.  The use of extensions is what allows the FHIR specification to retain a core level of simplicity for everyone.","","","","","","","","",,,,,"","value:url}
","Extensions are always sliced by (at least) url",,"open","Element.extension",0,*,"","ele-1:All FHIR elements must have a @value or children {hasValue() or (children().count() > id.count())}
ext-1:Must have either extensions or value[x], not both {extension.exists() != value.exists()}"
"dnpm-lm-patient-record.guidelineTherapies.modifierExtension","dnpm-lm-patient-record.guidelineTherapies.modifierExtension","","extensions
user contentmodifiers","",0,*,"","Y","Y","Extension {[]} {[]}
","Extensions that cannot be ignored even if unrecognized","May be used to represent additional information that is not part of the basic definition of the element and that modifies the understanding of the element in which it is contained and/or the understanding of the containing element's descendants. Usually modifier elements provide negation or qualification. To make the use of extensions safe and manageable, there is a strict set of governance applied to the definition and use of extensions. Though any implementer can define an extension, there is a set of requirements that SHALL be met as part of the definition of the extension. Applications processing a resource are required to check for modifier extensions.

Modifier extensions SHALL NOT change the meaning of any elements on Resource or DomainResource (including cannot change the meaning of modifierExtension itself).","There can be no stigma associated with the use of extensions by any application, project, or standard - regardless of the institution or jurisdiction that uses or defines the extensions.  The use of extensions is what allows the FHIR specification to retain a core level of simplicity for everyone.","Modifier extensions allow for extensions that *cannot* be safely ignored to be clearly distinguished from the vast majority of extensions which can be safely ignored.  This promotes interoperability by eliminating the need for implementers to prohibit the presence of extensions. For further information, see the [definition of modifier extensions](http://hl7.org/fhir/R4/extensibility.html#modifierExtension).","","","","","","","",,,,,"",,,,"BackboneElement.modifierExtension",0,*,"","ele-1:All FHIR elements must have a @value or children {hasValue() or (children().count() > id.count())}
ext-1:Must have either extensions or value[x], not both {extension.exists() != value.exists()}"
"dnpm-lm-patient-record.guidelineTherapies.patient","dnpm-lm-patient-record.guidelineTherapies.patient","","","",1,1,"","","","BackboneElement {[]} {[]}
","Patient reference","Patient reference","","","","","","","","","",,,,,"",,,,"dnpm-lm-patient-record.guidelineTherapies.patient",1,1,"","ele-1:All FHIR elements must have a @value or children {hasValue() or (children().count() > id.count())}
","MTB: MedicationStatement.subject"
"dnpm-lm-patient-record.guidelineTherapies.patient.id","dnpm-lm-patient-record.guidelineTherapies.patient.id","","","",1,1,"","","","string {[]} {[]}
","Patient ID","Patient ID","","","","","","","","","",,,,,"",,,,"Element.id",0,1,"",""
"dnpm-lm-patient-record.guidelineTherapies.patient.extension","dnpm-lm-patient-record.guidelineTherapies.patient.extension","","extensions
user content","",0,*,"","","","Extension {[]} {[]}
","Additional content defined by implementations","May be used to represent additional information that is not part of the basic definition of the element. To make the use of extensions safe and manageable, there is a strict set of governance  applied to the definition and use of extensions. Though any implementer can define an extension, there is a set of requirements that SHALL be met as part of the definition of the extension.","There can be no stigma associated with the use of extensions by any application, project, or standard - regardless of the institution or jurisdiction that uses or defines the extensions.  The use of extensions is what allows the FHIR specification to retain a core level of simplicity for everyone.","","","","","","","","",,,,,"","value:url}
","Extensions are always sliced by (at least) url",,"open","Element.extension",0,*,"","ele-1:All FHIR elements must have a @value or children {hasValue() or (children().count() > id.count())}
ext-1:Must have either extensions or value[x], not both {extension.exists() != value.exists()}"
"dnpm-lm-patient-record.guidelineTherapies.patient.modifierExtension","dnpm-lm-patient-record.guidelineTherapies.patient.modifierExtension","","extensions
user contentmodifiers","",0,*,"","Y","Y","Extension {[]} {[]}
","Extensions that cannot be ignored even if unrecognized","May be used to represent additional information that is not part of the basic definition of the element and that modifies the understanding of the element in which it is contained and/or the understanding of the containing element's descendants. Usually modifier elements provide negation or qualification. To make the use of extensions safe and manageable, there is a strict set of governance applied to the definition and use of extensions. Though any implementer can define an extension, there is a set of requirements that SHALL be met as part of the definition of the extension. Applications processing a resource are required to check for modifier extensions.

Modifier extensions SHALL NOT change the meaning of any elements on Resource or DomainResource (including cannot change the meaning of modifierExtension itself).","There can be no stigma associated with the use of extensions by any application, project, or standard - regardless of the institution or jurisdiction that uses or defines the extensions.  The use of extensions is what allows the FHIR specification to retain a core level of simplicity for everyone.","Modifier extensions allow for extensions that *cannot* be safely ignored to be clearly distinguished from the vast majority of extensions which can be safely ignored.  This promotes interoperability by eliminating the need for implementers to prohibit the presence of extensions. For further information, see the [definition of modifier extensions](http://hl7.org/fhir/R4/extensibility.html#modifierExtension).","","","","","","","",,,,,"",,,,"BackboneElement.modifierExtension",0,*,"","ele-1:All FHIR elements must have a @value or children {hasValue() or (children().count() > id.count())}
ext-1:Must have either extensions or value[x], not both {extension.exists() != value.exists()}"
"dnpm-lm-patient-record.guidelineTherapies.patient.type","dnpm-lm-patient-record.guidelineTherapies.patient.type","","","",1,1,"","","","string {[]} {[]}
","Reference type (Patient)","Reference type (Patient)","","","","","","","","","",,,,,"",,,,"dnpm-lm-patient-record.guidelineTherapies.patient.type",1,1,"",""
"dnpm-lm-patient-record.guidelineTherapies.indication","dnpm-lm-patient-record.guidelineTherapies.indication","","","",0,1,"","","","BackboneElement {[]} {[]}
","Indication (MTBDiagnosis) reference","Indication (MTBDiagnosis) reference","","","","","","","","","",,,,,"",,,,"dnpm-lm-patient-record.guidelineTherapies.indication",0,1,"","ele-1:All FHIR elements must have a @value or children {hasValue() or (children().count() > id.count())}
","MTB: MedicationStatement.reasonReference"
"dnpm-lm-patient-record.guidelineTherapies.indication.id","dnpm-lm-patient-record.guidelineTherapies.indication.id","","","",1,1,"","","","string {[]} {[]}
","Diagnosis ID","Diagnosis ID","","","","","","","","","",,,,,"",,,,"Element.id",0,1,"",""
"dnpm-lm-patient-record.guidelineTherapies.indication.extension","dnpm-lm-patient-record.guidelineTherapies.indication.extension","","extensions
user content","",0,*,"","","","Extension {[]} {[]}
","Additional content defined by implementations","May be used to represent additional information that is not part of the basic definition of the element. To make the use of extensions safe and manageable, there is a strict set of governance  applied to the definition and use of extensions. Though any implementer can define an extension, there is a set of requirements that SHALL be met as part of the definition of the extension.","There can be no stigma associated with the use of extensions by any application, project, or standard - regardless of the institution or jurisdiction that uses or defines the extensions.  The use of extensions is what allows the FHIR specification to retain a core level of simplicity for everyone.","","","","","","","","",,,,,"","value:url}
","Extensions are always sliced by (at least) url",,"open","Element.extension",0,*,"","ele-1:All FHIR elements must have a @value or children {hasValue() or (children().count() > id.count())}
ext-1:Must have either extensions or value[x], not both {extension.exists() != value.exists()}"
"dnpm-lm-patient-record.guidelineTherapies.indication.modifierExtension","dnpm-lm-patient-record.guidelineTherapies.indication.modifierExtension","","extensions
user contentmodifiers","",0,*,"","Y","Y","Extension {[]} {[]}
","Extensions that cannot be ignored even if unrecognized","May be used to represent additional information that is not part of the basic definition of the element and that modifies the understanding of the element in which it is contained and/or the understanding of the containing element's descendants. Usually modifier elements provide negation or qualification. To make the use of extensions safe and manageable, there is a strict set of governance applied to the definition and use of extensions. Though any implementer can define an extension, there is a set of requirements that SHALL be met as part of the definition of the extension. Applications processing a resource are required to check for modifier extensions.

Modifier extensions SHALL NOT change the meaning of any elements on Resource or DomainResource (including cannot change the meaning of modifierExtension itself).","There can be no stigma associated with the use of extensions by any application, project, or standard - regardless of the institution or jurisdiction that uses or defines the extensions.  The use of extensions is what allows the FHIR specification to retain a core level of simplicity for everyone.","Modifier extensions allow for extensions that *cannot* be safely ignored to be clearly distinguished from the vast majority of extensions which can be safely ignored.  This promotes interoperability by eliminating the need for implementers to prohibit the presence of extensions. For further information, see the [definition of modifier extensions](http://hl7.org/fhir/R4/extensibility.html#modifierExtension).","","","","","","","",,,,,"",,,,"BackboneElement.modifierExtension",0,*,"","ele-1:All FHIR elements must have a @value or children {hasValue() or (children().count() > id.count())}
ext-1:Must have either extensions or value[x], not both {extension.exists() != value.exists()}"
"dnpm-lm-patient-record.guidelineTherapies.indication.type","dnpm-lm-patient-record.guidelineTherapies.indication.type","","","",1,1,"","","","string {[]} {[]}
","Reference type (MTBDiagnosis)","Reference type (MTBDiagnosis)","","","","","","","","","",,,,,"",,,,"dnpm-lm-patient-record.guidelineTherapies.indication.type",1,1,"",""
"dnpm-lm-patient-record.guidelineTherapies.therapyLine","dnpm-lm-patient-record.guidelineTherapies.therapyLine","","","",0,1,"","","","integer {[]} {[]}
","Therapy line number","Therapy line number","","","","","","","","","",,,,,"",,,,"dnpm-lm-patient-record.guidelineTherapies.therapyLine",0,1,"","","MTB: MedicationStatement.extension(Therapielinie)"
"dnpm-lm-patient-record.guidelineTherapies.status","dnpm-lm-patient-record.guidelineTherapies.status","","","",0,1,"","","","BackboneElement {[]} {[]}
","Therapy status","Therapy status","","","","","","","","","",,,,,"",,,,"dnpm-lm-patient-record.guidelineTherapies.status",0,1,"","ele-1:All FHIR elements must have a @value or children {hasValue() or (children().count() > id.count())}
","MTB: MedicationStatement.status"
"dnpm-lm-patient-record.guidelineTherapies.status.id","dnpm-lm-patient-record.guidelineTherapies.status.id","","","",0,1,"","","","string {[]} {[]}
","Unique id for inter-element referencing","Unique id for the element within a resource (for internal references). This may be any string value that does not contain spaces.","","","","","","","","","",,,,,"",,,,"Element.id",0,1,"",""
"dnpm-lm-patient-record.guidelineTherapies.status.extension","dnpm-lm-patient-record.guidelineTherapies.status.extension","","extensions
user content","",0,*,"","","","Extension {[]} {[]}
","Additional content defined by implementations","May be used to represent additional information that is not part of the basic definition of the element. To make the use of extensions safe and manageable, there is a strict set of governance  applied to the definition and use of extensions. Though any implementer can define an extension, there is a set of requirements that SHALL be met as part of the definition of the extension.","There can be no stigma associated with the use of extensions by any application, project, or standard - regardless of the institution or jurisdiction that uses or defines the extensions.  The use of extensions is what allows the FHIR specification to retain a core level of simplicity for everyone.","","","","","","","","",,,,,"","value:url}
","Extensions are always sliced by (at least) url",,"open","Element.extension",0,*,"","ele-1:All FHIR elements must have a @value or children {hasValue() or (children().count() > id.count())}
ext-1:Must have either extensions or value[x], not both {extension.exists() != value.exists()}"
"dnpm-lm-patient-record.guidelineTherapies.status.modifierExtension","dnpm-lm-patient-record.guidelineTherapies.status.modifierExtension","","extensions
user contentmodifiers","",0,*,"","Y","Y","Extension {[]} {[]}
","Extensions that cannot be ignored even if unrecognized","May be used to represent additional information that is not part of the basic definition of the element and that modifies the understanding of the element in which it is contained and/or the understanding of the containing element's descendants. Usually modifier elements provide negation or qualification. To make the use of extensions safe and manageable, there is a strict set of governance applied to the definition and use of extensions. Though any implementer can define an extension, there is a set of requirements that SHALL be met as part of the definition of the extension. Applications processing a resource are required to check for modifier extensions.

Modifier extensions SHALL NOT change the meaning of any elements on Resource or DomainResource (including cannot change the meaning of modifierExtension itself).","There can be no stigma associated with the use of extensions by any application, project, or standard - regardless of the institution or jurisdiction that uses or defines the extensions.  The use of extensions is what allows the FHIR specification to retain a core level of simplicity for everyone.","Modifier extensions allow for extensions that *cannot* be safely ignored to be clearly distinguished from the vast majority of extensions which can be safely ignored.  This promotes interoperability by eliminating the need for implementers to prohibit the presence of extensions. For further information, see the [definition of modifier extensions](http://hl7.org/fhir/R4/extensibility.html#modifierExtension).","","","","","","","",,,,,"",,,,"BackboneElement.modifierExtension",0,*,"","ele-1:All FHIR elements must have a @value or children {hasValue() or (children().count() > id.count())}
ext-1:Must have either extensions or value[x], not both {extension.exists() != value.exists()}"
"dnpm-lm-patient-record.guidelineTherapies.status.code","dnpm-lm-patient-record.guidelineTherapies.status.code","","","",1,1,"","","","string {[]} {[]}
","Status code (e.g. stopped)","Status code (e.g. stopped)","","","","","","","","","",,,,,"",,,,"dnpm-lm-patient-record.guidelineTherapies.status.code",1,1,"",""
"dnpm-lm-patient-record.guidelineTherapies.status.display","dnpm-lm-patient-record.guidelineTherapies.status.display","","","",0,1,"","","","string {[]} {[]}
","Status display","Status display","","","","","","","","","",,,,,"",,,,"dnpm-lm-patient-record.guidelineTherapies.status.display",0,1,"",""
"dnpm-lm-patient-record.guidelineTherapies.status.system","dnpm-lm-patient-record.guidelineTherapies.status.system","","","",1,1,"","","","string {[]} {[]}
","Status system URI","Status system URI","","","","","","","","","",,,,,"",,,,"dnpm-lm-patient-record.guidelineTherapies.status.system",1,1,"",""
"dnpm-lm-patient-record.guidelineTherapies.statusReason","dnpm-lm-patient-record.guidelineTherapies.statusReason","","","",0,1,"","","","BackboneElement {[]} {[]}
","Reason for therapy status","Reason for therapy status","","","","","","","","","",,,,,"",,,,"dnpm-lm-patient-record.guidelineTherapies.statusReason",0,1,"","ele-1:All FHIR elements must have a @value or children {hasValue() or (children().count() > id.count())}
","MTB: MedicationStatement.statusReason"
"dnpm-lm-patient-record.guidelineTherapies.statusReason.id","dnpm-lm-patient-record.guidelineTherapies.statusReason.id","","","",0,1,"","","","string {[]} {[]}
","Unique id for inter-element referencing","Unique id for the element within a resource (for internal references). This may be any string value that does not contain spaces.","","","","","","","","","",,,,,"",,,,"Element.id",0,1,"",""
"dnpm-lm-patient-record.guidelineTherapies.statusReason.extension","dnpm-lm-patient-record.guidelineTherapies.statusReason.extension","","extensions
user content","",0,*,"","","","Extension {[]} {[]}
","Additional content defined by implementations","May be used to represent additional information that is not part of the basic definition of the element. To make the use of extensions safe and manageable, there is a strict set of governance  applied to the definition and use of extensions. Though any implementer can define an extension, there is a set of requirements that SHALL be met as part of the definition of the extension.","There can be no stigma associated with the use of extensions by any application, project, or standard - regardless of the institution or jurisdiction that uses or defines the extensions.  The use of extensions is what allows the FHIR specification to retain a core level of simplicity for everyone.","","","","","","","","",,,,,"","value:url}
","Extensions are always sliced by (at least) url",,"open","Element.extension",0,*,"","ele-1:All FHIR elements must have a @value or children {hasValue() or (children().count() > id.count())}
ext-1:Must have either extensions or value[x], not both {extension.exists() != value.exists()}"
"dnpm-lm-patient-record.guidelineTherapies.statusReason.modifierExtension","dnpm-lm-patient-record.guidelineTherapies.statusReason.modifierExtension","","extensions
user contentmodifiers","",0,*,"","Y","Y","Extension {[]} {[]}
","Extensions that cannot be ignored even if unrecognized","May be used to represent additional information that is not part of the basic definition of the element and that modifies the understanding of the element in which it is contained and/or the understanding of the containing element's descendants. Usually modifier elements provide negation or qualification. To make the use of extensions safe and manageable, there is a strict set of governance applied to the definition and use of extensions. Though any implementer can define an extension, there is a set of requirements that SHALL be met as part of the definition of the extension. Applications processing a resource are required to check for modifier extensions.

Modifier extensions SHALL NOT change the meaning of any elements on Resource or DomainResource (including cannot change the meaning of modifierExtension itself).","There can be no stigma associated with the use of extensions by any application, project, or standard - regardless of the institution or jurisdiction that uses or defines the extensions.  The use of extensions is what allows the FHIR specification to retain a core level of simplicity for everyone.","Modifier extensions allow for extensions that *cannot* be safely ignored to be clearly distinguished from the vast majority of extensions which can be safely ignored.  This promotes interoperability by eliminating the need for implementers to prohibit the presence of extensions. For further information, see the [definition of modifier extensions](http://hl7.org/fhir/R4/extensibility.html#modifierExtension).","","","","","","","",,,,,"",,,,"BackboneElement.modifierExtension",0,*,"","ele-1:All FHIR elements must have a @value or children {hasValue() or (children().count() > id.count())}
ext-1:Must have either extensions or value[x], not both {extension.exists() != value.exists()}"
"dnpm-lm-patient-record.guidelineTherapies.statusReason.code","dnpm-lm-patient-record.guidelineTherapies.statusReason.code","","","",1,1,"","","","string {[]} {[]}
","Status reason code (e.g. progression)","Status reason code (e.g. progression)","","","","","","","","","",,,,,"",,,,"dnpm-lm-patient-record.guidelineTherapies.statusReason.code",1,1,"",""
"dnpm-lm-patient-record.guidelineTherapies.statusReason.display","dnpm-lm-patient-record.guidelineTherapies.statusReason.display","","","",0,1,"","","","string {[]} {[]}
","Status reason display","Status reason display","","","","","","","","","",,,,,"",,,,"dnpm-lm-patient-record.guidelineTherapies.statusReason.display",0,1,"",""
"dnpm-lm-patient-record.guidelineTherapies.statusReason.system","dnpm-lm-patient-record.guidelineTherapies.statusReason.system","","","",1,1,"","","","string {[]} {[]}
","Status reason system URI","Status reason system URI","","","","","","","","","",,,,,"",,,,"dnpm-lm-patient-record.guidelineTherapies.statusReason.system",1,1,"",""
"dnpm-lm-patient-record.guidelineTherapies.period","dnpm-lm-patient-record.guidelineTherapies.period","","","",0,1,"","","","BackboneElement {[]} {[]}
","Therapy period","Therapy period","","","","","","","","","",,,,,"",,,,"dnpm-lm-patient-record.guidelineTherapies.period",0,1,"","ele-1:All FHIR elements must have a @value or children {hasValue() or (children().count() > id.count())}
","MTB: MedicationStatement.effectivePeriod"
"dnpm-lm-patient-record.guidelineTherapies.period.id","dnpm-lm-patient-record.guidelineTherapies.period.id","","","",0,1,"","","","string {[]} {[]}
","Unique id for inter-element referencing","Unique id for the element within a resource (for internal references). This may be any string value that does not contain spaces.","","","","","","","","","",,,,,"",,,,"Element.id",0,1,"",""
"dnpm-lm-patient-record.guidelineTherapies.period.extension","dnpm-lm-patient-record.guidelineTherapies.period.extension","","extensions
user content","",0,*,"","","","Extension {[]} {[]}
","Additional content defined by implementations","May be used to represent additional information that is not part of the basic definition of the element. To make the use of extensions safe and manageable, there is a strict set of governance  applied to the definition and use of extensions. Though any implementer can define an extension, there is a set of requirements that SHALL be met as part of the definition of the extension.","There can be no stigma associated with the use of extensions by any application, project, or standard - regardless of the institution or jurisdiction that uses or defines the extensions.  The use of extensions is what allows the FHIR specification to retain a core level of simplicity for everyone.","","","","","","","","",,,,,"","value:url}
","Extensions are always sliced by (at least) url",,"open","Element.extension",0,*,"","ele-1:All FHIR elements must have a @value or children {hasValue() or (children().count() > id.count())}
ext-1:Must have either extensions or value[x], not both {extension.exists() != value.exists()}"
"dnpm-lm-patient-record.guidelineTherapies.period.modifierExtension","dnpm-lm-patient-record.guidelineTherapies.period.modifierExtension","","extensions
user contentmodifiers","",0,*,"","Y","Y","Extension {[]} {[]}
","Extensions that cannot be ignored even if unrecognized","May be used to represent additional information that is not part of the basic definition of the element and that modifies the understanding of the element in which it is contained and/or the understanding of the containing element's descendants. Usually modifier elements provide negation or qualification. To make the use of extensions safe and manageable, there is a strict set of governance applied to the definition and use of extensions. Though any implementer can define an extension, there is a set of requirements that SHALL be met as part of the definition of the extension. Applications processing a resource are required to check for modifier extensions.

Modifier extensions SHALL NOT change the meaning of any elements on Resource or DomainResource (including cannot change the meaning of modifierExtension itself).","There can be no stigma associated with the use of extensions by any application, project, or standard - regardless of the institution or jurisdiction that uses or defines the extensions.  The use of extensions is what allows the FHIR specification to retain a core level of simplicity for everyone.","Modifier extensions allow for extensions that *cannot* be safely ignored to be clearly distinguished from the vast majority of extensions which can be safely ignored.  This promotes interoperability by eliminating the need for implementers to prohibit the presence of extensions. For further information, see the [definition of modifier extensions](http://hl7.org/fhir/R4/extensibility.html#modifierExtension).","","","","","","","",,,,,"",,,,"BackboneElement.modifierExtension",0,*,"","ele-1:All FHIR elements must have a @value or children {hasValue() or (children().count() > id.count())}
ext-1:Must have either extensions or value[x], not both {extension.exists() != value.exists()}"
"dnpm-lm-patient-record.guidelineTherapies.period.start","dnpm-lm-patient-record.guidelineTherapies.period.start","","","",1,1,"","","","string {[]} {[]}
","Start date (YYYY-MM-DD)","Start date (YYYY-MM-DD)","","","","","","","","","",,,,,"",,,,"dnpm-lm-patient-record.guidelineTherapies.period.start",1,1,"",""
"dnpm-lm-patient-record.guidelineTherapies.period.end","dnpm-lm-patient-record.guidelineTherapies.period.end","","","",0,1,"","","","string {[]} {[]}
","End date (YYYY-MM-DD)","End date (YYYY-MM-DD)","","","","","","","","","",,,,,"",,,,"dnpm-lm-patient-record.guidelineTherapies.period.end",0,1,"",""
"dnpm-lm-patient-record.guidelineTherapies.medication","dnpm-lm-patient-record.guidelineTherapies.medication","","","",0,*,"","","","BackboneElement {[]} {[]}
","Medication codes (ATC)","Medication codes (ATC)","","","","","","","","","",,,,,"",,,,"dnpm-lm-patient-record.guidelineTherapies.medication",0,*,"","ele-1:All FHIR elements must have a @value or children {hasValue() or (children().count() > id.count())}
","MTB: MedicationStatement.medication[x]"
"dnpm-lm-patient-record.guidelineTherapies.medication.id","dnpm-lm-patient-record.guidelineTherapies.medication.id","","","",0,1,"","","","string {[]} {[]}
","Unique id for inter-element referencing","Unique id for the element within a resource (for internal references). This may be any string value that does not contain spaces.","","","","","","","","","",,,,,"",,,,"Element.id",0,1,"",""
"dnpm-lm-patient-record.guidelineTherapies.medication.extension","dnpm-lm-patient-record.guidelineTherapies.medication.extension","","extensions
user content","",0,*,"","","","Extension {[]} {[]}
","Additional content defined by implementations","May be used to represent additional information that is not part of the basic definition of the element. To make the use of extensions safe and manageable, there is a strict set of governance  applied to the definition and use of extensions. Though any implementer can define an extension, there is a set of requirements that SHALL be met as part of the definition of the extension.","There can be no stigma associated with the use of extensions by any application, project, or standard - regardless of the institution or jurisdiction that uses or defines the extensions.  The use of extensions is what allows the FHIR specification to retain a core level of simplicity for everyone.","","","","","","","","",,,,,"","value:url}
","Extensions are always sliced by (at least) url",,"open","Element.extension",0,*,"","ele-1:All FHIR elements must have a @value or children {hasValue() or (children().count() > id.count())}
ext-1:Must have either extensions or value[x], not both {extension.exists() != value.exists()}"
"dnpm-lm-patient-record.guidelineTherapies.medication.modifierExtension","dnpm-lm-patient-record.guidelineTherapies.medication.modifierExtension","","extensions
user contentmodifiers","",0,*,"","Y","Y","Extension {[]} {[]}
","Extensions that cannot be ignored even if unrecognized","May be used to represent additional information that is not part of the basic definition of the element and that modifies the understanding of the element in which it is contained and/or the understanding of the containing element's descendants. Usually modifier elements provide negation or qualification. To make the use of extensions safe and manageable, there is a strict set of governance applied to the definition and use of extensions. Though any implementer can define an extension, there is a set of requirements that SHALL be met as part of the definition of the extension. Applications processing a resource are required to check for modifier extensions.

Modifier extensions SHALL NOT change the meaning of any elements on Resource or DomainResource (including cannot change the meaning of modifierExtension itself).","There can be no stigma associated with the use of extensions by any application, project, or standard - regardless of the institution or jurisdiction that uses or defines the extensions.  The use of extensions is what allows the FHIR specification to retain a core level of simplicity for everyone.","Modifier extensions allow for extensions that *cannot* be safely ignored to be clearly distinguished from the vast majority of extensions which can be safely ignored.  This promotes interoperability by eliminating the need for implementers to prohibit the presence of extensions. For further information, see the [definition of modifier extensions](http://hl7.org/fhir/R4/extensibility.html#modifierExtension).","","","","","","","",,,,,"",,,,"BackboneElement.modifierExtension",0,*,"","ele-1:All FHIR elements must have a @value or children {hasValue() or (children().count() > id.count())}
ext-1:Must have either extensions or value[x], not both {extension.exists() != value.exists()}"
"dnpm-lm-patient-record.guidelineTherapies.medication.code","dnpm-lm-patient-record.guidelineTherapies.medication.code","","","",1,1,"","","","string {[]} {[]}
","ATC code","ATC code","","","","","","","","","",,,,,"",,,,"dnpm-lm-patient-record.guidelineTherapies.medication.code",1,1,"",""
"dnpm-lm-patient-record.guidelineTherapies.medication.display","dnpm-lm-patient-record.guidelineTherapies.medication.display","","","",0,1,"","","","string {[]} {[]}
","Medication display name","Medication display name","","","","","","","","","",,,,,"",,,,"dnpm-lm-patient-record.guidelineTherapies.medication.display",0,1,"",""
"dnpm-lm-patient-record.guidelineTherapies.medication.system","dnpm-lm-patient-record.guidelineTherapies.medication.system","","","",1,1,"","","","string {[]} {[]}
","ATC code system URI","ATC code system URI","","","","","","","","","",,,,,"",,,,"dnpm-lm-patient-record.guidelineTherapies.medication.system",1,1,"",""
"dnpm-lm-patient-record.guidelineTherapies.medication.version","dnpm-lm-patient-record.guidelineTherapies.medication.version","","","",0,1,"","","","string {[]} {[]}
","ATC version","ATC version","","","","","","","","","",,,,,"",,,,"dnpm-lm-patient-record.guidelineTherapies.medication.version",0,1,"",""
"dnpm-lm-patient-record.guidelineTherapies.notes","dnpm-lm-patient-record.guidelineTherapies.notes","","","",0,*,"","","","string {[]} {[]}
","Free-text therapy notes","Free-text therapy notes","","","","","","","","","",,,,,"",,,,"dnpm-lm-patient-record.guidelineTherapies.notes",0,*,"",""
"dnpm-lm-patient-record.guidelineTherapies.category","dnpm-lm-patient-record.guidelineTherapies.category","","","",0,1,"","","","BackboneElement {[]} {[]}
","Therapy category","Therapy category","","","","","","","","","",,,,,"",,,,"dnpm-lm-patient-record.guidelineTherapies.category",0,1,"","ele-1:All FHIR elements must have a @value or children {hasValue() or (children().count() > id.count())}
"
"dnpm-lm-patient-record.guidelineTherapies.category.id","dnpm-lm-patient-record.guidelineTherapies.category.id","","","",0,1,"","","","string {[]} {[]}
","Unique id for inter-element referencing","Unique id for the element within a resource (for internal references). This may be any string value that does not contain spaces.","","","","","","","","","",,,,,"",,,,"Element.id",0,1,"",""
"dnpm-lm-patient-record.guidelineTherapies.category.extension","dnpm-lm-patient-record.guidelineTherapies.category.extension","","extensions
user content","",0,*,"","","","Extension {[]} {[]}
","Additional content defined by implementations","May be used to represent additional information that is not part of the basic definition of the element. To make the use of extensions safe and manageable, there is a strict set of governance  applied to the definition and use of extensions. Though any implementer can define an extension, there is a set of requirements that SHALL be met as part of the definition of the extension.","There can be no stigma associated with the use of extensions by any application, project, or standard - regardless of the institution or jurisdiction that uses or defines the extensions.  The use of extensions is what allows the FHIR specification to retain a core level of simplicity for everyone.","","","","","","","","",,,,,"","value:url}
","Extensions are always sliced by (at least) url",,"open","Element.extension",0,*,"","ele-1:All FHIR elements must have a @value or children {hasValue() or (children().count() > id.count())}
ext-1:Must have either extensions or value[x], not both {extension.exists() != value.exists()}"
"dnpm-lm-patient-record.guidelineTherapies.category.modifierExtension","dnpm-lm-patient-record.guidelineTherapies.category.modifierExtension","","extensions
user contentmodifiers","",0,*,"","Y","Y","Extension {[]} {[]}
","Extensions that cannot be ignored even if unrecognized","May be used to represent additional information that is not part of the basic definition of the element and that modifies the understanding of the element in which it is contained and/or the understanding of the containing element's descendants. Usually modifier elements provide negation or qualification. To make the use of extensions safe and manageable, there is a strict set of governance applied to the definition and use of extensions. Though any implementer can define an extension, there is a set of requirements that SHALL be met as part of the definition of the extension. Applications processing a resource are required to check for modifier extensions.

Modifier extensions SHALL NOT change the meaning of any elements on Resource or DomainResource (including cannot change the meaning of modifierExtension itself).","There can be no stigma associated with the use of extensions by any application, project, or standard - regardless of the institution or jurisdiction that uses or defines the extensions.  The use of extensions is what allows the FHIR specification to retain a core level of simplicity for everyone.","Modifier extensions allow for extensions that *cannot* be safely ignored to be clearly distinguished from the vast majority of extensions which can be safely ignored.  This promotes interoperability by eliminating the need for implementers to prohibit the presence of extensions. For further information, see the [definition of modifier extensions](http://hl7.org/fhir/R4/extensibility.html#modifierExtension).","","","","","","","",,,,,"",,,,"BackboneElement.modifierExtension",0,*,"","ele-1:All FHIR elements must have a @value or children {hasValue() or (children().count() > id.count())}
ext-1:Must have either extensions or value[x], not both {extension.exists() != value.exists()}"
"dnpm-lm-patient-record.guidelineTherapies.category.code","dnpm-lm-patient-record.guidelineTherapies.category.code","","","",1,1,"","","","string {[]} {[]}
","Category code","Category code","","","","","","","","","",,,,,"",,,,"dnpm-lm-patient-record.guidelineTherapies.category.code",1,1,"",""
"dnpm-lm-patient-record.guidelineTherapies.category.display","dnpm-lm-patient-record.guidelineTherapies.category.display","","","",0,1,"","","","string {[]} {[]}
","Category display","Category display","","","","","","","","","",,,,,"",,,,"dnpm-lm-patient-record.guidelineTherapies.category.display",0,1,"",""
"dnpm-lm-patient-record.guidelineTherapies.category.system","dnpm-lm-patient-record.guidelineTherapies.category.system","","","",1,1,"","","","string {[]} {[]}
","Category system URI","Category system URI","","","","","","","","","",,,,,"",,,,"dnpm-lm-patient-record.guidelineTherapies.category.system",1,1,"",""
"dnpm-lm-patient-record.guidelineProcedures","dnpm-lm-patient-record.guidelineProcedures","","","",0,*,"","","","BackboneElement {[]} {[]}
","Guideline-based non-medication procedures","Guideline-based non-medication procedures","","","","","","","","","",,,,,"",,,,"dnpm-lm-patient-record.guidelineProcedures",0,*,"","ele-1:All FHIR elements must have a @value or children {hasValue() or (children().count() > id.count())}
","MTB: Vortherapie Prozedur (Procedure)"
"dnpm-lm-patient-record.guidelineProcedures.id","dnpm-lm-patient-record.guidelineProcedures.id","","","",1,1,"","","","string {[]} {[]}
","Procedure UUID","Procedure UUID","","","","","","","","","",,,,,"",,,,"Element.id",0,1,"","","MTB: Procedure.identifier"
"dnpm-lm-patient-record.guidelineProcedures.extension","dnpm-lm-patient-record.guidelineProcedures.extension","","extensions
user content","",0,*,"","","","Extension {[]} {[]}
","Additional content defined by implementations","May be used to represent additional information that is not part of the basic definition of the element. To make the use of extensions safe and manageable, there is a strict set of governance  applied to the definition and use of extensions. Though any implementer can define an extension, there is a set of requirements that SHALL be met as part of the definition of the extension.","There can be no stigma associated with the use of extensions by any application, project, or standard - regardless of the institution or jurisdiction that uses or defines the extensions.  The use of extensions is what allows the FHIR specification to retain a core level of simplicity for everyone.","","","","","","","","",,,,,"","value:url}
","Extensions are always sliced by (at least) url",,"open","Element.extension",0,*,"","ele-1:All FHIR elements must have a @value or children {hasValue() or (children().count() > id.count())}
ext-1:Must have either extensions or value[x], not both {extension.exists() != value.exists()}"
"dnpm-lm-patient-record.guidelineProcedures.modifierExtension","dnpm-lm-patient-record.guidelineProcedures.modifierExtension","","extensions
user contentmodifiers","",0,*,"","Y","Y","Extension {[]} {[]}
","Extensions that cannot be ignored even if unrecognized","May be used to represent additional information that is not part of the basic definition of the element and that modifies the understanding of the element in which it is contained and/or the understanding of the containing element's descendants. Usually modifier elements provide negation or qualification. To make the use of extensions safe and manageable, there is a strict set of governance applied to the definition and use of extensions. Though any implementer can define an extension, there is a set of requirements that SHALL be met as part of the definition of the extension. Applications processing a resource are required to check for modifier extensions.

Modifier extensions SHALL NOT change the meaning of any elements on Resource or DomainResource (including cannot change the meaning of modifierExtension itself).","There can be no stigma associated with the use of extensions by any application, project, or standard - regardless of the institution or jurisdiction that uses or defines the extensions.  The use of extensions is what allows the FHIR specification to retain a core level of simplicity for everyone.","Modifier extensions allow for extensions that *cannot* be safely ignored to be clearly distinguished from the vast majority of extensions which can be safely ignored.  This promotes interoperability by eliminating the need for implementers to prohibit the presence of extensions. For further information, see the [definition of modifier extensions](http://hl7.org/fhir/R4/extensibility.html#modifierExtension).","","","","","","","",,,,,"",,,,"BackboneElement.modifierExtension",0,*,"","ele-1:All FHIR elements must have a @value or children {hasValue() or (children().count() > id.count())}
ext-1:Must have either extensions or value[x], not both {extension.exists() != value.exists()}"
"dnpm-lm-patient-record.guidelineProcedures.patient","dnpm-lm-patient-record.guidelineProcedures.patient","","","",1,1,"","","","BackboneElement {[]} {[]}
","Patient reference","Patient reference","","","","","","","","","",,,,,"",,,,"dnpm-lm-patient-record.guidelineProcedures.patient",1,1,"","ele-1:All FHIR elements must have a @value or children {hasValue() or (children().count() > id.count())}
","MTB: Procedure.subject"
"dnpm-lm-patient-record.guidelineProcedures.patient.id","dnpm-lm-patient-record.guidelineProcedures.patient.id","","","",1,1,"","","","string {[]} {[]}
","Patient ID","Patient ID","","","","","","","","","",,,,,"",,,,"Element.id",0,1,"",""
"dnpm-lm-patient-record.guidelineProcedures.patient.extension","dnpm-lm-patient-record.guidelineProcedures.patient.extension","","extensions
user content","",0,*,"","","","Extension {[]} {[]}
","Additional content defined by implementations","May be used to represent additional information that is not part of the basic definition of the element. To make the use of extensions safe and manageable, there is a strict set of governance  applied to the definition and use of extensions. Though any implementer can define an extension, there is a set of requirements that SHALL be met as part of the definition of the extension.","There can be no stigma associated with the use of extensions by any application, project, or standard - regardless of the institution or jurisdiction that uses or defines the extensions.  The use of extensions is what allows the FHIR specification to retain a core level of simplicity for everyone.","","","","","","","","",,,,,"","value:url}
","Extensions are always sliced by (at least) url",,"open","Element.extension",0,*,"","ele-1:All FHIR elements must have a @value or children {hasValue() or (children().count() > id.count())}
ext-1:Must have either extensions or value[x], not both {extension.exists() != value.exists()}"
"dnpm-lm-patient-record.guidelineProcedures.patient.modifierExtension","dnpm-lm-patient-record.guidelineProcedures.patient.modifierExtension","","extensions
user contentmodifiers","",0,*,"","Y","Y","Extension {[]} {[]}
","Extensions that cannot be ignored even if unrecognized","May be used to represent additional information that is not part of the basic definition of the element and that modifies the understanding of the element in which it is contained and/or the understanding of the containing element's descendants. Usually modifier elements provide negation or qualification. To make the use of extensions safe and manageable, there is a strict set of governance applied to the definition and use of extensions. Though any implementer can define an extension, there is a set of requirements that SHALL be met as part of the definition of the extension. Applications processing a resource are required to check for modifier extensions.

Modifier extensions SHALL NOT change the meaning of any elements on Resource or DomainResource (including cannot change the meaning of modifierExtension itself).","There can be no stigma associated with the use of extensions by any application, project, or standard - regardless of the institution or jurisdiction that uses or defines the extensions.  The use of extensions is what allows the FHIR specification to retain a core level of simplicity for everyone.","Modifier extensions allow for extensions that *cannot* be safely ignored to be clearly distinguished from the vast majority of extensions which can be safely ignored.  This promotes interoperability by eliminating the need for implementers to prohibit the presence of extensions. For further information, see the [definition of modifier extensions](http://hl7.org/fhir/R4/extensibility.html#modifierExtension).","","","","","","","",,,,,"",,,,"BackboneElement.modifierExtension",0,*,"","ele-1:All FHIR elements must have a @value or children {hasValue() or (children().count() > id.count())}
ext-1:Must have either extensions or value[x], not both {extension.exists() != value.exists()}"
"dnpm-lm-patient-record.guidelineProcedures.patient.type","dnpm-lm-patient-record.guidelineProcedures.patient.type","","","",1,1,"","","","string {[]} {[]}
","Reference type (Patient)","Reference type (Patient)","","","","","","","","","",,,,,"",,,,"dnpm-lm-patient-record.guidelineProcedures.patient.type",1,1,"",""
"dnpm-lm-patient-record.guidelineProcedures.indication","dnpm-lm-patient-record.guidelineProcedures.indication","","","",0,1,"","","","BackboneElement {[]} {[]}
","Indication (MTBDiagnosis) reference","Indication (MTBDiagnosis) reference","","","","","","","","","",,,,,"",,,,"dnpm-lm-patient-record.guidelineProcedures.indication",0,1,"","ele-1:All FHIR elements must have a @value or children {hasValue() or (children().count() > id.count())}
","MTB: Procedure.reasonReference"
"dnpm-lm-patient-record.guidelineProcedures.indication.id","dnpm-lm-patient-record.guidelineProcedures.indication.id","","","",1,1,"","","","string {[]} {[]}
","Diagnosis ID","Diagnosis ID","","","","","","","","","",,,,,"",,,,"Element.id",0,1,"",""
"dnpm-lm-patient-record.guidelineProcedures.indication.extension","dnpm-lm-patient-record.guidelineProcedures.indication.extension","","extensions
user content","",0,*,"","","","Extension {[]} {[]}
","Additional content defined by implementations","May be used to represent additional information that is not part of the basic definition of the element. To make the use of extensions safe and manageable, there is a strict set of governance  applied to the definition and use of extensions. Though any implementer can define an extension, there is a set of requirements that SHALL be met as part of the definition of the extension.","There can be no stigma associated with the use of extensions by any application, project, or standard - regardless of the institution or jurisdiction that uses or defines the extensions.  The use of extensions is what allows the FHIR specification to retain a core level of simplicity for everyone.","","","","","","","","",,,,,"","value:url}
","Extensions are always sliced by (at least) url",,"open","Element.extension",0,*,"","ele-1:All FHIR elements must have a @value or children {hasValue() or (children().count() > id.count())}
ext-1:Must have either extensions or value[x], not both {extension.exists() != value.exists()}"
"dnpm-lm-patient-record.guidelineProcedures.indication.modifierExtension","dnpm-lm-patient-record.guidelineProcedures.indication.modifierExtension","","extensions
user contentmodifiers","",0,*,"","Y","Y","Extension {[]} {[]}
","Extensions that cannot be ignored even if unrecognized","May be used to represent additional information that is not part of the basic definition of the element and that modifies the understanding of the element in which it is contained and/or the understanding of the containing element's descendants. Usually modifier elements provide negation or qualification. To make the use of extensions safe and manageable, there is a strict set of governance applied to the definition and use of extensions. Though any implementer can define an extension, there is a set of requirements that SHALL be met as part of the definition of the extension. Applications processing a resource are required to check for modifier extensions.

Modifier extensions SHALL NOT change the meaning of any elements on Resource or DomainResource (including cannot change the meaning of modifierExtension itself).","There can be no stigma associated with the use of extensions by any application, project, or standard - regardless of the institution or jurisdiction that uses or defines the extensions.  The use of extensions is what allows the FHIR specification to retain a core level of simplicity for everyone.","Modifier extensions allow for extensions that *cannot* be safely ignored to be clearly distinguished from the vast majority of extensions which can be safely ignored.  This promotes interoperability by eliminating the need for implementers to prohibit the presence of extensions. For further information, see the [definition of modifier extensions](http://hl7.org/fhir/R4/extensibility.html#modifierExtension).","","","","","","","",,,,,"",,,,"BackboneElement.modifierExtension",0,*,"","ele-1:All FHIR elements must have a @value or children {hasValue() or (children().count() > id.count())}
ext-1:Must have either extensions or value[x], not both {extension.exists() != value.exists()}"
"dnpm-lm-patient-record.guidelineProcedures.indication.type","dnpm-lm-patient-record.guidelineProcedures.indication.type","","","",1,1,"","","","string {[]} {[]}
","Reference type (MTBDiagnosis)","Reference type (MTBDiagnosis)","","","","","","","","","",,,,,"",,,,"dnpm-lm-patient-record.guidelineProcedures.indication.type",1,1,"",""
"dnpm-lm-patient-record.guidelineProcedures.code","dnpm-lm-patient-record.guidelineProcedures.code","","","",1,1,"","","","BackboneElement {[]} {[]}
","Procedure type code","Procedure type code","","","","","","","","","",,,,,"",,,,"dnpm-lm-patient-record.guidelineProcedures.code",1,1,"","ele-1:All FHIR elements must have a @value or children {hasValue() or (children().count() > id.count())}
","MTB: Procedure.code"
"dnpm-lm-patient-record.guidelineProcedures.code.id","dnpm-lm-patient-record.guidelineProcedures.code.id","","","",0,1,"","","","string {[]} {[]}
","Unique id for inter-element referencing","Unique id for the element within a resource (for internal references). This may be any string value that does not contain spaces.","","","","","","","","","",,,,,"",,,,"Element.id",0,1,"",""
"dnpm-lm-patient-record.guidelineProcedures.code.extension","dnpm-lm-patient-record.guidelineProcedures.code.extension","","extensions
user content","",0,*,"","","","Extension {[]} {[]}
","Additional content defined by implementations","May be used to represent additional information that is not part of the basic definition of the element. To make the use of extensions safe and manageable, there is a strict set of governance  applied to the definition and use of extensions. Though any implementer can define an extension, there is a set of requirements that SHALL be met as part of the definition of the extension.","There can be no stigma associated with the use of extensions by any application, project, or standard - regardless of the institution or jurisdiction that uses or defines the extensions.  The use of extensions is what allows the FHIR specification to retain a core level of simplicity for everyone.","","","","","","","","",,,,,"","value:url}
","Extensions are always sliced by (at least) url",,"open","Element.extension",0,*,"","ele-1:All FHIR elements must have a @value or children {hasValue() or (children().count() > id.count())}
ext-1:Must have either extensions or value[x], not both {extension.exists() != value.exists()}"
"dnpm-lm-patient-record.guidelineProcedures.code.modifierExtension","dnpm-lm-patient-record.guidelineProcedures.code.modifierExtension","","extensions
user contentmodifiers","",0,*,"","Y","Y","Extension {[]} {[]}
","Extensions that cannot be ignored even if unrecognized","May be used to represent additional information that is not part of the basic definition of the element and that modifies the understanding of the element in which it is contained and/or the understanding of the containing element's descendants. Usually modifier elements provide negation or qualification. To make the use of extensions safe and manageable, there is a strict set of governance applied to the definition and use of extensions. Though any implementer can define an extension, there is a set of requirements that SHALL be met as part of the definition of the extension. Applications processing a resource are required to check for modifier extensions.

Modifier extensions SHALL NOT change the meaning of any elements on Resource or DomainResource (including cannot change the meaning of modifierExtension itself).","There can be no stigma associated with the use of extensions by any application, project, or standard - regardless of the institution or jurisdiction that uses or defines the extensions.  The use of extensions is what allows the FHIR specification to retain a core level of simplicity for everyone.","Modifier extensions allow for extensions that *cannot* be safely ignored to be clearly distinguished from the vast majority of extensions which can be safely ignored.  This promotes interoperability by eliminating the need for implementers to prohibit the presence of extensions. For further information, see the [definition of modifier extensions](http://hl7.org/fhir/R4/extensibility.html#modifierExtension).","","","","","","","",,,,,"",,,,"BackboneElement.modifierExtension",0,*,"","ele-1:All FHIR elements must have a @value or children {hasValue() or (children().count() > id.count())}
ext-1:Must have either extensions or value[x], not both {extension.exists() != value.exists()}"
"dnpm-lm-patient-record.guidelineProcedures.code.code","dnpm-lm-patient-record.guidelineProcedures.code.code","","","",1,1,"","","","string {[]} {[]}
","Procedure code (e.g. radiotherapy)","Procedure code (e.g. radiotherapy)","","","","","","","","","",,,,,"",,,,"dnpm-lm-patient-record.guidelineProcedures.code.code",1,1,"",""
"dnpm-lm-patient-record.guidelineProcedures.code.display","dnpm-lm-patient-record.guidelineProcedures.code.display","","","",0,1,"","","","string {[]} {[]}
","Procedure display","Procedure display","","","","","","","","","",,,,,"",,,,"dnpm-lm-patient-record.guidelineProcedures.code.display",0,1,"",""
"dnpm-lm-patient-record.guidelineProcedures.code.system","dnpm-lm-patient-record.guidelineProcedures.code.system","","","",1,1,"","","","string {[]} {[]}
","Procedure system URI","Procedure system URI","","","","","","","","","",,,,,"",,,,"dnpm-lm-patient-record.guidelineProcedures.code.system",1,1,"",""
"dnpm-lm-patient-record.guidelineProcedures.status","dnpm-lm-patient-record.guidelineProcedures.status","","","",0,1,"","","","BackboneElement {[]} {[]}
","Procedure status","Procedure status","","","","","","","","","",,,,,"",,,,"dnpm-lm-patient-record.guidelineProcedures.status",0,1,"","ele-1:All FHIR elements must have a @value or children {hasValue() or (children().count() > id.count())}
","MTB: Procedure.status"
"dnpm-lm-patient-record.guidelineProcedures.status.id","dnpm-lm-patient-record.guidelineProcedures.status.id","","","",0,1,"","","","string {[]} {[]}
","Unique id for inter-element referencing","Unique id for the element within a resource (for internal references). This may be any string value that does not contain spaces.","","","","","","","","","",,,,,"",,,,"Element.id",0,1,"",""
"dnpm-lm-patient-record.guidelineProcedures.status.extension","dnpm-lm-patient-record.guidelineProcedures.status.extension","","extensions
user content","",0,*,"","","","Extension {[]} {[]}
","Additional content defined by implementations","May be used to represent additional information that is not part of the basic definition of the element. To make the use of extensions safe and manageable, there is a strict set of governance  applied to the definition and use of extensions. Though any implementer can define an extension, there is a set of requirements that SHALL be met as part of the definition of the extension.","There can be no stigma associated with the use of extensions by any application, project, or standard - regardless of the institution or jurisdiction that uses or defines the extensions.  The use of extensions is what allows the FHIR specification to retain a core level of simplicity for everyone.","","","","","","","","",,,,,"","value:url}
","Extensions are always sliced by (at least) url",,"open","Element.extension",0,*,"","ele-1:All FHIR elements must have a @value or children {hasValue() or (children().count() > id.count())}
ext-1:Must have either extensions or value[x], not both {extension.exists() != value.exists()}"
"dnpm-lm-patient-record.guidelineProcedures.status.modifierExtension","dnpm-lm-patient-record.guidelineProcedures.status.modifierExtension","","extensions
user contentmodifiers","",0,*,"","Y","Y","Extension {[]} {[]}
","Extensions that cannot be ignored even if unrecognized","May be used to represent additional information that is not part of the basic definition of the element and that modifies the understanding of the element in which it is contained and/or the understanding of the containing element's descendants. Usually modifier elements provide negation or qualification. To make the use of extensions safe and manageable, there is a strict set of governance applied to the definition and use of extensions. Though any implementer can define an extension, there is a set of requirements that SHALL be met as part of the definition of the extension. Applications processing a resource are required to check for modifier extensions.

Modifier extensions SHALL NOT change the meaning of any elements on Resource or DomainResource (including cannot change the meaning of modifierExtension itself).","There can be no stigma associated with the use of extensions by any application, project, or standard - regardless of the institution or jurisdiction that uses or defines the extensions.  The use of extensions is what allows the FHIR specification to retain a core level of simplicity for everyone.","Modifier extensions allow for extensions that *cannot* be safely ignored to be clearly distinguished from the vast majority of extensions which can be safely ignored.  This promotes interoperability by eliminating the need for implementers to prohibit the presence of extensions. For further information, see the [definition of modifier extensions](http://hl7.org/fhir/R4/extensibility.html#modifierExtension).","","","","","","","",,,,,"",,,,"BackboneElement.modifierExtension",0,*,"","ele-1:All FHIR elements must have a @value or children {hasValue() or (children().count() > id.count())}
ext-1:Must have either extensions or value[x], not both {extension.exists() != value.exists()}"
"dnpm-lm-patient-record.guidelineProcedures.status.code","dnpm-lm-patient-record.guidelineProcedures.status.code","","","",1,1,"","","","string {[]} {[]}
","Status code (e.g. ongoing)","Status code (e.g. ongoing)","","","","","","","","","",,,,,"",,,,"dnpm-lm-patient-record.guidelineProcedures.status.code",1,1,"",""
"dnpm-lm-patient-record.guidelineProcedures.status.display","dnpm-lm-patient-record.guidelineProcedures.status.display","","","",0,1,"","","","string {[]} {[]}
","Status display","Status display","","","","","","","","","",,,,,"",,,,"dnpm-lm-patient-record.guidelineProcedures.status.display",0,1,"",""
"dnpm-lm-patient-record.guidelineProcedures.status.system","dnpm-lm-patient-record.guidelineProcedures.status.system","","","",1,1,"","","","string {[]} {[]}
","Status system URI","Status system URI","","","","","","","","","",,,,,"",,,,"dnpm-lm-patient-record.guidelineProcedures.status.system",1,1,"",""
"dnpm-lm-patient-record.guidelineProcedures.period","dnpm-lm-patient-record.guidelineProcedures.period","","","",0,1,"","","","BackboneElement {[]} {[]}
","Procedure period","Procedure period","","","","","","","","","",,,,,"",,,,"dnpm-lm-patient-record.guidelineProcedures.period",0,1,"","ele-1:All FHIR elements must have a @value or children {hasValue() or (children().count() > id.count())}
","MTB: Procedure.performedPeriod"
"dnpm-lm-patient-record.guidelineProcedures.period.id","dnpm-lm-patient-record.guidelineProcedures.period.id","","","",0,1,"","","","string {[]} {[]}
","Unique id for inter-element referencing","Unique id for the element within a resource (for internal references). This may be any string value that does not contain spaces.","","","","","","","","","",,,,,"",,,,"Element.id",0,1,"",""
"dnpm-lm-patient-record.guidelineProcedures.period.extension","dnpm-lm-patient-record.guidelineProcedures.period.extension","","extensions
user content","",0,*,"","","","Extension {[]} {[]}
","Additional content defined by implementations","May be used to represent additional information that is not part of the basic definition of the element. To make the use of extensions safe and manageable, there is a strict set of governance  applied to the definition and use of extensions. Though any implementer can define an extension, there is a set of requirements that SHALL be met as part of the definition of the extension.","There can be no stigma associated with the use of extensions by any application, project, or standard - regardless of the institution or jurisdiction that uses or defines the extensions.  The use of extensions is what allows the FHIR specification to retain a core level of simplicity for everyone.","","","","","","","","",,,,,"","value:url}
","Extensions are always sliced by (at least) url",,"open","Element.extension",0,*,"","ele-1:All FHIR elements must have a @value or children {hasValue() or (children().count() > id.count())}
ext-1:Must have either extensions or value[x], not both {extension.exists() != value.exists()}"
"dnpm-lm-patient-record.guidelineProcedures.period.modifierExtension","dnpm-lm-patient-record.guidelineProcedures.period.modifierExtension","","extensions
user contentmodifiers","",0,*,"","Y","Y","Extension {[]} {[]}
","Extensions that cannot be ignored even if unrecognized","May be used to represent additional information that is not part of the basic definition of the element and that modifies the understanding of the element in which it is contained and/or the understanding of the containing element's descendants. Usually modifier elements provide negation or qualification. To make the use of extensions safe and manageable, there is a strict set of governance applied to the definition and use of extensions. Though any implementer can define an extension, there is a set of requirements that SHALL be met as part of the definition of the extension. Applications processing a resource are required to check for modifier extensions.

Modifier extensions SHALL NOT change the meaning of any elements on Resource or DomainResource (including cannot change the meaning of modifierExtension itself).","There can be no stigma associated with the use of extensions by any application, project, or standard - regardless of the institution or jurisdiction that uses or defines the extensions.  The use of extensions is what allows the FHIR specification to retain a core level of simplicity for everyone.","Modifier extensions allow for extensions that *cannot* be safely ignored to be clearly distinguished from the vast majority of extensions which can be safely ignored.  This promotes interoperability by eliminating the need for implementers to prohibit the presence of extensions. For further information, see the [definition of modifier extensions](http://hl7.org/fhir/R4/extensibility.html#modifierExtension).","","","","","","","",,,,,"",,,,"BackboneElement.modifierExtension",0,*,"","ele-1:All FHIR elements must have a @value or children {hasValue() or (children().count() > id.count())}
ext-1:Must have either extensions or value[x], not both {extension.exists() != value.exists()}"
"dnpm-lm-patient-record.guidelineProcedures.period.start","dnpm-lm-patient-record.guidelineProcedures.period.start","","","",1,1,"","","","string {[]} {[]}
","Start date (YYYY-MM-DD)","Start date (YYYY-MM-DD)","","","","","","","","","",,,,,"",,,,"dnpm-lm-patient-record.guidelineProcedures.period.start",1,1,"",""
"dnpm-lm-patient-record.guidelineProcedures.period.end","dnpm-lm-patient-record.guidelineProcedures.period.end","","","",0,1,"","","","string {[]} {[]}
","End date (YYYY-MM-DD)","End date (YYYY-MM-DD)","","","","","","","","","",,,,,"",,,,"dnpm-lm-patient-record.guidelineProcedures.period.end",0,1,"",""
"dnpm-lm-patient-record.guidelineProcedures.intent","dnpm-lm-patient-record.guidelineProcedures.intent","","","",0,1,"","","","BackboneElement {[]} {[]}
","Therapy intent","Therapy intent","","","","","","","","","",,,,,"",,,,"dnpm-lm-patient-record.guidelineProcedures.intent",0,1,"","ele-1:All FHIR elements must have a @value or children {hasValue() or (children().count() > id.count())}
"
"dnpm-lm-patient-record.guidelineProcedures.intent.id","dnpm-lm-patient-record.guidelineProcedures.intent.id","","","",0,1,"","","","string {[]} {[]}
","Unique id for inter-element referencing","Unique id for the element within a resource (for internal references). This may be any string value that does not contain spaces.","","","","","","","","","",,,,,"",,,,"Element.id",0,1,"",""
"dnpm-lm-patient-record.guidelineProcedures.intent.extension","dnpm-lm-patient-record.guidelineProcedures.intent.extension","","extensions
user content","",0,*,"","","","Extension {[]} {[]}
","Additional content defined by implementations","May be used to represent additional information that is not part of the basic definition of the element. To make the use of extensions safe and manageable, there is a strict set of governance  applied to the definition and use of extensions. Though any implementer can define an extension, there is a set of requirements that SHALL be met as part of the definition of the extension.","There can be no stigma associated with the use of extensions by any application, project, or standard - regardless of the institution or jurisdiction that uses or defines the extensions.  The use of extensions is what allows the FHIR specification to retain a core level of simplicity for everyone.","","","","","","","","",,,,,"","value:url}
","Extensions are always sliced by (at least) url",,"open","Element.extension",0,*,"","ele-1:All FHIR elements must have a @value or children {hasValue() or (children().count() > id.count())}
ext-1:Must have either extensions or value[x], not both {extension.exists() != value.exists()}"
"dnpm-lm-patient-record.guidelineProcedures.intent.modifierExtension","dnpm-lm-patient-record.guidelineProcedures.intent.modifierExtension","","extensions
user contentmodifiers","",0,*,"","Y","Y","Extension {[]} {[]}
","Extensions that cannot be ignored even if unrecognized","May be used to represent additional information that is not part of the basic definition of the element and that modifies the understanding of the element in which it is contained and/or the understanding of the containing element's descendants. Usually modifier elements provide negation or qualification. To make the use of extensions safe and manageable, there is a strict set of governance applied to the definition and use of extensions. Though any implementer can define an extension, there is a set of requirements that SHALL be met as part of the definition of the extension. Applications processing a resource are required to check for modifier extensions.

Modifier extensions SHALL NOT change the meaning of any elements on Resource or DomainResource (including cannot change the meaning of modifierExtension itself).","There can be no stigma associated with the use of extensions by any application, project, or standard - regardless of the institution or jurisdiction that uses or defines the extensions.  The use of extensions is what allows the FHIR specification to retain a core level of simplicity for everyone.","Modifier extensions allow for extensions that *cannot* be safely ignored to be clearly distinguished from the vast majority of extensions which can be safely ignored.  This promotes interoperability by eliminating the need for implementers to prohibit the presence of extensions. For further information, see the [definition of modifier extensions](http://hl7.org/fhir/R4/extensibility.html#modifierExtension).","","","","","","","",,,,,"",,,,"BackboneElement.modifierExtension",0,*,"","ele-1:All FHIR elements must have a @value or children {hasValue() or (children().count() > id.count())}
ext-1:Must have either extensions or value[x], not both {extension.exists() != value.exists()}"
"dnpm-lm-patient-record.guidelineProcedures.intent.code","dnpm-lm-patient-record.guidelineProcedures.intent.code","","","",1,1,"","","","string {[]} {[]}
","Intent code (e.g. palliative)","Intent code (e.g. palliative)","","","","","","","","","",,,,,"",,,,"dnpm-lm-patient-record.guidelineProcedures.intent.code",1,1,"",""
"dnpm-lm-patient-record.guidelineProcedures.intent.display","dnpm-lm-patient-record.guidelineProcedures.intent.display","","","",0,1,"","","","string {[]} {[]}
","Intent display","Intent display","","","","","","","","","",,,,,"",,,,"dnpm-lm-patient-record.guidelineProcedures.intent.display",0,1,"",""
"dnpm-lm-patient-record.guidelineProcedures.intent.system","dnpm-lm-patient-record.guidelineProcedures.intent.system","","","",1,1,"","","","string {[]} {[]}
","Intent system URI","Intent system URI","","","","","","","","","",,,,,"",,,,"dnpm-lm-patient-record.guidelineProcedures.intent.system",1,1,"",""
"dnpm-lm-patient-record.guidelineProcedures.notes","dnpm-lm-patient-record.guidelineProcedures.notes","","","",0,*,"","","","string {[]} {[]}
","Free-text procedure notes","Free-text procedure notes","","","","","","","","","",,,,,"",,,,"dnpm-lm-patient-record.guidelineProcedures.notes",0,*,"",""
"dnpm-lm-patient-record.performanceStatus","dnpm-lm-patient-record.performanceStatus","","","",0,*,"","","","BackboneElement {[]} {[]}
","ECOG performance status assessments","ECOG performance status assessments","","","","","","","","","",,,,,"",,,,"dnpm-lm-patient-record.performanceStatus",0,*,"","ele-1:All FHIR elements must have a @value or children {hasValue() or (children().count() > id.count())}
","Onkologie: ECOG (Observation, LOINC 89247-1)"
"dnpm-lm-patient-record.performanceStatus.id","dnpm-lm-patient-record.performanceStatus.id","","","",1,1,"","","","string {[]} {[]}
","Performance status UUID","Performance status UUID","","","","","","","","","",,,,,"",,,,"Element.id",0,1,"","","Onkologie: Observation.identifier"
"dnpm-lm-patient-record.performanceStatus.extension","dnpm-lm-patient-record.performanceStatus.extension","","extensions
user content","",0,*,"","","","Extension {[]} {[]}
","Additional content defined by implementations","May be used to represent additional information that is not part of the basic definition of the element. To make the use of extensions safe and manageable, there is a strict set of governance  applied to the definition and use of extensions. Though any implementer can define an extension, there is a set of requirements that SHALL be met as part of the definition of the extension.","There can be no stigma associated with the use of extensions by any application, project, or standard - regardless of the institution or jurisdiction that uses or defines the extensions.  The use of extensions is what allows the FHIR specification to retain a core level of simplicity for everyone.","","","","","","","","",,,,,"","value:url}
","Extensions are always sliced by (at least) url",,"open","Element.extension",0,*,"","ele-1:All FHIR elements must have a @value or children {hasValue() or (children().count() > id.count())}
ext-1:Must have either extensions or value[x], not both {extension.exists() != value.exists()}"
"dnpm-lm-patient-record.performanceStatus.modifierExtension","dnpm-lm-patient-record.performanceStatus.modifierExtension","","extensions
user contentmodifiers","",0,*,"","Y","Y","Extension {[]} {[]}
","Extensions that cannot be ignored even if unrecognized","May be used to represent additional information that is not part of the basic definition of the element and that modifies the understanding of the element in which it is contained and/or the understanding of the containing element's descendants. Usually modifier elements provide negation or qualification. To make the use of extensions safe and manageable, there is a strict set of governance applied to the definition and use of extensions. Though any implementer can define an extension, there is a set of requirements that SHALL be met as part of the definition of the extension. Applications processing a resource are required to check for modifier extensions.

Modifier extensions SHALL NOT change the meaning of any elements on Resource or DomainResource (including cannot change the meaning of modifierExtension itself).","There can be no stigma associated with the use of extensions by any application, project, or standard - regardless of the institution or jurisdiction that uses or defines the extensions.  The use of extensions is what allows the FHIR specification to retain a core level of simplicity for everyone.","Modifier extensions allow for extensions that *cannot* be safely ignored to be clearly distinguished from the vast majority of extensions which can be safely ignored.  This promotes interoperability by eliminating the need for implementers to prohibit the presence of extensions. For further information, see the [definition of modifier extensions](http://hl7.org/fhir/R4/extensibility.html#modifierExtension).","","","","","","","",,,,,"",,,,"BackboneElement.modifierExtension",0,*,"","ele-1:All FHIR elements must have a @value or children {hasValue() or (children().count() > id.count())}
ext-1:Must have either extensions or value[x], not both {extension.exists() != value.exists()}"
"dnpm-lm-patient-record.performanceStatus.patient","dnpm-lm-patient-record.performanceStatus.patient","","","",1,1,"","","","BackboneElement {[]} {[]}
","Patient reference","Patient reference","","","","","","","","","",,,,,"",,,,"dnpm-lm-patient-record.performanceStatus.patient",1,1,"","ele-1:All FHIR elements must have a @value or children {hasValue() or (children().count() > id.count())}
","Onkologie: Observation.subject"
"dnpm-lm-patient-record.performanceStatus.patient.id","dnpm-lm-patient-record.performanceStatus.patient.id","","","",1,1,"","","","string {[]} {[]}
","Patient ID","Patient ID","","","","","","","","","",,,,,"",,,,"Element.id",0,1,"",""
"dnpm-lm-patient-record.performanceStatus.patient.extension","dnpm-lm-patient-record.performanceStatus.patient.extension","","extensions
user content","",0,*,"","","","Extension {[]} {[]}
","Additional content defined by implementations","May be used to represent additional information that is not part of the basic definition of the element. To make the use of extensions safe and manageable, there is a strict set of governance  applied to the definition and use of extensions. Though any implementer can define an extension, there is a set of requirements that SHALL be met as part of the definition of the extension.","There can be no stigma associated with the use of extensions by any application, project, or standard - regardless of the institution or jurisdiction that uses or defines the extensions.  The use of extensions is what allows the FHIR specification to retain a core level of simplicity for everyone.","","","","","","","","",,,,,"","value:url}
","Extensions are always sliced by (at least) url",,"open","Element.extension",0,*,"","ele-1:All FHIR elements must have a @value or children {hasValue() or (children().count() > id.count())}
ext-1:Must have either extensions or value[x], not both {extension.exists() != value.exists()}"
"dnpm-lm-patient-record.performanceStatus.patient.modifierExtension","dnpm-lm-patient-record.performanceStatus.patient.modifierExtension","","extensions
user contentmodifiers","",0,*,"","Y","Y","Extension {[]} {[]}
","Extensions that cannot be ignored even if unrecognized","May be used to represent additional information that is not part of the basic definition of the element and that modifies the understanding of the element in which it is contained and/or the understanding of the containing element's descendants. Usually modifier elements provide negation or qualification. To make the use of extensions safe and manageable, there is a strict set of governance applied to the definition and use of extensions. Though any implementer can define an extension, there is a set of requirements that SHALL be met as part of the definition of the extension. Applications processing a resource are required to check for modifier extensions.

Modifier extensions SHALL NOT change the meaning of any elements on Resource or DomainResource (including cannot change the meaning of modifierExtension itself).","There can be no stigma associated with the use of extensions by any application, project, or standard - regardless of the institution or jurisdiction that uses or defines the extensions.  The use of extensions is what allows the FHIR specification to retain a core level of simplicity for everyone.","Modifier extensions allow for extensions that *cannot* be safely ignored to be clearly distinguished from the vast majority of extensions which can be safely ignored.  This promotes interoperability by eliminating the need for implementers to prohibit the presence of extensions. For further information, see the [definition of modifier extensions](http://hl7.org/fhir/R4/extensibility.html#modifierExtension).","","","","","","","",,,,,"",,,,"BackboneElement.modifierExtension",0,*,"","ele-1:All FHIR elements must have a @value or children {hasValue() or (children().count() > id.count())}
ext-1:Must have either extensions or value[x], not both {extension.exists() != value.exists()}"
"dnpm-lm-patient-record.performanceStatus.patient.type","dnpm-lm-patient-record.performanceStatus.patient.type","","","",1,1,"","","","string {[]} {[]}
","Reference type (Patient)","Reference type (Patient)","","","","","","","","","",,,,,"",,,,"dnpm-lm-patient-record.performanceStatus.patient.type",1,1,"",""
"dnpm-lm-patient-record.performanceStatus.effectiveDate","dnpm-lm-patient-record.performanceStatus.effectiveDate","","","",1,1,"","","","string {[]} {[]}
","Assessment date (YYYY-MM-DD)","Assessment date (YYYY-MM-DD)","","","","","","","","","",,,,,"",,,,"dnpm-lm-patient-record.performanceStatus.effectiveDate",1,1,"","","Onkologie: Observation.effectiveDateTime"
"dnpm-lm-patient-record.performanceStatus.value","dnpm-lm-patient-record.performanceStatus.value","","","",1,1,"","","","BackboneElement {[]} {[]}
","ECOG score","ECOG score","","","","","","","","","",,,,,"",,,,"dnpm-lm-patient-record.performanceStatus.value",1,1,"","ele-1:All FHIR elements must have a @value or children {hasValue() or (children().count() > id.count())}
","Onkologie: Observation.valueCodeableConcept"
"dnpm-lm-patient-record.performanceStatus.value.id","dnpm-lm-patient-record.performanceStatus.value.id","","","",0,1,"","","","string {[]} {[]}
","Unique id for inter-element referencing","Unique id for the element within a resource (for internal references). This may be any string value that does not contain spaces.","","","","","","","","","",,,,,"",,,,"Element.id",0,1,"",""
"dnpm-lm-patient-record.performanceStatus.value.extension","dnpm-lm-patient-record.performanceStatus.value.extension","","extensions
user content","",0,*,"","","","Extension {[]} {[]}
","Additional content defined by implementations","May be used to represent additional information that is not part of the basic definition of the element. To make the use of extensions safe and manageable, there is a strict set of governance  applied to the definition and use of extensions. Though any implementer can define an extension, there is a set of requirements that SHALL be met as part of the definition of the extension.","There can be no stigma associated with the use of extensions by any application, project, or standard - regardless of the institution or jurisdiction that uses or defines the extensions.  The use of extensions is what allows the FHIR specification to retain a core level of simplicity for everyone.","","","","","","","","",,,,,"","value:url}
","Extensions are always sliced by (at least) url",,"open","Element.extension",0,*,"","ele-1:All FHIR elements must have a @value or children {hasValue() or (children().count() > id.count())}
ext-1:Must have either extensions or value[x], not both {extension.exists() != value.exists()}"
"dnpm-lm-patient-record.performanceStatus.value.modifierExtension","dnpm-lm-patient-record.performanceStatus.value.modifierExtension","","extensions
user contentmodifiers","",0,*,"","Y","Y","Extension {[]} {[]}
","Extensions that cannot be ignored even if unrecognized","May be used to represent additional information that is not part of the basic definition of the element and that modifies the understanding of the element in which it is contained and/or the understanding of the containing element's descendants. Usually modifier elements provide negation or qualification. To make the use of extensions safe and manageable, there is a strict set of governance applied to the definition and use of extensions. Though any implementer can define an extension, there is a set of requirements that SHALL be met as part of the definition of the extension. Applications processing a resource are required to check for modifier extensions.

Modifier extensions SHALL NOT change the meaning of any elements on Resource or DomainResource (including cannot change the meaning of modifierExtension itself).","There can be no stigma associated with the use of extensions by any application, project, or standard - regardless of the institution or jurisdiction that uses or defines the extensions.  The use of extensions is what allows the FHIR specification to retain a core level of simplicity for everyone.","Modifier extensions allow for extensions that *cannot* be safely ignored to be clearly distinguished from the vast majority of extensions which can be safely ignored.  This promotes interoperability by eliminating the need for implementers to prohibit the presence of extensions. For further information, see the [definition of modifier extensions](http://hl7.org/fhir/R4/extensibility.html#modifierExtension).","","","","","","","",,,,,"",,,,"BackboneElement.modifierExtension",0,*,"","ele-1:All FHIR elements must have a @value or children {hasValue() or (children().count() > id.count())}
ext-1:Must have either extensions or value[x], not both {extension.exists() != value.exists()}"
"dnpm-lm-patient-record.performanceStatus.value.code","dnpm-lm-patient-record.performanceStatus.value.code","","","",1,1,"","","","string {[]} {[]}
","ECOG code (e.g. 0–4)","ECOG code (e.g. 0–4)","","","","","","","","","",,,,,"",,,,"dnpm-lm-patient-record.performanceStatus.value.code",1,1,"",""
"dnpm-lm-patient-record.performanceStatus.value.display","dnpm-lm-patient-record.performanceStatus.value.display","","","",0,1,"","","","string {[]} {[]}
","ECOG display","ECOG display","","","","","","","","","",,,,,"",,,,"dnpm-lm-patient-record.performanceStatus.value.display",0,1,"",""
"dnpm-lm-patient-record.performanceStatus.value.system","dnpm-lm-patient-record.performanceStatus.value.system","","","",1,1,"","","","string {[]} {[]}
","ECOG system URI","ECOG system URI","","","","","","","","","",,,,,"",,,,"dnpm-lm-patient-record.performanceStatus.value.system",1,1,"",""
"dnpm-lm-patient-record.specimens","dnpm-lm-patient-record.specimens","","","",0,*,"","","","BackboneElement {[]} {[]}
","Tumor specimen entries","Tumor specimen entries","","","","","","","","","",,,,,"",,,,"dnpm-lm-patient-record.specimens",0,*,"","ele-1:All FHIR elements must have a @value or children {hasValue() or (children().count() > id.count())}
","MTB: Tumorprobe (Specimen)"
"dnpm-lm-patient-record.specimens.id","dnpm-lm-patient-record.specimens.id","","","",1,1,"","","","string {[]} {[]}
","Specimen UUID","Specimen UUID","","","","","","","","","",,,,,"",,,,"Element.id",0,1,"","","MTB: Specimen.identifier"
"dnpm-lm-patient-record.specimens.extension","dnpm-lm-patient-record.specimens.extension","","extensions
user content","",0,*,"","","","Extension {[]} {[]}
","Additional content defined by implementations","May be used to represent additional information that is not part of the basic definition of the element. To make the use of extensions safe and manageable, there is a strict set of governance  applied to the definition and use of extensions. Though any implementer can define an extension, there is a set of requirements that SHALL be met as part of the definition of the extension.","There can be no stigma associated with the use of extensions by any application, project, or standard - regardless of the institution or jurisdiction that uses or defines the extensions.  The use of extensions is what allows the FHIR specification to retain a core level of simplicity for everyone.","","","","","","","","",,,,,"","value:url}
","Extensions are always sliced by (at least) url",,"open","Element.extension",0,*,"","ele-1:All FHIR elements must have a @value or children {hasValue() or (children().count() > id.count())}
ext-1:Must have either extensions or value[x], not both {extension.exists() != value.exists()}"
"dnpm-lm-patient-record.specimens.modifierExtension","dnpm-lm-patient-record.specimens.modifierExtension","","extensions
user contentmodifiers","",0,*,"","Y","Y","Extension {[]} {[]}
","Extensions that cannot be ignored even if unrecognized","May be used to represent additional information that is not part of the basic definition of the element and that modifies the understanding of the element in which it is contained and/or the understanding of the containing element's descendants. Usually modifier elements provide negation or qualification. To make the use of extensions safe and manageable, there is a strict set of governance applied to the definition and use of extensions. Though any implementer can define an extension, there is a set of requirements that SHALL be met as part of the definition of the extension. Applications processing a resource are required to check for modifier extensions.

Modifier extensions SHALL NOT change the meaning of any elements on Resource or DomainResource (including cannot change the meaning of modifierExtension itself).","There can be no stigma associated with the use of extensions by any application, project, or standard - regardless of the institution or jurisdiction that uses or defines the extensions.  The use of extensions is what allows the FHIR specification to retain a core level of simplicity for everyone.","Modifier extensions allow for extensions that *cannot* be safely ignored to be clearly distinguished from the vast majority of extensions which can be safely ignored.  This promotes interoperability by eliminating the need for implementers to prohibit the presence of extensions. For further information, see the [definition of modifier extensions](http://hl7.org/fhir/R4/extensibility.html#modifierExtension).","","","","","","","",,,,,"",,,,"BackboneElement.modifierExtension",0,*,"","ele-1:All FHIR elements must have a @value or children {hasValue() or (children().count() > id.count())}
ext-1:Must have either extensions or value[x], not both {extension.exists() != value.exists()}"
"dnpm-lm-patient-record.specimens.patient","dnpm-lm-patient-record.specimens.patient","","","",1,1,"","","","BackboneElement {[]} {[]}
","Patient reference","Patient reference","","","","","","","","","",,,,,"",,,,"dnpm-lm-patient-record.specimens.patient",1,1,"","ele-1:All FHIR elements must have a @value or children {hasValue() or (children().count() > id.count())}
","MTB: Specimen.subject"
"dnpm-lm-patient-record.specimens.patient.id","dnpm-lm-patient-record.specimens.patient.id","","","",1,1,"","","","string {[]} {[]}
","Patient ID","Patient ID","","","","","","","","","",,,,,"",,,,"Element.id",0,1,"",""
"dnpm-lm-patient-record.specimens.patient.extension","dnpm-lm-patient-record.specimens.patient.extension","","extensions
user content","",0,*,"","","","Extension {[]} {[]}
","Additional content defined by implementations","May be used to represent additional information that is not part of the basic definition of the element. To make the use of extensions safe and manageable, there is a strict set of governance  applied to the definition and use of extensions. Though any implementer can define an extension, there is a set of requirements that SHALL be met as part of the definition of the extension.","There can be no stigma associated with the use of extensions by any application, project, or standard - regardless of the institution or jurisdiction that uses or defines the extensions.  The use of extensions is what allows the FHIR specification to retain a core level of simplicity for everyone.","","","","","","","","",,,,,"","value:url}
","Extensions are always sliced by (at least) url",,"open","Element.extension",0,*,"","ele-1:All FHIR elements must have a @value or children {hasValue() or (children().count() > id.count())}
ext-1:Must have either extensions or value[x], not both {extension.exists() != value.exists()}"
"dnpm-lm-patient-record.specimens.patient.modifierExtension","dnpm-lm-patient-record.specimens.patient.modifierExtension","","extensions
user contentmodifiers","",0,*,"","Y","Y","Extension {[]} {[]}
","Extensions that cannot be ignored even if unrecognized","May be used to represent additional information that is not part of the basic definition of the element and that modifies the understanding of the element in which it is contained and/or the understanding of the containing element's descendants. Usually modifier elements provide negation or qualification. To make the use of extensions safe and manageable, there is a strict set of governance applied to the definition and use of extensions. Though any implementer can define an extension, there is a set of requirements that SHALL be met as part of the definition of the extension. Applications processing a resource are required to check for modifier extensions.

Modifier extensions SHALL NOT change the meaning of any elements on Resource or DomainResource (including cannot change the meaning of modifierExtension itself).","There can be no stigma associated with the use of extensions by any application, project, or standard - regardless of the institution or jurisdiction that uses or defines the extensions.  The use of extensions is what allows the FHIR specification to retain a core level of simplicity for everyone.","Modifier extensions allow for extensions that *cannot* be safely ignored to be clearly distinguished from the vast majority of extensions which can be safely ignored.  This promotes interoperability by eliminating the need for implementers to prohibit the presence of extensions. For further information, see the [definition of modifier extensions](http://hl7.org/fhir/R4/extensibility.html#modifierExtension).","","","","","","","",,,,,"",,,,"BackboneElement.modifierExtension",0,*,"","ele-1:All FHIR elements must have a @value or children {hasValue() or (children().count() > id.count())}
ext-1:Must have either extensions or value[x], not both {extension.exists() != value.exists()}"
"dnpm-lm-patient-record.specimens.patient.type","dnpm-lm-patient-record.specimens.patient.type","","","",1,1,"","","","string {[]} {[]}
","Reference type (Patient)","Reference type (Patient)","","","","","","","","","",,,,,"",,,,"dnpm-lm-patient-record.specimens.patient.type",1,1,"",""
"dnpm-lm-patient-record.specimens.diagnosis","dnpm-lm-patient-record.specimens.diagnosis","","","",0,1,"","","","BackboneElement {[]} {[]}
","Associated diagnosis reference","Associated diagnosis reference","","","","","","","","","",,,,,"",,,,"dnpm-lm-patient-record.specimens.diagnosis",0,1,"","ele-1:All FHIR elements must have a @value or children {hasValue() or (children().count() > id.count())}
"
"dnpm-lm-patient-record.specimens.diagnosis.id","dnpm-lm-patient-record.specimens.diagnosis.id","","","",1,1,"","","","string {[]} {[]}
","Diagnosis ID","Diagnosis ID","","","","","","","","","",,,,,"",,,,"Element.id",0,1,"",""
"dnpm-lm-patient-record.specimens.diagnosis.extension","dnpm-lm-patient-record.specimens.diagnosis.extension","","extensions
user content","",0,*,"","","","Extension {[]} {[]}
","Additional content defined by implementations","May be used to represent additional information that is not part of the basic definition of the element. To make the use of extensions safe and manageable, there is a strict set of governance  applied to the definition and use of extensions. Though any implementer can define an extension, there is a set of requirements that SHALL be met as part of the definition of the extension.","There can be no stigma associated with the use of extensions by any application, project, or standard - regardless of the institution or jurisdiction that uses or defines the extensions.  The use of extensions is what allows the FHIR specification to retain a core level of simplicity for everyone.","","","","","","","","",,,,,"","value:url}
","Extensions are always sliced by (at least) url",,"open","Element.extension",0,*,"","ele-1:All FHIR elements must have a @value or children {hasValue() or (children().count() > id.count())}
ext-1:Must have either extensions or value[x], not both {extension.exists() != value.exists()}"
"dnpm-lm-patient-record.specimens.diagnosis.modifierExtension","dnpm-lm-patient-record.specimens.diagnosis.modifierExtension","","extensions
user contentmodifiers","",0,*,"","Y","Y","Extension {[]} {[]}
","Extensions that cannot be ignored even if unrecognized","May be used to represent additional information that is not part of the basic definition of the element and that modifies the understanding of the element in which it is contained and/or the understanding of the containing element's descendants. Usually modifier elements provide negation or qualification. To make the use of extensions safe and manageable, there is a strict set of governance applied to the definition and use of extensions. Though any implementer can define an extension, there is a set of requirements that SHALL be met as part of the definition of the extension. Applications processing a resource are required to check for modifier extensions.

Modifier extensions SHALL NOT change the meaning of any elements on Resource or DomainResource (including cannot change the meaning of modifierExtension itself).","There can be no stigma associated with the use of extensions by any application, project, or standard - regardless of the institution or jurisdiction that uses or defines the extensions.  The use of extensions is what allows the FHIR specification to retain a core level of simplicity for everyone.","Modifier extensions allow for extensions that *cannot* be safely ignored to be clearly distinguished from the vast majority of extensions which can be safely ignored.  This promotes interoperability by eliminating the need for implementers to prohibit the presence of extensions. For further information, see the [definition of modifier extensions](http://hl7.org/fhir/R4/extensibility.html#modifierExtension).","","","","","","","",,,,,"",,,,"BackboneElement.modifierExtension",0,*,"","ele-1:All FHIR elements must have a @value or children {hasValue() or (children().count() > id.count())}
ext-1:Must have either extensions or value[x], not both {extension.exists() != value.exists()}"
"dnpm-lm-patient-record.specimens.diagnosis.type","dnpm-lm-patient-record.specimens.diagnosis.type","","","",1,1,"","","","string {[]} {[]}
","Reference type (MTBDiagnosis)","Reference type (MTBDiagnosis)","","","","","","","","","",,,,,"",,,,"dnpm-lm-patient-record.specimens.diagnosis.type",1,1,"",""
"dnpm-lm-patient-record.specimens.type","dnpm-lm-patient-record.specimens.type","","","",0,1,"","","","BackboneElement {[]} {[]}
","Specimen type","Specimen type","","","","","","","","","",,,,,"",,,,"dnpm-lm-patient-record.specimens.type",0,1,"","ele-1:All FHIR elements must have a @value or children {hasValue() or (children().count() > id.count())}
","MTB: Specimen.type"
"dnpm-lm-patient-record.specimens.type.id","dnpm-lm-patient-record.specimens.type.id","","","",0,1,"","","","string {[]} {[]}
","Unique id for inter-element referencing","Unique id for the element within a resource (for internal references). This may be any string value that does not contain spaces.","","","","","","","","","",,,,,"",,,,"Element.id",0,1,"",""
"dnpm-lm-patient-record.specimens.type.extension","dnpm-lm-patient-record.specimens.type.extension","","extensions
user content","",0,*,"","","","Extension {[]} {[]}
","Additional content defined by implementations","May be used to represent additional information that is not part of the basic definition of the element. To make the use of extensions safe and manageable, there is a strict set of governance  applied to the definition and use of extensions. Though any implementer can define an extension, there is a set of requirements that SHALL be met as part of the definition of the extension.","There can be no stigma associated with the use of extensions by any application, project, or standard - regardless of the institution or jurisdiction that uses or defines the extensions.  The use of extensions is what allows the FHIR specification to retain a core level of simplicity for everyone.","","","","","","","","",,,,,"","value:url}
","Extensions are always sliced by (at least) url",,"open","Element.extension",0,*,"","ele-1:All FHIR elements must have a @value or children {hasValue() or (children().count() > id.count())}
ext-1:Must have either extensions or value[x], not both {extension.exists() != value.exists()}"
"dnpm-lm-patient-record.specimens.type.modifierExtension","dnpm-lm-patient-record.specimens.type.modifierExtension","","extensions
user contentmodifiers","",0,*,"","Y","Y","Extension {[]} {[]}
","Extensions that cannot be ignored even if unrecognized","May be used to represent additional information that is not part of the basic definition of the element and that modifies the understanding of the element in which it is contained and/or the understanding of the containing element's descendants. Usually modifier elements provide negation or qualification. To make the use of extensions safe and manageable, there is a strict set of governance applied to the definition and use of extensions. Though any implementer can define an extension, there is a set of requirements that SHALL be met as part of the definition of the extension. Applications processing a resource are required to check for modifier extensions.

Modifier extensions SHALL NOT change the meaning of any elements on Resource or DomainResource (including cannot change the meaning of modifierExtension itself).","There can be no stigma associated with the use of extensions by any application, project, or standard - regardless of the institution or jurisdiction that uses or defines the extensions.  The use of extensions is what allows the FHIR specification to retain a core level of simplicity for everyone.","Modifier extensions allow for extensions that *cannot* be safely ignored to be clearly distinguished from the vast majority of extensions which can be safely ignored.  This promotes interoperability by eliminating the need for implementers to prohibit the presence of extensions. For further information, see the [definition of modifier extensions](http://hl7.org/fhir/R4/extensibility.html#modifierExtension).","","","","","","","",,,,,"",,,,"BackboneElement.modifierExtension",0,*,"","ele-1:All FHIR elements must have a @value or children {hasValue() or (children().count() > id.count())}
ext-1:Must have either extensions or value[x], not both {extension.exists() != value.exists()}"
"dnpm-lm-patient-record.specimens.type.code","dnpm-lm-patient-record.specimens.type.code","","","",1,1,"","","","string {[]} {[]}
","Specimen type code (e.g. fresh-tissue)","Specimen type code (e.g. fresh-tissue)","","","","","","","","","",,,,,"",,,,"dnpm-lm-patient-record.specimens.type.code",1,1,"",""
"dnpm-lm-patient-record.specimens.type.display","dnpm-lm-patient-record.specimens.type.display","","","",0,1,"","","","string {[]} {[]}
","Specimen type display","Specimen type display","","","","","","","","","",,,,,"",,,,"dnpm-lm-patient-record.specimens.type.display",0,1,"",""
"dnpm-lm-patient-record.specimens.type.system","dnpm-lm-patient-record.specimens.type.system","","","",1,1,"","","","string {[]} {[]}
","Specimen type system URI","Specimen type system URI","","","","","","","","","",,,,,"",,,,"dnpm-lm-patient-record.specimens.type.system",1,1,"",""
"dnpm-lm-patient-record.specimens.collection","dnpm-lm-patient-record.specimens.collection","","","",0,1,"","","","BackboneElement {[]} {[]}
","Specimen collection details","Specimen collection details","","","","","","","","","",,,,,"",,,,"dnpm-lm-patient-record.specimens.collection",0,1,"","ele-1:All FHIR elements must have a @value or children {hasValue() or (children().count() > id.count())}
","MTB: Specimen.collection"
"dnpm-lm-patient-record.specimens.collection.id","dnpm-lm-patient-record.specimens.collection.id","","","",0,1,"","","","string {[]} {[]}
","Unique id for inter-element referencing","Unique id for the element within a resource (for internal references). This may be any string value that does not contain spaces.","","","","","","","","","",,,,,"",,,,"Element.id",0,1,"",""
"dnpm-lm-patient-record.specimens.collection.extension","dnpm-lm-patient-record.specimens.collection.extension","","extensions
user content","",0,*,"","","","Extension {[]} {[]}
","Additional content defined by implementations","May be used to represent additional information that is not part of the basic definition of the element. To make the use of extensions safe and manageable, there is a strict set of governance  applied to the definition and use of extensions. Though any implementer can define an extension, there is a set of requirements that SHALL be met as part of the definition of the extension.","There can be no stigma associated with the use of extensions by any application, project, or standard - regardless of the institution or jurisdiction that uses or defines the extensions.  The use of extensions is what allows the FHIR specification to retain a core level of simplicity for everyone.","","","","","","","","",,,,,"","value:url}
","Extensions are always sliced by (at least) url",,"open","Element.extension",0,*,"","ele-1:All FHIR elements must have a @value or children {hasValue() or (children().count() > id.count())}
ext-1:Must have either extensions or value[x], not both {extension.exists() != value.exists()}"
"dnpm-lm-patient-record.specimens.collection.modifierExtension","dnpm-lm-patient-record.specimens.collection.modifierExtension","","extensions
user contentmodifiers","",0,*,"","Y","Y","Extension {[]} {[]}
","Extensions that cannot be ignored even if unrecognized","May be used to represent additional information that is not part of the basic definition of the element and that modifies the understanding of the element in which it is contained and/or the understanding of the containing element's descendants. Usually modifier elements provide negation or qualification. To make the use of extensions safe and manageable, there is a strict set of governance applied to the definition and use of extensions. Though any implementer can define an extension, there is a set of requirements that SHALL be met as part of the definition of the extension. Applications processing a resource are required to check for modifier extensions.

Modifier extensions SHALL NOT change the meaning of any elements on Resource or DomainResource (including cannot change the meaning of modifierExtension itself).","There can be no stigma associated with the use of extensions by any application, project, or standard - regardless of the institution or jurisdiction that uses or defines the extensions.  The use of extensions is what allows the FHIR specification to retain a core level of simplicity for everyone.","Modifier extensions allow for extensions that *cannot* be safely ignored to be clearly distinguished from the vast majority of extensions which can be safely ignored.  This promotes interoperability by eliminating the need for implementers to prohibit the presence of extensions. For further information, see the [definition of modifier extensions](http://hl7.org/fhir/R4/extensibility.html#modifierExtension).","","","","","","","",,,,,"",,,,"BackboneElement.modifierExtension",0,*,"","ele-1:All FHIR elements must have a @value or children {hasValue() or (children().count() > id.count())}
ext-1:Must have either extensions or value[x], not both {extension.exists() != value.exists()}"
"dnpm-lm-patient-record.specimens.collection.date","dnpm-lm-patient-record.specimens.collection.date","","","",0,1,"","","","string {[]} {[]}
","Collection date (YYYY-MM-DD)","Collection date (YYYY-MM-DD)","","","","","","","","","",,,,,"",,,,"dnpm-lm-patient-record.specimens.collection.date",0,1,"","","MTB: Specimen.collection.collectedDateTime"
"dnpm-lm-patient-record.specimens.collection.site","dnpm-lm-patient-record.specimens.collection.site","","","",0,1,"","","","BackboneElement {[]} {[]}
","Collection site (ICD-O-3 topography)","Collection site (ICD-O-3 topography)","","","","","","","","","",,,,,"",,,,"dnpm-lm-patient-record.specimens.collection.site",0,1,"","ele-1:All FHIR elements must have a @value or children {hasValue() or (children().count() > id.count())}
","MTB: Specimen.collection.bodySite"
"dnpm-lm-patient-record.specimens.collection.site.id","dnpm-lm-patient-record.specimens.collection.site.id","","","",0,1,"","","","string {[]} {[]}
","Unique id for inter-element referencing","Unique id for the element within a resource (for internal references). This may be any string value that does not contain spaces.","","","","","","","","","",,,,,"",,,,"Element.id",0,1,"",""
"dnpm-lm-patient-record.specimens.collection.site.extension","dnpm-lm-patient-record.specimens.collection.site.extension","","extensions
user content","",0,*,"","","","Extension {[]} {[]}
","Additional content defined by implementations","May be used to represent additional information that is not part of the basic definition of the element. To make the use of extensions safe and manageable, there is a strict set of governance  applied to the definition and use of extensions. Though any implementer can define an extension, there is a set of requirements that SHALL be met as part of the definition of the extension.","There can be no stigma associated with the use of extensions by any application, project, or standard - regardless of the institution or jurisdiction that uses or defines the extensions.  The use of extensions is what allows the FHIR specification to retain a core level of simplicity for everyone.","","","","","","","","",,,,,"","value:url}
","Extensions are always sliced by (at least) url",,"open","Element.extension",0,*,"","ele-1:All FHIR elements must have a @value or children {hasValue() or (children().count() > id.count())}
ext-1:Must have either extensions or value[x], not both {extension.exists() != value.exists()}"
"dnpm-lm-patient-record.specimens.collection.site.modifierExtension","dnpm-lm-patient-record.specimens.collection.site.modifierExtension","","extensions
user contentmodifiers","",0,*,"","Y","Y","Extension {[]} {[]}
","Extensions that cannot be ignored even if unrecognized","May be used to represent additional information that is not part of the basic definition of the element and that modifies the understanding of the element in which it is contained and/or the understanding of the containing element's descendants. Usually modifier elements provide negation or qualification. To make the use of extensions safe and manageable, there is a strict set of governance applied to the definition and use of extensions. Though any implementer can define an extension, there is a set of requirements that SHALL be met as part of the definition of the extension. Applications processing a resource are required to check for modifier extensions.

Modifier extensions SHALL NOT change the meaning of any elements on Resource or DomainResource (including cannot change the meaning of modifierExtension itself).","There can be no stigma associated with the use of extensions by any application, project, or standard - regardless of the institution or jurisdiction that uses or defines the extensions.  The use of extensions is what allows the FHIR specification to retain a core level of simplicity for everyone.","Modifier extensions allow for extensions that *cannot* be safely ignored to be clearly distinguished from the vast majority of extensions which can be safely ignored.  This promotes interoperability by eliminating the need for implementers to prohibit the presence of extensions. For further information, see the [definition of modifier extensions](http://hl7.org/fhir/R4/extensibility.html#modifierExtension).","","","","","","","",,,,,"",,,,"BackboneElement.modifierExtension",0,*,"","ele-1:All FHIR elements must have a @value or children {hasValue() or (children().count() > id.count())}
ext-1:Must have either extensions or value[x], not both {extension.exists() != value.exists()}"
"dnpm-lm-patient-record.specimens.collection.site.code","dnpm-lm-patient-record.specimens.collection.site.code","","","",1,1,"","","","string {[]} {[]}
","Site code","Site code","","","","","","","","","",,,,,"",,,,"dnpm-lm-patient-record.specimens.collection.site.code",1,1,"",""
"dnpm-lm-patient-record.specimens.collection.site.display","dnpm-lm-patient-record.specimens.collection.site.display","","","",0,1,"","","","string {[]} {[]}
","Site display","Site display","","","","","","","","","",,,,,"",,,,"dnpm-lm-patient-record.specimens.collection.site.display",0,1,"",""
"dnpm-lm-patient-record.specimens.collection.site.system","dnpm-lm-patient-record.specimens.collection.site.system","","","",1,1,"","","","string {[]} {[]}
","Site system URI","Site system URI","","","","","","","","","",,,,,"",,,,"dnpm-lm-patient-record.specimens.collection.site.system",1,1,"",""
"dnpm-lm-patient-record.specimens.collection.site.version","dnpm-lm-patient-record.specimens.collection.site.version","","","",0,1,"","","","string {[]} {[]}
","ICD-O-3 version","ICD-O-3 version","","","","","","","","","",,,,,"",,,,"dnpm-lm-patient-record.specimens.collection.site.version",0,1,"",""
"dnpm-lm-patient-record.specimens.collection.method","dnpm-lm-patient-record.specimens.collection.method","","","",0,1,"","","","BackboneElement {[]} {[]}
","Collection method","Collection method","","","","","","","","","",,,,,"",,,,"dnpm-lm-patient-record.specimens.collection.method",0,1,"","ele-1:All FHIR elements must have a @value or children {hasValue() or (children().count() > id.count())}
","MTB: Specimen.collection.method"
"dnpm-lm-patient-record.specimens.collection.method.id","dnpm-lm-patient-record.specimens.collection.method.id","","","",0,1,"","","","string {[]} {[]}
","Unique id for inter-element referencing","Unique id for the element within a resource (for internal references). This may be any string value that does not contain spaces.","","","","","","","","","",,,,,"",,,,"Element.id",0,1,"",""
"dnpm-lm-patient-record.specimens.collection.method.extension","dnpm-lm-patient-record.specimens.collection.method.extension","","extensions
user content","",0,*,"","","","Extension {[]} {[]}
","Additional content defined by implementations","May be used to represent additional information that is not part of the basic definition of the element. To make the use of extensions safe and manageable, there is a strict set of governance  applied to the definition and use of extensions. Though any implementer can define an extension, there is a set of requirements that SHALL be met as part of the definition of the extension.","There can be no stigma associated with the use of extensions by any application, project, or standard - regardless of the institution or jurisdiction that uses or defines the extensions.  The use of extensions is what allows the FHIR specification to retain a core level of simplicity for everyone.","","","","","","","","",,,,,"","value:url}
","Extensions are always sliced by (at least) url",,"open","Element.extension",0,*,"","ele-1:All FHIR elements must have a @value or children {hasValue() or (children().count() > id.count())}
ext-1:Must have either extensions or value[x], not both {extension.exists() != value.exists()}"
"dnpm-lm-patient-record.specimens.collection.method.modifierExtension","dnpm-lm-patient-record.specimens.collection.method.modifierExtension","","extensions
user contentmodifiers","",0,*,"","Y","Y","Extension {[]} {[]}
","Extensions that cannot be ignored even if unrecognized","May be used to represent additional information that is not part of the basic definition of the element and that modifies the understanding of the element in which it is contained and/or the understanding of the containing element's descendants. Usually modifier elements provide negation or qualification. To make the use of extensions safe and manageable, there is a strict set of governance applied to the definition and use of extensions. Though any implementer can define an extension, there is a set of requirements that SHALL be met as part of the definition of the extension. Applications processing a resource are required to check for modifier extensions.

Modifier extensions SHALL NOT change the meaning of any elements on Resource or DomainResource (including cannot change the meaning of modifierExtension itself).","There can be no stigma associated with the use of extensions by any application, project, or standard - regardless of the institution or jurisdiction that uses or defines the extensions.  The use of extensions is what allows the FHIR specification to retain a core level of simplicity for everyone.","Modifier extensions allow for extensions that *cannot* be safely ignored to be clearly distinguished from the vast majority of extensions which can be safely ignored.  This promotes interoperability by eliminating the need for implementers to prohibit the presence of extensions. For further information, see the [definition of modifier extensions](http://hl7.org/fhir/R4/extensibility.html#modifierExtension).","","","","","","","",,,,,"",,,,"BackboneElement.modifierExtension",0,*,"","ele-1:All FHIR elements must have a @value or children {hasValue() or (children().count() > id.count())}
ext-1:Must have either extensions or value[x], not both {extension.exists() != value.exists()}"
"dnpm-lm-patient-record.specimens.collection.method.code","dnpm-lm-patient-record.specimens.collection.method.code","","","",1,1,"","","","string {[]} {[]}
","Method code (e.g. biopsy)","Method code (e.g. biopsy)","","","","","","","","","",,,,,"",,,,"dnpm-lm-patient-record.specimens.collection.method.code",1,1,"",""
"dnpm-lm-patient-record.specimens.collection.method.display","dnpm-lm-patient-record.specimens.collection.method.display","","","",0,1,"","","","string {[]} {[]}
","Method display","Method display","","","","","","","","","",,,,,"",,,,"dnpm-lm-patient-record.specimens.collection.method.display",0,1,"",""
"dnpm-lm-patient-record.specimens.collection.method.system","dnpm-lm-patient-record.specimens.collection.method.system","","","",1,1,"","","","string {[]} {[]}
","Method system URI","Method system URI","","","","","","","","","",,,,,"",,,,"dnpm-lm-patient-record.specimens.collection.method.system",1,1,"",""
"dnpm-lm-patient-record.priorDiagnosticReports","dnpm-lm-patient-record.priorDiagnosticReports","","","",0,*,"","","","BackboneElement {[]} {[]}
","Prior diagnostic reports (free-text)","Prior diagnostic reports (free-text)","","","","","","","","","",,,,,"",,,,"dnpm-lm-patient-record.priorDiagnosticReports",0,*,"","ele-1:All FHIR elements must have a @value or children {hasValue() or (children().count() > id.count())}
","Pathologie: DiagnosticReport (MolecularPathology)"
"dnpm-lm-patient-record.priorDiagnosticReports.id","dnpm-lm-patient-record.priorDiagnosticReports.id","","","",1,1,"","","","string {[]} {[]}
","Report UUID","Report UUID","","","","","","","","","",,,,,"",,,,"Element.id",0,1,"","","Pathologie: DiagnosticReport.identifier"
"dnpm-lm-patient-record.priorDiagnosticReports.extension","dnpm-lm-patient-record.priorDiagnosticReports.extension","","extensions
user content","",0,*,"","","","Extension {[]} {[]}
","Additional content defined by implementations","May be used to represent additional information that is not part of the basic definition of the element. To make the use of extensions safe and manageable, there is a strict set of governance  applied to the definition and use of extensions. Though any implementer can define an extension, there is a set of requirements that SHALL be met as part of the definition of the extension.","There can be no stigma associated with the use of extensions by any application, project, or standard - regardless of the institution or jurisdiction that uses or defines the extensions.  The use of extensions is what allows the FHIR specification to retain a core level of simplicity for everyone.","","","","","","","","",,,,,"","value:url}
","Extensions are always sliced by (at least) url",,"open","Element.extension",0,*,"","ele-1:All FHIR elements must have a @value or children {hasValue() or (children().count() > id.count())}
ext-1:Must have either extensions or value[x], not both {extension.exists() != value.exists()}"
"dnpm-lm-patient-record.priorDiagnosticReports.modifierExtension","dnpm-lm-patient-record.priorDiagnosticReports.modifierExtension","","extensions
user contentmodifiers","",0,*,"","Y","Y","Extension {[]} {[]}
","Extensions that cannot be ignored even if unrecognized","May be used to represent additional information that is not part of the basic definition of the element and that modifies the understanding of the element in which it is contained and/or the understanding of the containing element's descendants. Usually modifier elements provide negation or qualification. To make the use of extensions safe and manageable, there is a strict set of governance applied to the definition and use of extensions. Though any implementer can define an extension, there is a set of requirements that SHALL be met as part of the definition of the extension. Applications processing a resource are required to check for modifier extensions.

Modifier extensions SHALL NOT change the meaning of any elements on Resource or DomainResource (including cannot change the meaning of modifierExtension itself).","There can be no stigma associated with the use of extensions by any application, project, or standard - regardless of the institution or jurisdiction that uses or defines the extensions.  The use of extensions is what allows the FHIR specification to retain a core level of simplicity for everyone.","Modifier extensions allow for extensions that *cannot* be safely ignored to be clearly distinguished from the vast majority of extensions which can be safely ignored.  This promotes interoperability by eliminating the need for implementers to prohibit the presence of extensions. For further information, see the [definition of modifier extensions](http://hl7.org/fhir/R4/extensibility.html#modifierExtension).","","","","","","","",,,,,"",,,,"BackboneElement.modifierExtension",0,*,"","ele-1:All FHIR elements must have a @value or children {hasValue() or (children().count() > id.count())}
ext-1:Must have either extensions or value[x], not both {extension.exists() != value.exists()}"
"dnpm-lm-patient-record.priorDiagnosticReports.patient","dnpm-lm-patient-record.priorDiagnosticReports.patient","","","",1,1,"","","","BackboneElement {[]} {[]}
","Patient reference","Patient reference","","","","","","","","","",,,,,"",,,,"dnpm-lm-patient-record.priorDiagnosticReports.patient",1,1,"","ele-1:All FHIR elements must have a @value or children {hasValue() or (children().count() > id.count())}
","Pathologie: DiagnosticReport.subject"
"dnpm-lm-patient-record.priorDiagnosticReports.patient.id","dnpm-lm-patient-record.priorDiagnosticReports.patient.id","","","",1,1,"","","","string {[]} {[]}
","Patient ID","Patient ID","","","","","","","","","",,,,,"",,,,"Element.id",0,1,"",""
"dnpm-lm-patient-record.priorDiagnosticReports.patient.extension","dnpm-lm-patient-record.priorDiagnosticReports.patient.extension","","extensions
user content","",0,*,"","","","Extension {[]} {[]}
","Additional content defined by implementations","May be used to represent additional information that is not part of the basic definition of the element. To make the use of extensions safe and manageable, there is a strict set of governance  applied to the definition and use of extensions. Though any implementer can define an extension, there is a set of requirements that SHALL be met as part of the definition of the extension.","There can be no stigma associated with the use of extensions by any application, project, or standard - regardless of the institution or jurisdiction that uses or defines the extensions.  The use of extensions is what allows the FHIR specification to retain a core level of simplicity for everyone.","","","","","","","","",,,,,"","value:url}
","Extensions are always sliced by (at least) url",,"open","Element.extension",0,*,"","ele-1:All FHIR elements must have a @value or children {hasValue() or (children().count() > id.count())}
ext-1:Must have either extensions or value[x], not both {extension.exists() != value.exists()}"
"dnpm-lm-patient-record.priorDiagnosticReports.patient.modifierExtension","dnpm-lm-patient-record.priorDiagnosticReports.patient.modifierExtension","","extensions
user contentmodifiers","",0,*,"","Y","Y","Extension {[]} {[]}
","Extensions that cannot be ignored even if unrecognized","May be used to represent additional information that is not part of the basic definition of the element and that modifies the understanding of the element in which it is contained and/or the understanding of the containing element's descendants. Usually modifier elements provide negation or qualification. To make the use of extensions safe and manageable, there is a strict set of governance applied to the definition and use of extensions. Though any implementer can define an extension, there is a set of requirements that SHALL be met as part of the definition of the extension. Applications processing a resource are required to check for modifier extensions.

Modifier extensions SHALL NOT change the meaning of any elements on Resource or DomainResource (including cannot change the meaning of modifierExtension itself).","There can be no stigma associated with the use of extensions by any application, project, or standard - regardless of the institution or jurisdiction that uses or defines the extensions.  The use of extensions is what allows the FHIR specification to retain a core level of simplicity for everyone.","Modifier extensions allow for extensions that *cannot* be safely ignored to be clearly distinguished from the vast majority of extensions which can be safely ignored.  This promotes interoperability by eliminating the need for implementers to prohibit the presence of extensions. For further information, see the [definition of modifier extensions](http://hl7.org/fhir/R4/extensibility.html#modifierExtension).","","","","","","","",,,,,"",,,,"BackboneElement.modifierExtension",0,*,"","ele-1:All FHIR elements must have a @value or children {hasValue() or (children().count() > id.count())}
ext-1:Must have either extensions or value[x], not both {extension.exists() != value.exists()}"
"dnpm-lm-patient-record.priorDiagnosticReports.patient.type","dnpm-lm-patient-record.priorDiagnosticReports.patient.type","","","",1,1,"","","","string {[]} {[]}
","Reference type (Patient)","Reference type (Patient)","","","","","","","","","",,,,,"",,,,"dnpm-lm-patient-record.priorDiagnosticReports.patient.type",1,1,"",""
"dnpm-lm-patient-record.priorDiagnosticReports.issuedOn","dnpm-lm-patient-record.priorDiagnosticReports.issuedOn","","","",1,1,"","","","string {[]} {[]}
","Report issue date (YYYY-MM-DD)","Report issue date (YYYY-MM-DD)","","","","","","","","","",,,,,"",,,,"dnpm-lm-patient-record.priorDiagnosticReports.issuedOn",1,1,"","","Pathologie: DiagnosticReport.issued"
"dnpm-lm-patient-record.priorDiagnosticReports.results","dnpm-lm-patient-record.priorDiagnosticReports.results","","","",0,*,"","","","string {[]} {[]}
","Free-text diagnostic result strings","Free-text diagnostic result strings","","","","","","","","","",,,,,"",,,,"dnpm-lm-patient-record.priorDiagnosticReports.results",0,*,"",""
"dnpm-lm-patient-record.histologyReports","dnpm-lm-patient-record.histologyReports","","","",0,*,"","","","BackboneElement {[]} {[]}
","Histology report entries","Histology report entries","","","","","","","","","",,,,,"",,,,"dnpm-lm-patient-record.histologyReports",0,*,"","ele-1:All FHIR elements must have a @value or children {hasValue() or (children().count() > id.count())}
","Pathologie: DiagnosticReport (Histology)"
"dnpm-lm-patient-record.histologyReports.id","dnpm-lm-patient-record.histologyReports.id","","","",1,1,"","","","string {[]} {[]}
","Histology report UUID","Histology report UUID","","","","","","","","","",,,,,"",,,,"Element.id",0,1,"","","Pathologie: DiagnosticReport.identifier"
"dnpm-lm-patient-record.histologyReports.extension","dnpm-lm-patient-record.histologyReports.extension","","extensions
user content","",0,*,"","","","Extension {[]} {[]}
","Additional content defined by implementations","May be used to represent additional information that is not part of the basic definition of the element. To make the use of extensions safe and manageable, there is a strict set of governance  applied to the definition and use of extensions. Though any implementer can define an extension, there is a set of requirements that SHALL be met as part of the definition of the extension.","There can be no stigma associated with the use of extensions by any application, project, or standard - regardless of the institution or jurisdiction that uses or defines the extensions.  The use of extensions is what allows the FHIR specification to retain a core level of simplicity for everyone.","","","","","","","","",,,,,"","value:url}
","Extensions are always sliced by (at least) url",,"open","Element.extension",0,*,"","ele-1:All FHIR elements must have a @value or children {hasValue() or (children().count() > id.count())}
ext-1:Must have either extensions or value[x], not both {extension.exists() != value.exists()}"
"dnpm-lm-patient-record.histologyReports.modifierExtension","dnpm-lm-patient-record.histologyReports.modifierExtension","","extensions
user contentmodifiers","",0,*,"","Y","Y","Extension {[]} {[]}
","Extensions that cannot be ignored even if unrecognized","May be used to represent additional information that is not part of the basic definition of the element and that modifies the understanding of the element in which it is contained and/or the understanding of the containing element's descendants. Usually modifier elements provide negation or qualification. To make the use of extensions safe and manageable, there is a strict set of governance applied to the definition and use of extensions. Though any implementer can define an extension, there is a set of requirements that SHALL be met as part of the definition of the extension. Applications processing a resource are required to check for modifier extensions.

Modifier extensions SHALL NOT change the meaning of any elements on Resource or DomainResource (including cannot change the meaning of modifierExtension itself).","There can be no stigma associated with the use of extensions by any application, project, or standard - regardless of the institution or jurisdiction that uses or defines the extensions.  The use of extensions is what allows the FHIR specification to retain a core level of simplicity for everyone.","Modifier extensions allow for extensions that *cannot* be safely ignored to be clearly distinguished from the vast majority of extensions which can be safely ignored.  This promotes interoperability by eliminating the need for implementers to prohibit the presence of extensions. For further information, see the [definition of modifier extensions](http://hl7.org/fhir/R4/extensibility.html#modifierExtension).","","","","","","","",,,,,"",,,,"BackboneElement.modifierExtension",0,*,"","ele-1:All FHIR elements must have a @value or children {hasValue() or (children().count() > id.count())}
ext-1:Must have either extensions or value[x], not both {extension.exists() != value.exists()}"
"dnpm-lm-patient-record.histologyReports.patient","dnpm-lm-patient-record.histologyReports.patient","","","",1,1,"","","","BackboneElement {[]} {[]}
","Patient reference","Patient reference","","","","","","","","","",,,,,"",,,,"dnpm-lm-patient-record.histologyReports.patient",1,1,"","ele-1:All FHIR elements must have a @value or children {hasValue() or (children().count() > id.count())}
","Pathologie: DiagnosticReport.subject"
"dnpm-lm-patient-record.histologyReports.patient.id","dnpm-lm-patient-record.histologyReports.patient.id","","","",1,1,"","","","string {[]} {[]}
","Patient ID","Patient ID","","","","","","","","","",,,,,"",,,,"Element.id",0,1,"",""
"dnpm-lm-patient-record.histologyReports.patient.extension","dnpm-lm-patient-record.histologyReports.patient.extension","","extensions
user content","",0,*,"","","","Extension {[]} {[]}
","Additional content defined by implementations","May be used to represent additional information that is not part of the basic definition of the element. To make the use of extensions safe and manageable, there is a strict set of governance  applied to the definition and use of extensions. Though any implementer can define an extension, there is a set of requirements that SHALL be met as part of the definition of the extension.","There can be no stigma associated with the use of extensions by any application, project, or standard - regardless of the institution or jurisdiction that uses or defines the extensions.  The use of extensions is what allows the FHIR specification to retain a core level of simplicity for everyone.","","","","","","","","",,,,,"","value:url}
","Extensions are always sliced by (at least) url",,"open","Element.extension",0,*,"","ele-1:All FHIR elements must have a @value or children {hasValue() or (children().count() > id.count())}
ext-1:Must have either extensions or value[x], not both {extension.exists() != value.exists()}"
"dnpm-lm-patient-record.histologyReports.patient.modifierExtension","dnpm-lm-patient-record.histologyReports.patient.modifierExtension","","extensions
user contentmodifiers","",0,*,"","Y","Y","Extension {[]} {[]}
","Extensions that cannot be ignored even if unrecognized","May be used to represent additional information that is not part of the basic definition of the element and that modifies the understanding of the element in which it is contained and/or the understanding of the containing element's descendants. Usually modifier elements provide negation or qualification. To make the use of extensions safe and manageable, there is a strict set of governance applied to the definition and use of extensions. Though any implementer can define an extension, there is a set of requirements that SHALL be met as part of the definition of the extension. Applications processing a resource are required to check for modifier extensions.

Modifier extensions SHALL NOT change the meaning of any elements on Resource or DomainResource (including cannot change the meaning of modifierExtension itself).","There can be no stigma associated with the use of extensions by any application, project, or standard - regardless of the institution or jurisdiction that uses or defines the extensions.  The use of extensions is what allows the FHIR specification to retain a core level of simplicity for everyone.","Modifier extensions allow for extensions that *cannot* be safely ignored to be clearly distinguished from the vast majority of extensions which can be safely ignored.  This promotes interoperability by eliminating the need for implementers to prohibit the presence of extensions. For further information, see the [definition of modifier extensions](http://hl7.org/fhir/R4/extensibility.html#modifierExtension).","","","","","","","",,,,,"",,,,"BackboneElement.modifierExtension",0,*,"","ele-1:All FHIR elements must have a @value or children {hasValue() or (children().count() > id.count())}
ext-1:Must have either extensions or value[x], not both {extension.exists() != value.exists()}"
"dnpm-lm-patient-record.histologyReports.patient.type","dnpm-lm-patient-record.histologyReports.patient.type","","","",1,1,"","","","string {[]} {[]}
","Reference type (Patient)","Reference type (Patient)","","","","","","","","","",,,,,"",,,,"dnpm-lm-patient-record.histologyReports.patient.type",1,1,"",""
"dnpm-lm-patient-record.histologyReports.specimen","dnpm-lm-patient-record.histologyReports.specimen","","","",1,1,"","","","BackboneElement {[]} {[]}
","Tumor specimen reference","Tumor specimen reference","","","","","","","","","",,,,,"",,,,"dnpm-lm-patient-record.histologyReports.specimen",1,1,"","ele-1:All FHIR elements must have a @value or children {hasValue() or (children().count() > id.count())}
","Pathologie: DiagnosticReport.specimen"
"dnpm-lm-patient-record.histologyReports.specimen.id","dnpm-lm-patient-record.histologyReports.specimen.id","","","",1,1,"","","","string {[]} {[]}
","Specimen ID","Specimen ID","","","","","","","","","",,,,,"",,,,"Element.id",0,1,"",""
"dnpm-lm-patient-record.histologyReports.specimen.extension","dnpm-lm-patient-record.histologyReports.specimen.extension","","extensions
user content","",0,*,"","","","Extension {[]} {[]}
","Additional content defined by implementations","May be used to represent additional information that is not part of the basic definition of the element. To make the use of extensions safe and manageable, there is a strict set of governance  applied to the definition and use of extensions. Though any implementer can define an extension, there is a set of requirements that SHALL be met as part of the definition of the extension.","There can be no stigma associated with the use of extensions by any application, project, or standard - regardless of the institution or jurisdiction that uses or defines the extensions.  The use of extensions is what allows the FHIR specification to retain a core level of simplicity for everyone.","","","","","","","","",,,,,"","value:url}
","Extensions are always sliced by (at least) url",,"open","Element.extension",0,*,"","ele-1:All FHIR elements must have a @value or children {hasValue() or (children().count() > id.count())}
ext-1:Must have either extensions or value[x], not both {extension.exists() != value.exists()}"
"dnpm-lm-patient-record.histologyReports.specimen.modifierExtension","dnpm-lm-patient-record.histologyReports.specimen.modifierExtension","","extensions
user contentmodifiers","",0,*,"","Y","Y","Extension {[]} {[]}
","Extensions that cannot be ignored even if unrecognized","May be used to represent additional information that is not part of the basic definition of the element and that modifies the understanding of the element in which it is contained and/or the understanding of the containing element's descendants. Usually modifier elements provide negation or qualification. To make the use of extensions safe and manageable, there is a strict set of governance applied to the definition and use of extensions. Though any implementer can define an extension, there is a set of requirements that SHALL be met as part of the definition of the extension. Applications processing a resource are required to check for modifier extensions.

Modifier extensions SHALL NOT change the meaning of any elements on Resource or DomainResource (including cannot change the meaning of modifierExtension itself).","There can be no stigma associated with the use of extensions by any application, project, or standard - regardless of the institution or jurisdiction that uses or defines the extensions.  The use of extensions is what allows the FHIR specification to retain a core level of simplicity for everyone.","Modifier extensions allow for extensions that *cannot* be safely ignored to be clearly distinguished from the vast majority of extensions which can be safely ignored.  This promotes interoperability by eliminating the need for implementers to prohibit the presence of extensions. For further information, see the [definition of modifier extensions](http://hl7.org/fhir/R4/extensibility.html#modifierExtension).","","","","","","","",,,,,"",,,,"BackboneElement.modifierExtension",0,*,"","ele-1:All FHIR elements must have a @value or children {hasValue() or (children().count() > id.count())}
ext-1:Must have either extensions or value[x], not both {extension.exists() != value.exists()}"
"dnpm-lm-patient-record.histologyReports.specimen.type","dnpm-lm-patient-record.histologyReports.specimen.type","","","",1,1,"","","","string {[]} {[]}
","Reference type (TumorSpecimen)","Reference type (TumorSpecimen)","","","","","","","","","",,,,,"",,,,"dnpm-lm-patient-record.histologyReports.specimen.type",1,1,"",""
"dnpm-lm-patient-record.histologyReports.issuedOn","dnpm-lm-patient-record.histologyReports.issuedOn","","","",1,1,"","","","string {[]} {[]}
","Report issue date (YYYY-MM-DD)","Report issue date (YYYY-MM-DD)","","","","","","","","","",,,,,"",,,,"dnpm-lm-patient-record.histologyReports.issuedOn",1,1,"","","Pathologie: DiagnosticReport.issued"
"dnpm-lm-patient-record.histologyReports.results","dnpm-lm-patient-record.histologyReports.results","","","",0,1,"","","","BackboneElement {[]} {[]}
","Histology results","Histology results","","","","","","","","","",,,,,"",,,,"dnpm-lm-patient-record.histologyReports.results",0,1,"","ele-1:All FHIR elements must have a @value or children {hasValue() or (children().count() > id.count())}
","Pathologie: DiagnosticReport.result"
"dnpm-lm-patient-record.histologyReports.results.id","dnpm-lm-patient-record.histologyReports.results.id","","","",0,1,"","","","string {[]} {[]}
","Unique id for inter-element referencing","Unique id for the element within a resource (for internal references). This may be any string value that does not contain spaces.","","","","","","","","","",,,,,"",,,,"Element.id",0,1,"",""
"dnpm-lm-patient-record.histologyReports.results.extension","dnpm-lm-patient-record.histologyReports.results.extension","","extensions
user content","",0,*,"","","","Extension {[]} {[]}
","Additional content defined by implementations","May be used to represent additional information that is not part of the basic definition of the element. To make the use of extensions safe and manageable, there is a strict set of governance  applied to the definition and use of extensions. Though any implementer can define an extension, there is a set of requirements that SHALL be met as part of the definition of the extension.","There can be no stigma associated with the use of extensions by any application, project, or standard - regardless of the institution or jurisdiction that uses or defines the extensions.  The use of extensions is what allows the FHIR specification to retain a core level of simplicity for everyone.","","","","","","","","",,,,,"","value:url}
","Extensions are always sliced by (at least) url",,"open","Element.extension",0,*,"","ele-1:All FHIR elements must have a @value or children {hasValue() or (children().count() > id.count())}
ext-1:Must have either extensions or value[x], not both {extension.exists() != value.exists()}"
"dnpm-lm-patient-record.histologyReports.results.modifierExtension","dnpm-lm-patient-record.histologyReports.results.modifierExtension","","extensions
user contentmodifiers","",0,*,"","Y","Y","Extension {[]} {[]}
","Extensions that cannot be ignored even if unrecognized","May be used to represent additional information that is not part of the basic definition of the element and that modifies the understanding of the element in which it is contained and/or the understanding of the containing element's descendants. Usually modifier elements provide negation or qualification. To make the use of extensions safe and manageable, there is a strict set of governance applied to the definition and use of extensions. Though any implementer can define an extension, there is a set of requirements that SHALL be met as part of the definition of the extension. Applications processing a resource are required to check for modifier extensions.

Modifier extensions SHALL NOT change the meaning of any elements on Resource or DomainResource (including cannot change the meaning of modifierExtension itself).","There can be no stigma associated with the use of extensions by any application, project, or standard - regardless of the institution or jurisdiction that uses or defines the extensions.  The use of extensions is what allows the FHIR specification to retain a core level of simplicity for everyone.","Modifier extensions allow for extensions that *cannot* be safely ignored to be clearly distinguished from the vast majority of extensions which can be safely ignored.  This promotes interoperability by eliminating the need for implementers to prohibit the presence of extensions. For further information, see the [definition of modifier extensions](http://hl7.org/fhir/R4/extensibility.html#modifierExtension).","","","","","","","",,,,,"",,,,"BackboneElement.modifierExtension",0,*,"","ele-1:All FHIR elements must have a @value or children {hasValue() or (children().count() > id.count())}
ext-1:Must have either extensions or value[x], not both {extension.exists() != value.exists()}"
"dnpm-lm-patient-record.histologyReports.results.tumorCellContent","dnpm-lm-patient-record.histologyReports.results.tumorCellContent","","","",0,1,"","","","BackboneElement {[]} {[]}
","Histologic tumor cell content","Histologic tumor cell content","","","","","","","","","",,,,,"",,,,"dnpm-lm-patient-record.histologyReports.results.tumorCellContent",0,1,"","ele-1:All FHIR elements must have a @value or children {hasValue() or (children().count() > id.count())}
","MTB: Tumorzellgehalt (Observation)"
"dnpm-lm-patient-record.histologyReports.results.tumorCellContent.id","dnpm-lm-patient-record.histologyReports.results.tumorCellContent.id","","","",1,1,"","","","string {[]} {[]}
","Result UUID","Result UUID","","","","","","","","","",,,,,"",,,,"Element.id",0,1,"",""
"dnpm-lm-patient-record.histologyReports.results.tumorCellContent.extension","dnpm-lm-patient-record.histologyReports.results.tumorCellContent.extension","","extensions
user content","",0,*,"","","","Extension {[]} {[]}
","Additional content defined by implementations","May be used to represent additional information that is not part of the basic definition of the element. To make the use of extensions safe and manageable, there is a strict set of governance  applied to the definition and use of extensions. Though any implementer can define an extension, there is a set of requirements that SHALL be met as part of the definition of the extension.","There can be no stigma associated with the use of extensions by any application, project, or standard - regardless of the institution or jurisdiction that uses or defines the extensions.  The use of extensions is what allows the FHIR specification to retain a core level of simplicity for everyone.","","","","","","","","",,,,,"","value:url}
","Extensions are always sliced by (at least) url",,"open","Element.extension",0,*,"","ele-1:All FHIR elements must have a @value or children {hasValue() or (children().count() > id.count())}
ext-1:Must have either extensions or value[x], not both {extension.exists() != value.exists()}"
"dnpm-lm-patient-record.histologyReports.results.tumorCellContent.modifierExtension","dnpm-lm-patient-record.histologyReports.results.tumorCellContent.modifierExtension","","extensions
user contentmodifiers","",0,*,"","Y","Y","Extension {[]} {[]}
","Extensions that cannot be ignored even if unrecognized","May be used to represent additional information that is not part of the basic definition of the element and that modifies the understanding of the element in which it is contained and/or the understanding of the containing element's descendants. Usually modifier elements provide negation or qualification. To make the use of extensions safe and manageable, there is a strict set of governance applied to the definition and use of extensions. Though any implementer can define an extension, there is a set of requirements that SHALL be met as part of the definition of the extension. Applications processing a resource are required to check for modifier extensions.

Modifier extensions SHALL NOT change the meaning of any elements on Resource or DomainResource (including cannot change the meaning of modifierExtension itself).","There can be no stigma associated with the use of extensions by any application, project, or standard - regardless of the institution or jurisdiction that uses or defines the extensions.  The use of extensions is what allows the FHIR specification to retain a core level of simplicity for everyone.","Modifier extensions allow for extensions that *cannot* be safely ignored to be clearly distinguished from the vast majority of extensions which can be safely ignored.  This promotes interoperability by eliminating the need for implementers to prohibit the presence of extensions. For further information, see the [definition of modifier extensions](http://hl7.org/fhir/R4/extensibility.html#modifierExtension).","","","","","","","",,,,,"",,,,"BackboneElement.modifierExtension",0,*,"","ele-1:All FHIR elements must have a @value or children {hasValue() or (children().count() > id.count())}
ext-1:Must have either extensions or value[x], not both {extension.exists() != value.exists()}"
"dnpm-lm-patient-record.histologyReports.results.tumorCellContent.patient","dnpm-lm-patient-record.histologyReports.results.tumorCellContent.patient","","","",1,1,"","","","BackboneElement {[]} {[]}
","Patient reference","Patient reference","","","","","","","","","",,,,,"",,,,"dnpm-lm-patient-record.histologyReports.results.tumorCellContent.patient",1,1,"","ele-1:All FHIR elements must have a @value or children {hasValue() or (children().count() > id.count())}
"
"dnpm-lm-patient-record.histologyReports.results.tumorCellContent.patient.id","dnpm-lm-patient-record.histologyReports.results.tumorCellContent.patient.id","","","",1,1,"","","","string {[]} {[]}
","Patient ID","Patient ID","","","","","","","","","",,,,,"",,,,"Element.id",0,1,"",""
"dnpm-lm-patient-record.histologyReports.results.tumorCellContent.patient.extension","dnpm-lm-patient-record.histologyReports.results.tumorCellContent.patient.extension","","extensions
user content","",0,*,"","","","Extension {[]} {[]}
","Additional content defined by implementations","May be used to represent additional information that is not part of the basic definition of the element. To make the use of extensions safe and manageable, there is a strict set of governance  applied to the definition and use of extensions. Though any implementer can define an extension, there is a set of requirements that SHALL be met as part of the definition of the extension.","There can be no stigma associated with the use of extensions by any application, project, or standard - regardless of the institution or jurisdiction that uses or defines the extensions.  The use of extensions is what allows the FHIR specification to retain a core level of simplicity for everyone.","","","","","","","","",,,,,"","value:url}
","Extensions are always sliced by (at least) url",,"open","Element.extension",0,*,"","ele-1:All FHIR elements must have a @value or children {hasValue() or (children().count() > id.count())}
ext-1:Must have either extensions or value[x], not both {extension.exists() != value.exists()}"
"dnpm-lm-patient-record.histologyReports.results.tumorCellContent.patient.modifierExtension","dnpm-lm-patient-record.histologyReports.results.tumorCellContent.patient.modifierExtension","","extensions
user contentmodifiers","",0,*,"","Y","Y","Extension {[]} {[]}
","Extensions that cannot be ignored even if unrecognized","May be used to represent additional information that is not part of the basic definition of the element and that modifies the understanding of the element in which it is contained and/or the understanding of the containing element's descendants. Usually modifier elements provide negation or qualification. To make the use of extensions safe and manageable, there is a strict set of governance applied to the definition and use of extensions. Though any implementer can define an extension, there is a set of requirements that SHALL be met as part of the definition of the extension. Applications processing a resource are required to check for modifier extensions.

Modifier extensions SHALL NOT change the meaning of any elements on Resource or DomainResource (including cannot change the meaning of modifierExtension itself).","There can be no stigma associated with the use of extensions by any application, project, or standard - regardless of the institution or jurisdiction that uses or defines the extensions.  The use of extensions is what allows the FHIR specification to retain a core level of simplicity for everyone.","Modifier extensions allow for extensions that *cannot* be safely ignored to be clearly distinguished from the vast majority of extensions which can be safely ignored.  This promotes interoperability by eliminating the need for implementers to prohibit the presence of extensions. For further information, see the [definition of modifier extensions](http://hl7.org/fhir/R4/extensibility.html#modifierExtension).","","","","","","","",,,,,"",,,,"BackboneElement.modifierExtension",0,*,"","ele-1:All FHIR elements must have a @value or children {hasValue() or (children().count() > id.count())}
ext-1:Must have either extensions or value[x], not both {extension.exists() != value.exists()}"
"dnpm-lm-patient-record.histologyReports.results.tumorCellContent.patient.type","dnpm-lm-patient-record.histologyReports.results.tumorCellContent.patient.type","","","",1,1,"","","","string {[]} {[]}
","Reference type (Patient)","Reference type (Patient)","","","","","","","","","",,,,,"",,,,"dnpm-lm-patient-record.histologyReports.results.tumorCellContent.patient.type",1,1,"",""
"dnpm-lm-patient-record.histologyReports.results.tumorCellContent.specimen","dnpm-lm-patient-record.histologyReports.results.tumorCellContent.specimen","","","",1,1,"","","","BackboneElement {[]} {[]}
","Specimen reference","Specimen reference","","","","","","","","","",,,,,"",,,,"dnpm-lm-patient-record.histologyReports.results.tumorCellContent.specimen",1,1,"","ele-1:All FHIR elements must have a @value or children {hasValue() or (children().count() > id.count())}
"
"dnpm-lm-patient-record.histologyReports.results.tumorCellContent.specimen.id","dnpm-lm-patient-record.histologyReports.results.tumorCellContent.specimen.id","","","",1,1,"","","","string {[]} {[]}
","Specimen ID","Specimen ID","","","","","","","","","",,,,,"",,,,"Element.id",0,1,"",""
"dnpm-lm-patient-record.histologyReports.results.tumorCellContent.specimen.extension","dnpm-lm-patient-record.histologyReports.results.tumorCellContent.specimen.extension","","extensions
user content","",0,*,"","","","Extension {[]} {[]}
","Additional content defined by implementations","May be used to represent additional information that is not part of the basic definition of the element. To make the use of extensions safe and manageable, there is a strict set of governance  applied to the definition and use of extensions. Though any implementer can define an extension, there is a set of requirements that SHALL be met as part of the definition of the extension.","There can be no stigma associated with the use of extensions by any application, project, or standard - regardless of the institution or jurisdiction that uses or defines the extensions.  The use of extensions is what allows the FHIR specification to retain a core level of simplicity for everyone.","","","","","","","","",,,,,"","value:url}
","Extensions are always sliced by (at least) url",,"open","Element.extension",0,*,"","ele-1:All FHIR elements must have a @value or children {hasValue() or (children().count() > id.count())}
ext-1:Must have either extensions or value[x], not both {extension.exists() != value.exists()}"
"dnpm-lm-patient-record.histologyReports.results.tumorCellContent.specimen.modifierExtension","dnpm-lm-patient-record.histologyReports.results.tumorCellContent.specimen.modifierExtension","","extensions
user contentmodifiers","",0,*,"","Y","Y","Extension {[]} {[]}
","Extensions that cannot be ignored even if unrecognized","May be used to represent additional information that is not part of the basic definition of the element and that modifies the understanding of the element in which it is contained and/or the understanding of the containing element's descendants. Usually modifier elements provide negation or qualification. To make the use of extensions safe and manageable, there is a strict set of governance applied to the definition and use of extensions. Though any implementer can define an extension, there is a set of requirements that SHALL be met as part of the definition of the extension. Applications processing a resource are required to check for modifier extensions.

Modifier extensions SHALL NOT change the meaning of any elements on Resource or DomainResource (including cannot change the meaning of modifierExtension itself).","There can be no stigma associated with the use of extensions by any application, project, or standard - regardless of the institution or jurisdiction that uses or defines the extensions.  The use of extensions is what allows the FHIR specification to retain a core level of simplicity for everyone.","Modifier extensions allow for extensions that *cannot* be safely ignored to be clearly distinguished from the vast majority of extensions which can be safely ignored.  This promotes interoperability by eliminating the need for implementers to prohibit the presence of extensions. For further information, see the [definition of modifier extensions](http://hl7.org/fhir/R4/extensibility.html#modifierExtension).","","","","","","","",,,,,"",,,,"BackboneElement.modifierExtension",0,*,"","ele-1:All FHIR elements must have a @value or children {hasValue() or (children().count() > id.count())}
ext-1:Must have either extensions or value[x], not both {extension.exists() != value.exists()}"
"dnpm-lm-patient-record.histologyReports.results.tumorCellContent.specimen.type","dnpm-lm-patient-record.histologyReports.results.tumorCellContent.specimen.type","","","",1,1,"","","","string {[]} {[]}
","Reference type (TumorSpecimen)","Reference type (TumorSpecimen)","","","","","","","","","",,,,,"",,,,"dnpm-lm-patient-record.histologyReports.results.tumorCellContent.specimen.type",1,1,"",""
"dnpm-lm-patient-record.histologyReports.results.tumorCellContent.method","dnpm-lm-patient-record.histologyReports.results.tumorCellContent.method","","","",0,1,"","","","BackboneElement {[]} {[]}
","Determination method","Determination method","","","","","","","","","",,,,,"",,,,"dnpm-lm-patient-record.histologyReports.results.tumorCellContent.method",0,1,"","ele-1:All FHIR elements must have a @value or children {hasValue() or (children().count() > id.count())}
"
"dnpm-lm-patient-record.histologyReports.results.tumorCellContent.method.id","dnpm-lm-patient-record.histologyReports.results.tumorCellContent.method.id","","","",0,1,"","","","string {[]} {[]}
","Unique id for inter-element referencing","Unique id for the element within a resource (for internal references). This may be any string value that does not contain spaces.","","","","","","","","","",,,,,"",,,,"Element.id",0,1,"",""
"dnpm-lm-patient-record.histologyReports.results.tumorCellContent.method.extension","dnpm-lm-patient-record.histologyReports.results.tumorCellContent.method.extension","","extensions
user content","",0,*,"","","","Extension {[]} {[]}
","Additional content defined by implementations","May be used to represent additional information that is not part of the basic definition of the element. To make the use of extensions safe and manageable, there is a strict set of governance  applied to the definition and use of extensions. Though any implementer can define an extension, there is a set of requirements that SHALL be met as part of the definition of the extension.","There can be no stigma associated with the use of extensions by any application, project, or standard - regardless of the institution or jurisdiction that uses or defines the extensions.  The use of extensions is what allows the FHIR specification to retain a core level of simplicity for everyone.","","","","","","","","",,,,,"","value:url}
","Extensions are always sliced by (at least) url",,"open","Element.extension",0,*,"","ele-1:All FHIR elements must have a @value or children {hasValue() or (children().count() > id.count())}
ext-1:Must have either extensions or value[x], not both {extension.exists() != value.exists()}"
"dnpm-lm-patient-record.histologyReports.results.tumorCellContent.method.modifierExtension","dnpm-lm-patient-record.histologyReports.results.tumorCellContent.method.modifierExtension","","extensions
user contentmodifiers","",0,*,"","Y","Y","Extension {[]} {[]}
","Extensions that cannot be ignored even if unrecognized","May be used to represent additional information that is not part of the basic definition of the element and that modifies the understanding of the element in which it is contained and/or the understanding of the containing element's descendants. Usually modifier elements provide negation or qualification. To make the use of extensions safe and manageable, there is a strict set of governance applied to the definition and use of extensions. Though any implementer can define an extension, there is a set of requirements that SHALL be met as part of the definition of the extension. Applications processing a resource are required to check for modifier extensions.

Modifier extensions SHALL NOT change the meaning of any elements on Resource or DomainResource (including cannot change the meaning of modifierExtension itself).","There can be no stigma associated with the use of extensions by any application, project, or standard - regardless of the institution or jurisdiction that uses or defines the extensions.  The use of extensions is what allows the FHIR specification to retain a core level of simplicity for everyone.","Modifier extensions allow for extensions that *cannot* be safely ignored to be clearly distinguished from the vast majority of extensions which can be safely ignored.  This promotes interoperability by eliminating the need for implementers to prohibit the presence of extensions. For further information, see the [definition of modifier extensions](http://hl7.org/fhir/R4/extensibility.html#modifierExtension).","","","","","","","",,,,,"",,,,"BackboneElement.modifierExtension",0,*,"","ele-1:All FHIR elements must have a @value or children {hasValue() or (children().count() > id.count())}
ext-1:Must have either extensions or value[x], not both {extension.exists() != value.exists()}"
"dnpm-lm-patient-record.histologyReports.results.tumorCellContent.method.code","dnpm-lm-patient-record.histologyReports.results.tumorCellContent.method.code","","","",1,1,"","","","string {[]} {[]}
","Method code (e.g. histologic)","Method code (e.g. histologic)","","","","","","","","","",,,,,"",,,,"dnpm-lm-patient-record.histologyReports.results.tumorCellContent.method.code",1,1,"",""
"dnpm-lm-patient-record.histologyReports.results.tumorCellContent.method.display","dnpm-lm-patient-record.histologyReports.results.tumorCellContent.method.display","","","",0,1,"","","","string {[]} {[]}
","Method display","Method display","","","","","","","","","",,,,,"",,,,"dnpm-lm-patient-record.histologyReports.results.tumorCellContent.method.display",0,1,"",""
"dnpm-lm-patient-record.histologyReports.results.tumorCellContent.method.system","dnpm-lm-patient-record.histologyReports.results.tumorCellContent.method.system","","","",1,1,"","","","string {[]} {[]}
","Method system URI","Method system URI","","","","","","","","","",,,,,"",,,,"dnpm-lm-patient-record.histologyReports.results.tumorCellContent.method.system",1,1,"",""
"dnpm-lm-patient-record.histologyReports.results.tumorCellContent.value","dnpm-lm-patient-record.histologyReports.results.tumorCellContent.value","","","",1,1,"","","","decimal {[]} {[]}
","Tumor cell content fraction (0.0 – 1.0)","Tumor cell content fraction (0.0 – 1.0)","","","","","","","","","",,,,,"",,,,"dnpm-lm-patient-record.histologyReports.results.tumorCellContent.value",1,1,"",""
"dnpm-lm-patient-record.histologyReports.results.tumorMorphology","dnpm-lm-patient-record.histologyReports.results.tumorMorphology","","","",0,1,"","","","BackboneElement {[]} {[]}
","Tumor morphology","Tumor morphology","","","","","","","","","",,,,,"",,,,"dnpm-lm-patient-record.histologyReports.results.tumorMorphology",0,1,"","ele-1:All FHIR elements must have a @value or children {hasValue() or (children().count() > id.count())}
","Onkologie: Histologie ICD-O-3 (Observation)"
"dnpm-lm-patient-record.histologyReports.results.tumorMorphology.id","dnpm-lm-patient-record.histologyReports.results.tumorMorphology.id","","","",1,1,"","","","string {[]} {[]}
","Morphology result UUID","Morphology result UUID","","","","","","","","","",,,,,"",,,,"Element.id",0,1,"",""
"dnpm-lm-patient-record.histologyReports.results.tumorMorphology.extension","dnpm-lm-patient-record.histologyReports.results.tumorMorphology.extension","","extensions
user content","",0,*,"","","","Extension {[]} {[]}
","Additional content defined by implementations","May be used to represent additional information that is not part of the basic definition of the element. To make the use of extensions safe and manageable, there is a strict set of governance  applied to the definition and use of extensions. Though any implementer can define an extension, there is a set of requirements that SHALL be met as part of the definition of the extension.","There can be no stigma associated with the use of extensions by any application, project, or standard - regardless of the institution or jurisdiction that uses or defines the extensions.  The use of extensions is what allows the FHIR specification to retain a core level of simplicity for everyone.","","","","","","","","",,,,,"","value:url}
","Extensions are always sliced by (at least) url",,"open","Element.extension",0,*,"","ele-1:All FHIR elements must have a @value or children {hasValue() or (children().count() > id.count())}
ext-1:Must have either extensions or value[x], not both {extension.exists() != value.exists()}"
"dnpm-lm-patient-record.histologyReports.results.tumorMorphology.modifierExtension","dnpm-lm-patient-record.histologyReports.results.tumorMorphology.modifierExtension","","extensions
user contentmodifiers","",0,*,"","Y","Y","Extension {[]} {[]}
","Extensions that cannot be ignored even if unrecognized","May be used to represent additional information that is not part of the basic definition of the element and that modifies the understanding of the element in which it is contained and/or the understanding of the containing element's descendants. Usually modifier elements provide negation or qualification. To make the use of extensions safe and manageable, there is a strict set of governance applied to the definition and use of extensions. Though any implementer can define an extension, there is a set of requirements that SHALL be met as part of the definition of the extension. Applications processing a resource are required to check for modifier extensions.

Modifier extensions SHALL NOT change the meaning of any elements on Resource or DomainResource (including cannot change the meaning of modifierExtension itself).","There can be no stigma associated with the use of extensions by any application, project, or standard - regardless of the institution or jurisdiction that uses or defines the extensions.  The use of extensions is what allows the FHIR specification to retain a core level of simplicity for everyone.","Modifier extensions allow for extensions that *cannot* be safely ignored to be clearly distinguished from the vast majority of extensions which can be safely ignored.  This promotes interoperability by eliminating the need for implementers to prohibit the presence of extensions. For further information, see the [definition of modifier extensions](http://hl7.org/fhir/R4/extensibility.html#modifierExtension).","","","","","","","",,,,,"",,,,"BackboneElement.modifierExtension",0,*,"","ele-1:All FHIR elements must have a @value or children {hasValue() or (children().count() > id.count())}
ext-1:Must have either extensions or value[x], not both {extension.exists() != value.exists()}"
"dnpm-lm-patient-record.histologyReports.results.tumorMorphology.patient","dnpm-lm-patient-record.histologyReports.results.tumorMorphology.patient","","","",1,1,"","","","BackboneElement {[]} {[]}
","Patient reference","Patient reference","","","","","","","","","",,,,,"",,,,"dnpm-lm-patient-record.histologyReports.results.tumorMorphology.patient",1,1,"","ele-1:All FHIR elements must have a @value or children {hasValue() or (children().count() > id.count())}
"
"dnpm-lm-patient-record.histologyReports.results.tumorMorphology.patient.id","dnpm-lm-patient-record.histologyReports.results.tumorMorphology.patient.id","","","",1,1,"","","","string {[]} {[]}
","Patient ID","Patient ID","","","","","","","","","",,,,,"",,,,"Element.id",0,1,"",""
"dnpm-lm-patient-record.histologyReports.results.tumorMorphology.patient.extension","dnpm-lm-patient-record.histologyReports.results.tumorMorphology.patient.extension","","extensions
user content","",0,*,"","","","Extension {[]} {[]}
","Additional content defined by implementations","May be used to represent additional information that is not part of the basic definition of the element. To make the use of extensions safe and manageable, there is a strict set of governance  applied to the definition and use of extensions. Though any implementer can define an extension, there is a set of requirements that SHALL be met as part of the definition of the extension.","There can be no stigma associated with the use of extensions by any application, project, or standard - regardless of the institution or jurisdiction that uses or defines the extensions.  The use of extensions is what allows the FHIR specification to retain a core level of simplicity for everyone.","","","","","","","","",,,,,"","value:url}
","Extensions are always sliced by (at least) url",,"open","Element.extension",0,*,"","ele-1:All FHIR elements must have a @value or children {hasValue() or (children().count() > id.count())}
ext-1:Must have either extensions or value[x], not both {extension.exists() != value.exists()}"
"dnpm-lm-patient-record.histologyReports.results.tumorMorphology.patient.modifierExtension","dnpm-lm-patient-record.histologyReports.results.tumorMorphology.patient.modifierExtension","","extensions
user contentmodifiers","",0,*,"","Y","Y","Extension {[]} {[]}
","Extensions that cannot be ignored even if unrecognized","May be used to represent additional information that is not part of the basic definition of the element and that modifies the understanding of the element in which it is contained and/or the understanding of the containing element's descendants. Usually modifier elements provide negation or qualification. To make the use of extensions safe and manageable, there is a strict set of governance applied to the definition and use of extensions. Though any implementer can define an extension, there is a set of requirements that SHALL be met as part of the definition of the extension. Applications processing a resource are required to check for modifier extensions.

Modifier extensions SHALL NOT change the meaning of any elements on Resource or DomainResource (including cannot change the meaning of modifierExtension itself).","There can be no stigma associated with the use of extensions by any application, project, or standard - regardless of the institution or jurisdiction that uses or defines the extensions.  The use of extensions is what allows the FHIR specification to retain a core level of simplicity for everyone.","Modifier extensions allow for extensions that *cannot* be safely ignored to be clearly distinguished from the vast majority of extensions which can be safely ignored.  This promotes interoperability by eliminating the need for implementers to prohibit the presence of extensions. For further information, see the [definition of modifier extensions](http://hl7.org/fhir/R4/extensibility.html#modifierExtension).","","","","","","","",,,,,"",,,,"BackboneElement.modifierExtension",0,*,"","ele-1:All FHIR elements must have a @value or children {hasValue() or (children().count() > id.count())}
ext-1:Must have either extensions or value[x], not both {extension.exists() != value.exists()}"
"dnpm-lm-patient-record.histologyReports.results.tumorMorphology.patient.type","dnpm-lm-patient-record.histologyReports.results.tumorMorphology.patient.type","","","",1,1,"","","","string {[]} {[]}
","Reference type (Patient)","Reference type (Patient)","","","","","","","","","",,,,,"",,,,"dnpm-lm-patient-record.histologyReports.results.tumorMorphology.patient.type",1,1,"",""
"dnpm-lm-patient-record.histologyReports.results.tumorMorphology.specimen","dnpm-lm-patient-record.histologyReports.results.tumorMorphology.specimen","","","",1,1,"","","","BackboneElement {[]} {[]}
","Specimen reference","Specimen reference","","","","","","","","","",,,,,"",,,,"dnpm-lm-patient-record.histologyReports.results.tumorMorphology.specimen",1,1,"","ele-1:All FHIR elements must have a @value or children {hasValue() or (children().count() > id.count())}
"
"dnpm-lm-patient-record.histologyReports.results.tumorMorphology.specimen.id","dnpm-lm-patient-record.histologyReports.results.tumorMorphology.specimen.id","","","",1,1,"","","","string {[]} {[]}
","Specimen ID","Specimen ID","","","","","","","","","",,,,,"",,,,"Element.id",0,1,"",""
"dnpm-lm-patient-record.histologyReports.results.tumorMorphology.specimen.extension","dnpm-lm-patient-record.histologyReports.results.tumorMorphology.specimen.extension","","extensions
user content","",0,*,"","","","Extension {[]} {[]}
","Additional content defined by implementations","May be used to represent additional information that is not part of the basic definition of the element. To make the use of extensions safe and manageable, there is a strict set of governance  applied to the definition and use of extensions. Though any implementer can define an extension, there is a set of requirements that SHALL be met as part of the definition of the extension.","There can be no stigma associated with the use of extensions by any application, project, or standard - regardless of the institution or jurisdiction that uses or defines the extensions.  The use of extensions is what allows the FHIR specification to retain a core level of simplicity for everyone.","","","","","","","","",,,,,"","value:url}
","Extensions are always sliced by (at least) url",,"open","Element.extension",0,*,"","ele-1:All FHIR elements must have a @value or children {hasValue() or (children().count() > id.count())}
ext-1:Must have either extensions or value[x], not both {extension.exists() != value.exists()}"
"dnpm-lm-patient-record.histologyReports.results.tumorMorphology.specimen.modifierExtension","dnpm-lm-patient-record.histologyReports.results.tumorMorphology.specimen.modifierExtension","","extensions
user contentmodifiers","",0,*,"","Y","Y","Extension {[]} {[]}
","Extensions that cannot be ignored even if unrecognized","May be used to represent additional information that is not part of the basic definition of the element and that modifies the understanding of the element in which it is contained and/or the understanding of the containing element's descendants. Usually modifier elements provide negation or qualification. To make the use of extensions safe and manageable, there is a strict set of governance applied to the definition and use of extensions. Though any implementer can define an extension, there is a set of requirements that SHALL be met as part of the definition of the extension. Applications processing a resource are required to check for modifier extensions.

Modifier extensions SHALL NOT change the meaning of any elements on Resource or DomainResource (including cannot change the meaning of modifierExtension itself).","There can be no stigma associated with the use of extensions by any application, project, or standard - regardless of the institution or jurisdiction that uses or defines the extensions.  The use of extensions is what allows the FHIR specification to retain a core level of simplicity for everyone.","Modifier extensions allow for extensions that *cannot* be safely ignored to be clearly distinguished from the vast majority of extensions which can be safely ignored.  This promotes interoperability by eliminating the need for implementers to prohibit the presence of extensions. For further information, see the [definition of modifier extensions](http://hl7.org/fhir/R4/extensibility.html#modifierExtension).","","","","","","","",,,,,"",,,,"BackboneElement.modifierExtension",0,*,"","ele-1:All FHIR elements must have a @value or children {hasValue() or (children().count() > id.count())}
ext-1:Must have either extensions or value[x], not both {extension.exists() != value.exists()}"
"dnpm-lm-patient-record.histologyReports.results.tumorMorphology.specimen.type","dnpm-lm-patient-record.histologyReports.results.tumorMorphology.specimen.type","","","",1,1,"","","","string {[]} {[]}
","Reference type (TumorSpecimen)","Reference type (TumorSpecimen)","","","","","","","","","",,,,,"",,,,"dnpm-lm-patient-record.histologyReports.results.tumorMorphology.specimen.type",1,1,"",""
"dnpm-lm-patient-record.histologyReports.results.tumorMorphology.morphology","dnpm-lm-patient-record.histologyReports.results.tumorMorphology.morphology","","","",0,*,"","","","BackboneElement {[]} {[]}
","ICD-O-3 morphology codes","ICD-O-3 morphology codes","","","","","","","","","",,,,,"",,,,"dnpm-lm-patient-record.histologyReports.results.tumorMorphology.morphology",0,*,"","ele-1:All FHIR elements must have a @value or children {hasValue() or (children().count() > id.count())}
"
"dnpm-lm-patient-record.histologyReports.results.tumorMorphology.morphology.id","dnpm-lm-patient-record.histologyReports.results.tumorMorphology.morphology.id","","","",0,1,"","","","string {[]} {[]}
","Unique id for inter-element referencing","Unique id for the element within a resource (for internal references). This may be any string value that does not contain spaces.","","","","","","","","","",,,,,"",,,,"Element.id",0,1,"",""
"dnpm-lm-patient-record.histologyReports.results.tumorMorphology.morphology.extension","dnpm-lm-patient-record.histologyReports.results.tumorMorphology.morphology.extension","","extensions
user content","",0,*,"","","","Extension {[]} {[]}
","Additional content defined by implementations","May be used to represent additional information that is not part of the basic definition of the element. To make the use of extensions safe and manageable, there is a strict set of governance  applied to the definition and use of extensions. Though any implementer can define an extension, there is a set of requirements that SHALL be met as part of the definition of the extension.","There can be no stigma associated with the use of extensions by any application, project, or standard - regardless of the institution or jurisdiction that uses or defines the extensions.  The use of extensions is what allows the FHIR specification to retain a core level of simplicity for everyone.","","","","","","","","",,,,,"","value:url}
","Extensions are always sliced by (at least) url",,"open","Element.extension",0,*,"","ele-1:All FHIR elements must have a @value or children {hasValue() or (children().count() > id.count())}
ext-1:Must have either extensions or value[x], not both {extension.exists() != value.exists()}"
"dnpm-lm-patient-record.histologyReports.results.tumorMorphology.morphology.modifierExtension","dnpm-lm-patient-record.histologyReports.results.tumorMorphology.morphology.modifierExtension","","extensions
user contentmodifiers","",0,*,"","Y","Y","Extension {[]} {[]}
","Extensions that cannot be ignored even if unrecognized","May be used to represent additional information that is not part of the basic definition of the element and that modifies the understanding of the element in which it is contained and/or the understanding of the containing element's descendants. Usually modifier elements provide negation or qualification. To make the use of extensions safe and manageable, there is a strict set of governance applied to the definition and use of extensions. Though any implementer can define an extension, there is a set of requirements that SHALL be met as part of the definition of the extension. Applications processing a resource are required to check for modifier extensions.

Modifier extensions SHALL NOT change the meaning of any elements on Resource or DomainResource (including cannot change the meaning of modifierExtension itself).","There can be no stigma associated with the use of extensions by any application, project, or standard - regardless of the institution or jurisdiction that uses or defines the extensions.  The use of extensions is what allows the FHIR specification to retain a core level of simplicity for everyone.","Modifier extensions allow for extensions that *cannot* be safely ignored to be clearly distinguished from the vast majority of extensions which can be safely ignored.  This promotes interoperability by eliminating the need for implementers to prohibit the presence of extensions. For further information, see the [definition of modifier extensions](http://hl7.org/fhir/R4/extensibility.html#modifierExtension).","","","","","","","",,,,,"",,,,"BackboneElement.modifierExtension",0,*,"","ele-1:All FHIR elements must have a @value or children {hasValue() or (children().count() > id.count())}
ext-1:Must have either extensions or value[x], not both {extension.exists() != value.exists()}"
"dnpm-lm-patient-record.histologyReports.results.tumorMorphology.morphology.code","dnpm-lm-patient-record.histologyReports.results.tumorMorphology.morphology.code","","","",1,1,"","","","string {[]} {[]}
","Morphology code","Morphology code","","","","","","","","","",,,,,"",,,,"dnpm-lm-patient-record.histologyReports.results.tumorMorphology.morphology.code",1,1,"",""
"dnpm-lm-patient-record.histologyReports.results.tumorMorphology.morphology.display","dnpm-lm-patient-record.histologyReports.results.tumorMorphology.morphology.display","","","",0,1,"","","","string {[]} {[]}
","Morphology display","Morphology display","","","","","","","","","",,,,,"",,,,"dnpm-lm-patient-record.histologyReports.results.tumorMorphology.morphology.display",0,1,"",""
"dnpm-lm-patient-record.histologyReports.results.tumorMorphology.morphology.system","dnpm-lm-patient-record.histologyReports.results.tumorMorphology.morphology.system","","","",1,1,"","","","string {[]} {[]}
","Morphology system URI (ICD-O-3)","Morphology system URI (ICD-O-3)","","","","","","","","","",,,,,"",,,,"dnpm-lm-patient-record.histologyReports.results.tumorMorphology.morphology.system",1,1,"",""
"dnpm-lm-patient-record.histologyReports.results.tumorMorphology.morphology.version","dnpm-lm-patient-record.histologyReports.results.tumorMorphology.morphology.version","","","",0,1,"","","","string {[]} {[]}
","ICD-O-3 version","ICD-O-3 version","","","","","","","","","",,,,,"",,,,"dnpm-lm-patient-record.histologyReports.results.tumorMorphology.morphology.version",0,1,"",""
"dnpm-lm-patient-record.histologyReports.results.tumorMorphology.notes","dnpm-lm-patient-record.histologyReports.results.tumorMorphology.notes","","","",0,*,"","","","string {[]} {[]}
","Free-text morphology notes","Free-text morphology notes","","","","","","","","","",,,,,"",,,,"dnpm-lm-patient-record.histologyReports.results.tumorMorphology.notes",0,*,"",""
"dnpm-lm-patient-record.ihcReports","dnpm-lm-patient-record.ihcReports","","","",0,*,"","","","BackboneElement {[]} {[]}
","Immunohistochemistry (IHC) reports","Immunohistochemistry (IHC) reports","","","","","","","","","",,,,,"",,,,"dnpm-lm-patient-record.ihcReports",0,*,"","ele-1:All FHIR elements must have a @value or children {hasValue() or (children().count() > id.count())}
","MTB: Molecular Pathology Report (DiagnosticReport)"
"dnpm-lm-patient-record.ihcReports.id","dnpm-lm-patient-record.ihcReports.id","","","",1,1,"","","","string {[]} {[]}
","IHC report UUID","IHC report UUID","","","","","","","","","",,,,,"",,,,"Element.id",0,1,"","","MTB: DiagnosticReport.identifier"
"dnpm-lm-patient-record.ihcReports.extension","dnpm-lm-patient-record.ihcReports.extension","","extensions
user content","",0,*,"","","","Extension {[]} {[]}
","Additional content defined by implementations","May be used to represent additional information that is not part of the basic definition of the element. To make the use of extensions safe and manageable, there is a strict set of governance  applied to the definition and use of extensions. Though any implementer can define an extension, there is a set of requirements that SHALL be met as part of the definition of the extension.","There can be no stigma associated with the use of extensions by any application, project, or standard - regardless of the institution or jurisdiction that uses or defines the extensions.  The use of extensions is what allows the FHIR specification to retain a core level of simplicity for everyone.","","","","","","","","",,,,,"","value:url}
","Extensions are always sliced by (at least) url",,"open","Element.extension",0,*,"","ele-1:All FHIR elements must have a @value or children {hasValue() or (children().count() > id.count())}
ext-1:Must have either extensions or value[x], not both {extension.exists() != value.exists()}"
"dnpm-lm-patient-record.ihcReports.modifierExtension","dnpm-lm-patient-record.ihcReports.modifierExtension","","extensions
user contentmodifiers","",0,*,"","Y","Y","Extension {[]} {[]}
","Extensions that cannot be ignored even if unrecognized","May be used to represent additional information that is not part of the basic definition of the element and that modifies the understanding of the element in which it is contained and/or the understanding of the containing element's descendants. Usually modifier elements provide negation or qualification. To make the use of extensions safe and manageable, there is a strict set of governance applied to the definition and use of extensions. Though any implementer can define an extension, there is a set of requirements that SHALL be met as part of the definition of the extension. Applications processing a resource are required to check for modifier extensions.

Modifier extensions SHALL NOT change the meaning of any elements on Resource or DomainResource (including cannot change the meaning of modifierExtension itself).","There can be no stigma associated with the use of extensions by any application, project, or standard - regardless of the institution or jurisdiction that uses or defines the extensions.  The use of extensions is what allows the FHIR specification to retain a core level of simplicity for everyone.","Modifier extensions allow for extensions that *cannot* be safely ignored to be clearly distinguished from the vast majority of extensions which can be safely ignored.  This promotes interoperability by eliminating the need for implementers to prohibit the presence of extensions. For further information, see the [definition of modifier extensions](http://hl7.org/fhir/R4/extensibility.html#modifierExtension).","","","","","","","",,,,,"",,,,"BackboneElement.modifierExtension",0,*,"","ele-1:All FHIR elements must have a @value or children {hasValue() or (children().count() > id.count())}
ext-1:Must have either extensions or value[x], not both {extension.exists() != value.exists()}"
"dnpm-lm-patient-record.ihcReports.patient","dnpm-lm-patient-record.ihcReports.patient","","","",1,1,"","","","BackboneElement {[]} {[]}
","Patient reference","Patient reference","","","","","","","","","",,,,,"",,,,"dnpm-lm-patient-record.ihcReports.patient",1,1,"","ele-1:All FHIR elements must have a @value or children {hasValue() or (children().count() > id.count())}
"
"dnpm-lm-patient-record.ihcReports.patient.id","dnpm-lm-patient-record.ihcReports.patient.id","","","",1,1,"","","","string {[]} {[]}
","Patient ID","Patient ID","","","","","","","","","",,,,,"",,,,"Element.id",0,1,"",""
"dnpm-lm-patient-record.ihcReports.patient.extension","dnpm-lm-patient-record.ihcReports.patient.extension","","extensions
user content","",0,*,"","","","Extension {[]} {[]}
","Additional content defined by implementations","May be used to represent additional information that is not part of the basic definition of the element. To make the use of extensions safe and manageable, there is a strict set of governance  applied to the definition and use of extensions. Though any implementer can define an extension, there is a set of requirements that SHALL be met as part of the definition of the extension.","There can be no stigma associated with the use of extensions by any application, project, or standard - regardless of the institution or jurisdiction that uses or defines the extensions.  The use of extensions is what allows the FHIR specification to retain a core level of simplicity for everyone.","","","","","","","","",,,,,"","value:url}
","Extensions are always sliced by (at least) url",,"open","Element.extension",0,*,"","ele-1:All FHIR elements must have a @value or children {hasValue() or (children().count() > id.count())}
ext-1:Must have either extensions or value[x], not both {extension.exists() != value.exists()}"
"dnpm-lm-patient-record.ihcReports.patient.modifierExtension","dnpm-lm-patient-record.ihcReports.patient.modifierExtension","","extensions
user contentmodifiers","",0,*,"","Y","Y","Extension {[]} {[]}
","Extensions that cannot be ignored even if unrecognized","May be used to represent additional information that is not part of the basic definition of the element and that modifies the understanding of the element in which it is contained and/or the understanding of the containing element's descendants. Usually modifier elements provide negation or qualification. To make the use of extensions safe and manageable, there is a strict set of governance applied to the definition and use of extensions. Though any implementer can define an extension, there is a set of requirements that SHALL be met as part of the definition of the extension. Applications processing a resource are required to check for modifier extensions.

Modifier extensions SHALL NOT change the meaning of any elements on Resource or DomainResource (including cannot change the meaning of modifierExtension itself).","There can be no stigma associated with the use of extensions by any application, project, or standard - regardless of the institution or jurisdiction that uses or defines the extensions.  The use of extensions is what allows the FHIR specification to retain a core level of simplicity for everyone.","Modifier extensions allow for extensions that *cannot* be safely ignored to be clearly distinguished from the vast majority of extensions which can be safely ignored.  This promotes interoperability by eliminating the need for implementers to prohibit the presence of extensions. For further information, see the [definition of modifier extensions](http://hl7.org/fhir/R4/extensibility.html#modifierExtension).","","","","","","","",,,,,"",,,,"BackboneElement.modifierExtension",0,*,"","ele-1:All FHIR elements must have a @value or children {hasValue() or (children().count() > id.count())}
ext-1:Must have either extensions or value[x], not both {extension.exists() != value.exists()}"
"dnpm-lm-patient-record.ihcReports.patient.type","dnpm-lm-patient-record.ihcReports.patient.type","","","",1,1,"","","","string {[]} {[]}
","Reference type (Patient)","Reference type (Patient)","","","","","","","","","",,,,,"",,,,"dnpm-lm-patient-record.ihcReports.patient.type",1,1,"",""
"dnpm-lm-patient-record.ihcReports.specimen","dnpm-lm-patient-record.ihcReports.specimen","","","",1,1,"","","","BackboneElement {[]} {[]}
","Tumor specimen reference","Tumor specimen reference","","","","","","","","","",,,,,"",,,,"dnpm-lm-patient-record.ihcReports.specimen",1,1,"","ele-1:All FHIR elements must have a @value or children {hasValue() or (children().count() > id.count())}
","MTB: DiagnosticReport.specimen"
"dnpm-lm-patient-record.ihcReports.specimen.id","dnpm-lm-patient-record.ihcReports.specimen.id","","","",1,1,"","","","string {[]} {[]}
","Specimen ID","Specimen ID","","","","","","","","","",,,,,"",,,,"Element.id",0,1,"",""
"dnpm-lm-patient-record.ihcReports.specimen.extension","dnpm-lm-patient-record.ihcReports.specimen.extension","","extensions
user content","",0,*,"","","","Extension {[]} {[]}
","Additional content defined by implementations","May be used to represent additional information that is not part of the basic definition of the element. To make the use of extensions safe and manageable, there is a strict set of governance  applied to the definition and use of extensions. Though any implementer can define an extension, there is a set of requirements that SHALL be met as part of the definition of the extension.","There can be no stigma associated with the use of extensions by any application, project, or standard - regardless of the institution or jurisdiction that uses or defines the extensions.  The use of extensions is what allows the FHIR specification to retain a core level of simplicity for everyone.","","","","","","","","",,,,,"","value:url}
","Extensions are always sliced by (at least) url",,"open","Element.extension",0,*,"","ele-1:All FHIR elements must have a @value or children {hasValue() or (children().count() > id.count())}
ext-1:Must have either extensions or value[x], not both {extension.exists() != value.exists()}"
"dnpm-lm-patient-record.ihcReports.specimen.modifierExtension","dnpm-lm-patient-record.ihcReports.specimen.modifierExtension","","extensions
user contentmodifiers","",0,*,"","Y","Y","Extension {[]} {[]}
","Extensions that cannot be ignored even if unrecognized","May be used to represent additional information that is not part of the basic definition of the element and that modifies the understanding of the element in which it is contained and/or the understanding of the containing element's descendants. Usually modifier elements provide negation or qualification. To make the use of extensions safe and manageable, there is a strict set of governance applied to the definition and use of extensions. Though any implementer can define an extension, there is a set of requirements that SHALL be met as part of the definition of the extension. Applications processing a resource are required to check for modifier extensions.

Modifier extensions SHALL NOT change the meaning of any elements on Resource or DomainResource (including cannot change the meaning of modifierExtension itself).","There can be no stigma associated with the use of extensions by any application, project, or standard - regardless of the institution or jurisdiction that uses or defines the extensions.  The use of extensions is what allows the FHIR specification to retain a core level of simplicity for everyone.","Modifier extensions allow for extensions that *cannot* be safely ignored to be clearly distinguished from the vast majority of extensions which can be safely ignored.  This promotes interoperability by eliminating the need for implementers to prohibit the presence of extensions. For further information, see the [definition of modifier extensions](http://hl7.org/fhir/R4/extensibility.html#modifierExtension).","","","","","","","",,,,,"",,,,"BackboneElement.modifierExtension",0,*,"","ele-1:All FHIR elements must have a @value or children {hasValue() or (children().count() > id.count())}
ext-1:Must have either extensions or value[x], not both {extension.exists() != value.exists()}"
"dnpm-lm-patient-record.ihcReports.specimen.type","dnpm-lm-patient-record.ihcReports.specimen.type","","","",1,1,"","","","string {[]} {[]}
","Reference type (TumorSpecimen)","Reference type (TumorSpecimen)","","","","","","","","","",,,,,"",,,,"dnpm-lm-patient-record.ihcReports.specimen.type",1,1,"",""
"dnpm-lm-patient-record.ihcReports.issuedOn","dnpm-lm-patient-record.ihcReports.issuedOn","","","",1,1,"","","","string {[]} {[]}
","Report issue date (YYYY-MM-DD)","Report issue date (YYYY-MM-DD)","","","","","","","","","",,,,,"",,,,"dnpm-lm-patient-record.ihcReports.issuedOn",1,1,"","","MTB: DiagnosticReport.issued"
"dnpm-lm-patient-record.ihcReports.results","dnpm-lm-patient-record.ihcReports.results","","","",0,1,"","","","BackboneElement {[]} {[]}
","IHC results","IHC results","","","","","","","","","",,,,,"",,,,"dnpm-lm-patient-record.ihcReports.results",0,1,"","ele-1:All FHIR elements must have a @value or children {hasValue() or (children().count() > id.count())}
","MTB: DiagnosticReport.result"
"dnpm-lm-patient-record.ihcReports.results.id","dnpm-lm-patient-record.ihcReports.results.id","","","",0,1,"","","","string {[]} {[]}
","Unique id for inter-element referencing","Unique id for the element within a resource (for internal references). This may be any string value that does not contain spaces.","","","","","","","","","",,,,,"",,,,"Element.id",0,1,"",""
"dnpm-lm-patient-record.ihcReports.results.extension","dnpm-lm-patient-record.ihcReports.results.extension","","extensions
user content","",0,*,"","","","Extension {[]} {[]}
","Additional content defined by implementations","May be used to represent additional information that is not part of the basic definition of the element. To make the use of extensions safe and manageable, there is a strict set of governance  applied to the definition and use of extensions. Though any implementer can define an extension, there is a set of requirements that SHALL be met as part of the definition of the extension.","There can be no stigma associated with the use of extensions by any application, project, or standard - regardless of the institution or jurisdiction that uses or defines the extensions.  The use of extensions is what allows the FHIR specification to retain a core level of simplicity for everyone.","","","","","","","","",,,,,"","value:url}
","Extensions are always sliced by (at least) url",,"open","Element.extension",0,*,"","ele-1:All FHIR elements must have a @value or children {hasValue() or (children().count() > id.count())}
ext-1:Must have either extensions or value[x], not both {extension.exists() != value.exists()}"
"dnpm-lm-patient-record.ihcReports.results.modifierExtension","dnpm-lm-patient-record.ihcReports.results.modifierExtension","","extensions
user contentmodifiers","",0,*,"","Y","Y","Extension {[]} {[]}
","Extensions that cannot be ignored even if unrecognized","May be used to represent additional information that is not part of the basic definition of the element and that modifies the understanding of the element in which it is contained and/or the understanding of the containing element's descendants. Usually modifier elements provide negation or qualification. To make the use of extensions safe and manageable, there is a strict set of governance applied to the definition and use of extensions. Though any implementer can define an extension, there is a set of requirements that SHALL be met as part of the definition of the extension. Applications processing a resource are required to check for modifier extensions.

Modifier extensions SHALL NOT change the meaning of any elements on Resource or DomainResource (including cannot change the meaning of modifierExtension itself).","There can be no stigma associated with the use of extensions by any application, project, or standard - regardless of the institution or jurisdiction that uses or defines the extensions.  The use of extensions is what allows the FHIR specification to retain a core level of simplicity for everyone.","Modifier extensions allow for extensions that *cannot* be safely ignored to be clearly distinguished from the vast majority of extensions which can be safely ignored.  This promotes interoperability by eliminating the need for implementers to prohibit the presence of extensions. For further information, see the [definition of modifier extensions](http://hl7.org/fhir/R4/extensibility.html#modifierExtension).","","","","","","","",,,,,"",,,,"BackboneElement.modifierExtension",0,*,"","ele-1:All FHIR elements must have a @value or children {hasValue() or (children().count() > id.count())}
ext-1:Must have either extensions or value[x], not both {extension.exists() != value.exists()}"
"dnpm-lm-patient-record.ihcReports.results.proteinExpression","dnpm-lm-patient-record.ihcReports.results.proteinExpression","","","",0,*,"","","","BackboneElement {[]} {[]}
","Protein expression results","Protein expression results","","","","","","","","","",,,,,"",,,,"dnpm-lm-patient-record.ihcReports.results.proteinExpression",0,*,"","ele-1:All FHIR elements must have a @value or children {hasValue() or (children().count() > id.count())}
","MTB: Immunhistochemie PDL1 (Observation)"
"dnpm-lm-patient-record.ihcReports.results.proteinExpression.id","dnpm-lm-patient-record.ihcReports.results.proteinExpression.id","","","",1,1,"","","","string {[]} {[]}
","Result UUID","Result UUID","","","","","","","","","",,,,,"",,,,"Element.id",0,1,"",""
"dnpm-lm-patient-record.ihcReports.results.proteinExpression.extension","dnpm-lm-patient-record.ihcReports.results.proteinExpression.extension","","extensions
user content","",0,*,"","","","Extension {[]} {[]}
","Additional content defined by implementations","May be used to represent additional information that is not part of the basic definition of the element. To make the use of extensions safe and manageable, there is a strict set of governance  applied to the definition and use of extensions. Though any implementer can define an extension, there is a set of requirements that SHALL be met as part of the definition of the extension.","There can be no stigma associated with the use of extensions by any application, project, or standard - regardless of the institution or jurisdiction that uses or defines the extensions.  The use of extensions is what allows the FHIR specification to retain a core level of simplicity for everyone.","","","","","","","","",,,,,"","value:url}
","Extensions are always sliced by (at least) url",,"open","Element.extension",0,*,"","ele-1:All FHIR elements must have a @value or children {hasValue() or (children().count() > id.count())}
ext-1:Must have either extensions or value[x], not both {extension.exists() != value.exists()}"
"dnpm-lm-patient-record.ihcReports.results.proteinExpression.modifierExtension","dnpm-lm-patient-record.ihcReports.results.proteinExpression.modifierExtension","","extensions
user contentmodifiers","",0,*,"","Y","Y","Extension {[]} {[]}
","Extensions that cannot be ignored even if unrecognized","May be used to represent additional information that is not part of the basic definition of the element and that modifies the understanding of the element in which it is contained and/or the understanding of the containing element's descendants. Usually modifier elements provide negation or qualification. To make the use of extensions safe and manageable, there is a strict set of governance applied to the definition and use of extensions. Though any implementer can define an extension, there is a set of requirements that SHALL be met as part of the definition of the extension. Applications processing a resource are required to check for modifier extensions.

Modifier extensions SHALL NOT change the meaning of any elements on Resource or DomainResource (including cannot change the meaning of modifierExtension itself).","There can be no stigma associated with the use of extensions by any application, project, or standard - regardless of the institution or jurisdiction that uses or defines the extensions.  The use of extensions is what allows the FHIR specification to retain a core level of simplicity for everyone.","Modifier extensions allow for extensions that *cannot* be safely ignored to be clearly distinguished from the vast majority of extensions which can be safely ignored.  This promotes interoperability by eliminating the need for implementers to prohibit the presence of extensions. For further information, see the [definition of modifier extensions](http://hl7.org/fhir/R4/extensibility.html#modifierExtension).","","","","","","","",,,,,"",,,,"BackboneElement.modifierExtension",0,*,"","ele-1:All FHIR elements must have a @value or children {hasValue() or (children().count() > id.count())}
ext-1:Must have either extensions or value[x], not both {extension.exists() != value.exists()}"
"dnpm-lm-patient-record.ihcReports.results.proteinExpression.patient","dnpm-lm-patient-record.ihcReports.results.proteinExpression.patient","","","",1,1,"","","","BackboneElement {[]} {[]}
","Patient reference","Patient reference","","","","","","","","","",,,,,"",,,,"dnpm-lm-patient-record.ihcReports.results.proteinExpression.patient",1,1,"","ele-1:All FHIR elements must have a @value or children {hasValue() or (children().count() > id.count())}
"
"dnpm-lm-patient-record.ihcReports.results.proteinExpression.patient.id","dnpm-lm-patient-record.ihcReports.results.proteinExpression.patient.id","","","",1,1,"","","","string {[]} {[]}
","Patient ID","Patient ID","","","","","","","","","",,,,,"",,,,"Element.id",0,1,"",""
"dnpm-lm-patient-record.ihcReports.results.proteinExpression.patient.extension","dnpm-lm-patient-record.ihcReports.results.proteinExpression.patient.extension","","extensions
user content","",0,*,"","","","Extension {[]} {[]}
","Additional content defined by implementations","May be used to represent additional information that is not part of the basic definition of the element. To make the use of extensions safe and manageable, there is a strict set of governance  applied to the definition and use of extensions. Though any implementer can define an extension, there is a set of requirements that SHALL be met as part of the definition of the extension.","There can be no stigma associated with the use of extensions by any application, project, or standard - regardless of the institution or jurisdiction that uses or defines the extensions.  The use of extensions is what allows the FHIR specification to retain a core level of simplicity for everyone.","","","","","","","","",,,,,"","value:url}
","Extensions are always sliced by (at least) url",,"open","Element.extension",0,*,"","ele-1:All FHIR elements must have a @value or children {hasValue() or (children().count() > id.count())}
ext-1:Must have either extensions or value[x], not both {extension.exists() != value.exists()}"
"dnpm-lm-patient-record.ihcReports.results.proteinExpression.patient.modifierExtension","dnpm-lm-patient-record.ihcReports.results.proteinExpression.patient.modifierExtension","","extensions
user contentmodifiers","",0,*,"","Y","Y","Extension {[]} {[]}
","Extensions that cannot be ignored even if unrecognized","May be used to represent additional information that is not part of the basic definition of the element and that modifies the understanding of the element in which it is contained and/or the understanding of the containing element's descendants. Usually modifier elements provide negation or qualification. To make the use of extensions safe and manageable, there is a strict set of governance applied to the definition and use of extensions. Though any implementer can define an extension, there is a set of requirements that SHALL be met as part of the definition of the extension. Applications processing a resource are required to check for modifier extensions.

Modifier extensions SHALL NOT change the meaning of any elements on Resource or DomainResource (including cannot change the meaning of modifierExtension itself).","There can be no stigma associated with the use of extensions by any application, project, or standard - regardless of the institution or jurisdiction that uses or defines the extensions.  The use of extensions is what allows the FHIR specification to retain a core level of simplicity for everyone.","Modifier extensions allow for extensions that *cannot* be safely ignored to be clearly distinguished from the vast majority of extensions which can be safely ignored.  This promotes interoperability by eliminating the need for implementers to prohibit the presence of extensions. For further information, see the [definition of modifier extensions](http://hl7.org/fhir/R4/extensibility.html#modifierExtension).","","","","","","","",,,,,"",,,,"BackboneElement.modifierExtension",0,*,"","ele-1:All FHIR elements must have a @value or children {hasValue() or (children().count() > id.count())}
ext-1:Must have either extensions or value[x], not both {extension.exists() != value.exists()}"
"dnpm-lm-patient-record.ihcReports.results.proteinExpression.patient.type","dnpm-lm-patient-record.ihcReports.results.proteinExpression.patient.type","","","",1,1,"","","","string {[]} {[]}
","Reference type (Patient)","Reference type (Patient)","","","","","","","","","",,,,,"",,,,"dnpm-lm-patient-record.ihcReports.results.proteinExpression.patient.type",1,1,"",""
"dnpm-lm-patient-record.ihcReports.results.proteinExpression.specimen","dnpm-lm-patient-record.ihcReports.results.proteinExpression.specimen","","","",1,1,"","","","BackboneElement {[]} {[]}
","Specimen reference","Specimen reference","","","","","","","","","",,,,,"",,,,"dnpm-lm-patient-record.ihcReports.results.proteinExpression.specimen",1,1,"","ele-1:All FHIR elements must have a @value or children {hasValue() or (children().count() > id.count())}
"
"dnpm-lm-patient-record.ihcReports.results.proteinExpression.specimen.id","dnpm-lm-patient-record.ihcReports.results.proteinExpression.specimen.id","","","",1,1,"","","","string {[]} {[]}
","Specimen ID","Specimen ID","","","","","","","","","",,,,,"",,,,"Element.id",0,1,"",""
"dnpm-lm-patient-record.ihcReports.results.proteinExpression.specimen.extension","dnpm-lm-patient-record.ihcReports.results.proteinExpression.specimen.extension","","extensions
user content","",0,*,"","","","Extension {[]} {[]}
","Additional content defined by implementations","May be used to represent additional information that is not part of the basic definition of the element. To make the use of extensions safe and manageable, there is a strict set of governance  applied to the definition and use of extensions. Though any implementer can define an extension, there is a set of requirements that SHALL be met as part of the definition of the extension.","There can be no stigma associated with the use of extensions by any application, project, or standard - regardless of the institution or jurisdiction that uses or defines the extensions.  The use of extensions is what allows the FHIR specification to retain a core level of simplicity for everyone.","","","","","","","","",,,,,"","value:url}
","Extensions are always sliced by (at least) url",,"open","Element.extension",0,*,"","ele-1:All FHIR elements must have a @value or children {hasValue() or (children().count() > id.count())}
ext-1:Must have either extensions or value[x], not both {extension.exists() != value.exists()}"
"dnpm-lm-patient-record.ihcReports.results.proteinExpression.specimen.modifierExtension","dnpm-lm-patient-record.ihcReports.results.proteinExpression.specimen.modifierExtension","","extensions
user contentmodifiers","",0,*,"","Y","Y","Extension {[]} {[]}
","Extensions that cannot be ignored even if unrecognized","May be used to represent additional information that is not part of the basic definition of the element and that modifies the understanding of the element in which it is contained and/or the understanding of the containing element's descendants. Usually modifier elements provide negation or qualification. To make the use of extensions safe and manageable, there is a strict set of governance applied to the definition and use of extensions. Though any implementer can define an extension, there is a set of requirements that SHALL be met as part of the definition of the extension. Applications processing a resource are required to check for modifier extensions.

Modifier extensions SHALL NOT change the meaning of any elements on Resource or DomainResource (including cannot change the meaning of modifierExtension itself).","There can be no stigma associated with the use of extensions by any application, project, or standard - regardless of the institution or jurisdiction that uses or defines the extensions.  The use of extensions is what allows the FHIR specification to retain a core level of simplicity for everyone.","Modifier extensions allow for extensions that *cannot* be safely ignored to be clearly distinguished from the vast majority of extensions which can be safely ignored.  This promotes interoperability by eliminating the need for implementers to prohibit the presence of extensions. For further information, see the [definition of modifier extensions](http://hl7.org/fhir/R4/extensibility.html#modifierExtension).","","","","","","","",,,,,"",,,,"BackboneElement.modifierExtension",0,*,"","ele-1:All FHIR elements must have a @value or children {hasValue() or (children().count() > id.count())}
ext-1:Must have either extensions or value[x], not both {extension.exists() != value.exists()}"
"dnpm-lm-patient-record.ihcReports.results.proteinExpression.specimen.type","dnpm-lm-patient-record.ihcReports.results.proteinExpression.specimen.type","","","",1,1,"","","","string {[]} {[]}
","Reference type (TumorSpecimen)","Reference type (TumorSpecimen)","","","","","","","","","",,,,,"",,,,"dnpm-lm-patient-record.ihcReports.results.proteinExpression.specimen.type",1,1,"",""
"dnpm-lm-patient-record.ihcReports.results.proteinExpression.protein","dnpm-lm-patient-record.ihcReports.results.proteinExpression.protein","","","",1,1,"","","","BackboneElement {[]} {[]}
","Protein tested","Protein tested","","","","","","","","","",,,,,"",,,,"dnpm-lm-patient-record.ihcReports.results.proteinExpression.protein",1,1,"","ele-1:All FHIR elements must have a @value or children {hasValue() or (children().count() > id.count())}
"
"dnpm-lm-patient-record.ihcReports.results.proteinExpression.protein.id","dnpm-lm-patient-record.ihcReports.results.proteinExpression.protein.id","","","",0,1,"","","","string {[]} {[]}
","Unique id for inter-element referencing","Unique id for the element within a resource (for internal references). This may be any string value that does not contain spaces.","","","","","","","","","",,,,,"",,,,"Element.id",0,1,"",""
"dnpm-lm-patient-record.ihcReports.results.proteinExpression.protein.extension","dnpm-lm-patient-record.ihcReports.results.proteinExpression.protein.extension","","extensions
user content","",0,*,"","","","Extension {[]} {[]}
","Additional content defined by implementations","May be used to represent additional information that is not part of the basic definition of the element. To make the use of extensions safe and manageable, there is a strict set of governance  applied to the definition and use of extensions. Though any implementer can define an extension, there is a set of requirements that SHALL be met as part of the definition of the extension.","There can be no stigma associated with the use of extensions by any application, project, or standard - regardless of the institution or jurisdiction that uses or defines the extensions.  The use of extensions is what allows the FHIR specification to retain a core level of simplicity for everyone.","","","","","","","","",,,,,"","value:url}
","Extensions are always sliced by (at least) url",,"open","Element.extension",0,*,"","ele-1:All FHIR elements must have a @value or children {hasValue() or (children().count() > id.count())}
ext-1:Must have either extensions or value[x], not both {extension.exists() != value.exists()}"
"dnpm-lm-patient-record.ihcReports.results.proteinExpression.protein.modifierExtension","dnpm-lm-patient-record.ihcReports.results.proteinExpression.protein.modifierExtension","","extensions
user contentmodifiers","",0,*,"","Y","Y","Extension {[]} {[]}
","Extensions that cannot be ignored even if unrecognized","May be used to represent additional information that is not part of the basic definition of the element and that modifies the understanding of the element in which it is contained and/or the understanding of the containing element's descendants. Usually modifier elements provide negation or qualification. To make the use of extensions safe and manageable, there is a strict set of governance applied to the definition and use of extensions. Though any implementer can define an extension, there is a set of requirements that SHALL be met as part of the definition of the extension. Applications processing a resource are required to check for modifier extensions.

Modifier extensions SHALL NOT change the meaning of any elements on Resource or DomainResource (including cannot change the meaning of modifierExtension itself).","There can be no stigma associated with the use of extensions by any application, project, or standard - regardless of the institution or jurisdiction that uses or defines the extensions.  The use of extensions is what allows the FHIR specification to retain a core level of simplicity for everyone.","Modifier extensions allow for extensions that *cannot* be safely ignored to be clearly distinguished from the vast majority of extensions which can be safely ignored.  This promotes interoperability by eliminating the need for implementers to prohibit the presence of extensions. For further information, see the [definition of modifier extensions](http://hl7.org/fhir/R4/extensibility.html#modifierExtension).","","","","","","","",,,,,"",,,,"BackboneElement.modifierExtension",0,*,"","ele-1:All FHIR elements must have a @value or children {hasValue() or (children().count() > id.count())}
ext-1:Must have either extensions or value[x], not both {extension.exists() != value.exists()}"
"dnpm-lm-patient-record.ihcReports.results.proteinExpression.protein.code","dnpm-lm-patient-record.ihcReports.results.proteinExpression.protein.code","","","",1,1,"","","","string {[]} {[]}
","Protein code (e.g. BRAFP1)","Protein code (e.g. BRAFP1)","","","","","","","","","",,,,,"",,,,"dnpm-lm-patient-record.ihcReports.results.proteinExpression.protein.code",1,1,"",""
"dnpm-lm-patient-record.ihcReports.results.proteinExpression.protein.display","dnpm-lm-patient-record.ihcReports.results.proteinExpression.protein.display","","","",0,1,"","","","string {[]} {[]}
","Protein display","Protein display","","","","","","","","","",,,,,"",,,,"dnpm-lm-patient-record.ihcReports.results.proteinExpression.protein.display",0,1,"",""
"dnpm-lm-patient-record.ihcReports.results.proteinExpression.protein.system","dnpm-lm-patient-record.ihcReports.results.proteinExpression.protein.system","","","",1,1,"","","","string {[]} {[]}
","Protein system URI","Protein system URI","","","","","","","","","",,,,,"",,,,"dnpm-lm-patient-record.ihcReports.results.proteinExpression.protein.system",1,1,"",""
"dnpm-lm-patient-record.ihcReports.results.proteinExpression.value","dnpm-lm-patient-record.ihcReports.results.proteinExpression.value","","","",0,1,"","","","BackboneElement {[]} {[]}
","IHC expression value","IHC expression value","","","","","","","","","",,,,,"",,,,"dnpm-lm-patient-record.ihcReports.results.proteinExpression.value",0,1,"","ele-1:All FHIR elements must have a @value or children {hasValue() or (children().count() > id.count())}
"
"dnpm-lm-patient-record.ihcReports.results.proteinExpression.value.id","dnpm-lm-patient-record.ihcReports.results.proteinExpression.value.id","","","",0,1,"","","","string {[]} {[]}
","Unique id for inter-element referencing","Unique id for the element within a resource (for internal references). This may be any string value that does not contain spaces.","","","","","","","","","",,,,,"",,,,"Element.id",0,1,"",""
"dnpm-lm-patient-record.ihcReports.results.proteinExpression.value.extension","dnpm-lm-patient-record.ihcReports.results.proteinExpression.value.extension","","extensions
user content","",0,*,"","","","Extension {[]} {[]}
","Additional content defined by implementations","May be used to represent additional information that is not part of the basic definition of the element. To make the use of extensions safe and manageable, there is a strict set of governance  applied to the definition and use of extensions. Though any implementer can define an extension, there is a set of requirements that SHALL be met as part of the definition of the extension.","There can be no stigma associated with the use of extensions by any application, project, or standard - regardless of the institution or jurisdiction that uses or defines the extensions.  The use of extensions is what allows the FHIR specification to retain a core level of simplicity for everyone.","","","","","","","","",,,,,"","value:url}
","Extensions are always sliced by (at least) url",,"open","Element.extension",0,*,"","ele-1:All FHIR elements must have a @value or children {hasValue() or (children().count() > id.count())}
ext-1:Must have either extensions or value[x], not both {extension.exists() != value.exists()}"
"dnpm-lm-patient-record.ihcReports.results.proteinExpression.value.modifierExtension","dnpm-lm-patient-record.ihcReports.results.proteinExpression.value.modifierExtension","","extensions
user contentmodifiers","",0,*,"","Y","Y","Extension {[]} {[]}
","Extensions that cannot be ignored even if unrecognized","May be used to represent additional information that is not part of the basic definition of the element and that modifies the understanding of the element in which it is contained and/or the understanding of the containing element's descendants. Usually modifier elements provide negation or qualification. To make the use of extensions safe and manageable, there is a strict set of governance applied to the definition and use of extensions. Though any implementer can define an extension, there is a set of requirements that SHALL be met as part of the definition of the extension. Applications processing a resource are required to check for modifier extensions.

Modifier extensions SHALL NOT change the meaning of any elements on Resource or DomainResource (including cannot change the meaning of modifierExtension itself).","There can be no stigma associated with the use of extensions by any application, project, or standard - regardless of the institution or jurisdiction that uses or defines the extensions.  The use of extensions is what allows the FHIR specification to retain a core level of simplicity for everyone.","Modifier extensions allow for extensions that *cannot* be safely ignored to be clearly distinguished from the vast majority of extensions which can be safely ignored.  This promotes interoperability by eliminating the need for implementers to prohibit the presence of extensions. For further information, see the [definition of modifier extensions](http://hl7.org/fhir/R4/extensibility.html#modifierExtension).","","","","","","","",,,,,"",,,,"BackboneElement.modifierExtension",0,*,"","ele-1:All FHIR elements must have a @value or children {hasValue() or (children().count() > id.count())}
ext-1:Must have either extensions or value[x], not both {extension.exists() != value.exists()}"
"dnpm-lm-patient-record.ihcReports.results.proteinExpression.value.code","dnpm-lm-patient-record.ihcReports.results.proteinExpression.value.code","","","",1,1,"","","","string {[]} {[]}
","Score code (e.g. 1+)","Score code (e.g. 1+)","","","","","","","","","",,,,,"",,,,"dnpm-lm-patient-record.ihcReports.results.proteinExpression.value.code",1,1,"",""
"dnpm-lm-patient-record.ihcReports.results.proteinExpression.value.display","dnpm-lm-patient-record.ihcReports.results.proteinExpression.value.display","","","",0,1,"","","","string {[]} {[]}
","Score display","Score display","","","","","","","","","",,,,,"",,,,"dnpm-lm-patient-record.ihcReports.results.proteinExpression.value.display",0,1,"",""
"dnpm-lm-patient-record.ihcReports.results.proteinExpression.value.system","dnpm-lm-patient-record.ihcReports.results.proteinExpression.value.system","","","",1,1,"","","","string {[]} {[]}
","Score system URI","Score system URI","","","","","","","","","",,,,,"",,,,"dnpm-lm-patient-record.ihcReports.results.proteinExpression.value.system",1,1,"",""
"dnpm-lm-patient-record.ihcReports.results.proteinExpression.tpsScore","dnpm-lm-patient-record.ihcReports.results.proteinExpression.tpsScore","","","",0,1,"","","","integer {[]} {[]}
","Tumor proportion score (TPS)","Tumor proportion score (TPS)","","","","","","","","","",,,,,"",,,,"dnpm-lm-patient-record.ihcReports.results.proteinExpression.tpsScore",0,1,"",""
"dnpm-lm-patient-record.ihcReports.results.proteinExpression.icScore","dnpm-lm-patient-record.ihcReports.results.proteinExpression.icScore","","","",0,1,"","","","BackboneElement {[]} {[]}
","Immune-cell score","Immune-cell score","","","","","","","","","",,,,,"",,,,"dnpm-lm-patient-record.ihcReports.results.proteinExpression.icScore",0,1,"","ele-1:All FHIR elements must have a @value or children {hasValue() or (children().count() > id.count())}
"
"dnpm-lm-patient-record.ihcReports.results.proteinExpression.icScore.id","dnpm-lm-patient-record.ihcReports.results.proteinExpression.icScore.id","","","",0,1,"","","","string {[]} {[]}
","Unique id for inter-element referencing","Unique id for the element within a resource (for internal references). This may be any string value that does not contain spaces.","","","","","","","","","",,,,,"",,,,"Element.id",0,1,"",""
"dnpm-lm-patient-record.ihcReports.results.proteinExpression.icScore.extension","dnpm-lm-patient-record.ihcReports.results.proteinExpression.icScore.extension","","extensions
user content","",0,*,"","","","Extension {[]} {[]}
","Additional content defined by implementations","May be used to represent additional information that is not part of the basic definition of the element. To make the use of extensions safe and manageable, there is a strict set of governance  applied to the definition and use of extensions. Though any implementer can define an extension, there is a set of requirements that SHALL be met as part of the definition of the extension.","There can be no stigma associated with the use of extensions by any application, project, or standard - regardless of the institution or jurisdiction that uses or defines the extensions.  The use of extensions is what allows the FHIR specification to retain a core level of simplicity for everyone.","","","","","","","","",,,,,"","value:url}
","Extensions are always sliced by (at least) url",,"open","Element.extension",0,*,"","ele-1:All FHIR elements must have a @value or children {hasValue() or (children().count() > id.count())}
ext-1:Must have either extensions or value[x], not both {extension.exists() != value.exists()}"
"dnpm-lm-patient-record.ihcReports.results.proteinExpression.icScore.modifierExtension","dnpm-lm-patient-record.ihcReports.results.proteinExpression.icScore.modifierExtension","","extensions
user contentmodifiers","",0,*,"","Y","Y","Extension {[]} {[]}
","Extensions that cannot be ignored even if unrecognized","May be used to represent additional information that is not part of the basic definition of the element and that modifies the understanding of the element in which it is contained and/or the understanding of the containing element's descendants. Usually modifier elements provide negation or qualification. To make the use of extensions safe and manageable, there is a strict set of governance applied to the definition and use of extensions. Though any implementer can define an extension, there is a set of requirements that SHALL be met as part of the definition of the extension. Applications processing a resource are required to check for modifier extensions.

Modifier extensions SHALL NOT change the meaning of any elements on Resource or DomainResource (including cannot change the meaning of modifierExtension itself).","There can be no stigma associated with the use of extensions by any application, project, or standard - regardless of the institution or jurisdiction that uses or defines the extensions.  The use of extensions is what allows the FHIR specification to retain a core level of simplicity for everyone.","Modifier extensions allow for extensions that *cannot* be safely ignored to be clearly distinguished from the vast majority of extensions which can be safely ignored.  This promotes interoperability by eliminating the need for implementers to prohibit the presence of extensions. For further information, see the [definition of modifier extensions](http://hl7.org/fhir/R4/extensibility.html#modifierExtension).","","","","","","","",,,,,"",,,,"BackboneElement.modifierExtension",0,*,"","ele-1:All FHIR elements must have a @value or children {hasValue() or (children().count() > id.count())}
ext-1:Must have either extensions or value[x], not both {extension.exists() != value.exists()}"
"dnpm-lm-patient-record.ihcReports.results.proteinExpression.icScore.code","dnpm-lm-patient-record.ihcReports.results.proteinExpression.icScore.code","","","",1,1,"","","","string {[]} {[]}
","IC score code","IC score code","","","","","","","","","",,,,,"",,,,"dnpm-lm-patient-record.ihcReports.results.proteinExpression.icScore.code",1,1,"",""
"dnpm-lm-patient-record.ihcReports.results.proteinExpression.icScore.display","dnpm-lm-patient-record.ihcReports.results.proteinExpression.icScore.display","","","",0,1,"","","","string {[]} {[]}
","IC score display","IC score display","","","","","","","","","",,,,,"",,,,"dnpm-lm-patient-record.ihcReports.results.proteinExpression.icScore.display",0,1,"",""
"dnpm-lm-patient-record.ihcReports.results.proteinExpression.icScore.system","dnpm-lm-patient-record.ihcReports.results.proteinExpression.icScore.system","","","",1,1,"","","","string {[]} {[]}
","IC score system URI","IC score system URI","","","","","","","","","",,,,,"",,,,"dnpm-lm-patient-record.ihcReports.results.proteinExpression.icScore.system",1,1,"",""
"dnpm-lm-patient-record.ihcReports.results.proteinExpression.tcScore","dnpm-lm-patient-record.ihcReports.results.proteinExpression.tcScore","","","",0,1,"","","","BackboneElement {[]} {[]}
","Tumor-cell score","Tumor-cell score","","","","","","","","","",,,,,"",,,,"dnpm-lm-patient-record.ihcReports.results.proteinExpression.tcScore",0,1,"","ele-1:All FHIR elements must have a @value or children {hasValue() or (children().count() > id.count())}
"
"dnpm-lm-patient-record.ihcReports.results.proteinExpression.tcScore.id","dnpm-lm-patient-record.ihcReports.results.proteinExpression.tcScore.id","","","",0,1,"","","","string {[]} {[]}
","Unique id for inter-element referencing","Unique id for the element within a resource (for internal references). This may be any string value that does not contain spaces.","","","","","","","","","",,,,,"",,,,"Element.id",0,1,"",""
"dnpm-lm-patient-record.ihcReports.results.proteinExpression.tcScore.extension","dnpm-lm-patient-record.ihcReports.results.proteinExpression.tcScore.extension","","extensions
user content","",0,*,"","","","Extension {[]} {[]}
","Additional content defined by implementations","May be used to represent additional information that is not part of the basic definition of the element. To make the use of extensions safe and manageable, there is a strict set of governance  applied to the definition and use of extensions. Though any implementer can define an extension, there is a set of requirements that SHALL be met as part of the definition of the extension.","There can be no stigma associated with the use of extensions by any application, project, or standard - regardless of the institution or jurisdiction that uses or defines the extensions.  The use of extensions is what allows the FHIR specification to retain a core level of simplicity for everyone.","","","","","","","","",,,,,"","value:url}
","Extensions are always sliced by (at least) url",,"open","Element.extension",0,*,"","ele-1:All FHIR elements must have a @value or children {hasValue() or (children().count() > id.count())}
ext-1:Must have either extensions or value[x], not both {extension.exists() != value.exists()}"
"dnpm-lm-patient-record.ihcReports.results.proteinExpression.tcScore.modifierExtension","dnpm-lm-patient-record.ihcReports.results.proteinExpression.tcScore.modifierExtension","","extensions
user contentmodifiers","",0,*,"","Y","Y","Extension {[]} {[]}
","Extensions that cannot be ignored even if unrecognized","May be used to represent additional information that is not part of the basic definition of the element and that modifies the understanding of the element in which it is contained and/or the understanding of the containing element's descendants. Usually modifier elements provide negation or qualification. To make the use of extensions safe and manageable, there is a strict set of governance applied to the definition and use of extensions. Though any implementer can define an extension, there is a set of requirements that SHALL be met as part of the definition of the extension. Applications processing a resource are required to check for modifier extensions.

Modifier extensions SHALL NOT change the meaning of any elements on Resource or DomainResource (including cannot change the meaning of modifierExtension itself).","There can be no stigma associated with the use of extensions by any application, project, or standard - regardless of the institution or jurisdiction that uses or defines the extensions.  The use of extensions is what allows the FHIR specification to retain a core level of simplicity for everyone.","Modifier extensions allow for extensions that *cannot* be safely ignored to be clearly distinguished from the vast majority of extensions which can be safely ignored.  This promotes interoperability by eliminating the need for implementers to prohibit the presence of extensions. For further information, see the [definition of modifier extensions](http://hl7.org/fhir/R4/extensibility.html#modifierExtension).","","","","","","","",,,,,"",,,,"BackboneElement.modifierExtension",0,*,"","ele-1:All FHIR elements must have a @value or children {hasValue() or (children().count() > id.count())}
ext-1:Must have either extensions or value[x], not both {extension.exists() != value.exists()}"
"dnpm-lm-patient-record.ihcReports.results.proteinExpression.tcScore.code","dnpm-lm-patient-record.ihcReports.results.proteinExpression.tcScore.code","","","",1,1,"","","","string {[]} {[]}
","TC score code","TC score code","","","","","","","","","",,,,,"",,,,"dnpm-lm-patient-record.ihcReports.results.proteinExpression.tcScore.code",1,1,"",""
"dnpm-lm-patient-record.ihcReports.results.proteinExpression.tcScore.display","dnpm-lm-patient-record.ihcReports.results.proteinExpression.tcScore.display","","","",0,1,"","","","string {[]} {[]}
","TC score display","TC score display","","","","","","","","","",,,,,"",,,,"dnpm-lm-patient-record.ihcReports.results.proteinExpression.tcScore.display",0,1,"",""
"dnpm-lm-patient-record.ihcReports.results.proteinExpression.tcScore.system","dnpm-lm-patient-record.ihcReports.results.proteinExpression.tcScore.system","","","",1,1,"","","","string {[]} {[]}
","TC score system URI","TC score system URI","","","","","","","","","",,,,,"",,,,"dnpm-lm-patient-record.ihcReports.results.proteinExpression.tcScore.system",1,1,"",""
"dnpm-lm-patient-record.ihcReports.results.msiMmr","dnpm-lm-patient-record.ihcReports.results.msiMmr","","","",0,*,"","","","BackboneElement {[]} {[]}
","MSI / MMR protein expression results","MSI / MMR protein expression results","","","","","","","","","",,,,,"",,,,"dnpm-lm-patient-record.ihcReports.results.msiMmr",0,*,"","ele-1:All FHIR elements must have a @value or children {hasValue() or (children().count() > id.count())}
","MTB: Immunhistochemie MMR (Observation)"
"dnpm-lm-patient-record.ihcReports.results.msiMmr.id","dnpm-lm-patient-record.ihcReports.results.msiMmr.id","","","",1,1,"","","","string {[]} {[]}
","Result UUID","Result UUID","","","","","","","","","",,,,,"",,,,"Element.id",0,1,"",""
"dnpm-lm-patient-record.ihcReports.results.msiMmr.extension","dnpm-lm-patient-record.ihcReports.results.msiMmr.extension","","extensions
user content","",0,*,"","","","Extension {[]} {[]}
","Additional content defined by implementations","May be used to represent additional information that is not part of the basic definition of the element. To make the use of extensions safe and manageable, there is a strict set of governance  applied to the definition and use of extensions. Though any implementer can define an extension, there is a set of requirements that SHALL be met as part of the definition of the extension.","There can be no stigma associated with the use of extensions by any application, project, or standard - regardless of the institution or jurisdiction that uses or defines the extensions.  The use of extensions is what allows the FHIR specification to retain a core level of simplicity for everyone.","","","","","","","","",,,,,"","value:url}
","Extensions are always sliced by (at least) url",,"open","Element.extension",0,*,"","ele-1:All FHIR elements must have a @value or children {hasValue() or (children().count() > id.count())}
ext-1:Must have either extensions or value[x], not both {extension.exists() != value.exists()}"
"dnpm-lm-patient-record.ihcReports.results.msiMmr.modifierExtension","dnpm-lm-patient-record.ihcReports.results.msiMmr.modifierExtension","","extensions
user contentmodifiers","",0,*,"","Y","Y","Extension {[]} {[]}
","Extensions that cannot be ignored even if unrecognized","May be used to represent additional information that is not part of the basic definition of the element and that modifies the understanding of the element in which it is contained and/or the understanding of the containing element's descendants. Usually modifier elements provide negation or qualification. To make the use of extensions safe and manageable, there is a strict set of governance applied to the definition and use of extensions. Though any implementer can define an extension, there is a set of requirements that SHALL be met as part of the definition of the extension. Applications processing a resource are required to check for modifier extensions.

Modifier extensions SHALL NOT change the meaning of any elements on Resource or DomainResource (including cannot change the meaning of modifierExtension itself).","There can be no stigma associated with the use of extensions by any application, project, or standard - regardless of the institution or jurisdiction that uses or defines the extensions.  The use of extensions is what allows the FHIR specification to retain a core level of simplicity for everyone.","Modifier extensions allow for extensions that *cannot* be safely ignored to be clearly distinguished from the vast majority of extensions which can be safely ignored.  This promotes interoperability by eliminating the need for implementers to prohibit the presence of extensions. For further information, see the [definition of modifier extensions](http://hl7.org/fhir/R4/extensibility.html#modifierExtension).","","","","","","","",,,,,"",,,,"BackboneElement.modifierExtension",0,*,"","ele-1:All FHIR elements must have a @value or children {hasValue() or (children().count() > id.count())}
ext-1:Must have either extensions or value[x], not both {extension.exists() != value.exists()}"
"dnpm-lm-patient-record.ihcReports.results.msiMmr.patient","dnpm-lm-patient-record.ihcReports.results.msiMmr.patient","","","",1,1,"","","","BackboneElement {[]} {[]}
","Patient reference","Patient reference","","","","","","","","","",,,,,"",,,,"dnpm-lm-patient-record.ihcReports.results.msiMmr.patient",1,1,"","ele-1:All FHIR elements must have a @value or children {hasValue() or (children().count() > id.count())}
"
"dnpm-lm-patient-record.ihcReports.results.msiMmr.patient.id","dnpm-lm-patient-record.ihcReports.results.msiMmr.patient.id","","","",1,1,"","","","string {[]} {[]}
","Patient ID","Patient ID","","","","","","","","","",,,,,"",,,,"Element.id",0,1,"",""
"dnpm-lm-patient-record.ihcReports.results.msiMmr.patient.extension","dnpm-lm-patient-record.ihcReports.results.msiMmr.patient.extension","","extensions
user content","",0,*,"","","","Extension {[]} {[]}
","Additional content defined by implementations","May be used to represent additional information that is not part of the basic definition of the element. To make the use of extensions safe and manageable, there is a strict set of governance  applied to the definition and use of extensions. Though any implementer can define an extension, there is a set of requirements that SHALL be met as part of the definition of the extension.","There can be no stigma associated with the use of extensions by any application, project, or standard - regardless of the institution or jurisdiction that uses or defines the extensions.  The use of extensions is what allows the FHIR specification to retain a core level of simplicity for everyone.","","","","","","","","",,,,,"","value:url}
","Extensions are always sliced by (at least) url",,"open","Element.extension",0,*,"","ele-1:All FHIR elements must have a @value or children {hasValue() or (children().count() > id.count())}
ext-1:Must have either extensions or value[x], not both {extension.exists() != value.exists()}"
"dnpm-lm-patient-record.ihcReports.results.msiMmr.patient.modifierExtension","dnpm-lm-patient-record.ihcReports.results.msiMmr.patient.modifierExtension","","extensions
user contentmodifiers","",0,*,"","Y","Y","Extension {[]} {[]}
","Extensions that cannot be ignored even if unrecognized","May be used to represent additional information that is not part of the basic definition of the element and that modifies the understanding of the element in which it is contained and/or the understanding of the containing element's descendants. Usually modifier elements provide negation or qualification. To make the use of extensions safe and manageable, there is a strict set of governance applied to the definition and use of extensions. Though any implementer can define an extension, there is a set of requirements that SHALL be met as part of the definition of the extension. Applications processing a resource are required to check for modifier extensions.

Modifier extensions SHALL NOT change the meaning of any elements on Resource or DomainResource (including cannot change the meaning of modifierExtension itself).","There can be no stigma associated with the use of extensions by any application, project, or standard - regardless of the institution or jurisdiction that uses or defines the extensions.  The use of extensions is what allows the FHIR specification to retain a core level of simplicity for everyone.","Modifier extensions allow for extensions that *cannot* be safely ignored to be clearly distinguished from the vast majority of extensions which can be safely ignored.  This promotes interoperability by eliminating the need for implementers to prohibit the presence of extensions. For further information, see the [definition of modifier extensions](http://hl7.org/fhir/R4/extensibility.html#modifierExtension).","","","","","","","",,,,,"",,,,"BackboneElement.modifierExtension",0,*,"","ele-1:All FHIR elements must have a @value or children {hasValue() or (children().count() > id.count())}
ext-1:Must have either extensions or value[x], not both {extension.exists() != value.exists()}"
"dnpm-lm-patient-record.ihcReports.results.msiMmr.patient.type","dnpm-lm-patient-record.ihcReports.results.msiMmr.patient.type","","","",1,1,"","","","string {[]} {[]}
","Reference type (Patient)","Reference type (Patient)","","","","","","","","","",,,,,"",,,,"dnpm-lm-patient-record.ihcReports.results.msiMmr.patient.type",1,1,"",""
"dnpm-lm-patient-record.ihcReports.results.msiMmr.specimen","dnpm-lm-patient-record.ihcReports.results.msiMmr.specimen","","","",1,1,"","","","BackboneElement {[]} {[]}
","Specimen reference","Specimen reference","","","","","","","","","",,,,,"",,,,"dnpm-lm-patient-record.ihcReports.results.msiMmr.specimen",1,1,"","ele-1:All FHIR elements must have a @value or children {hasValue() or (children().count() > id.count())}
"
"dnpm-lm-patient-record.ihcReports.results.msiMmr.specimen.id","dnpm-lm-patient-record.ihcReports.results.msiMmr.specimen.id","","","",1,1,"","","","string {[]} {[]}
","Specimen ID","Specimen ID","","","","","","","","","",,,,,"",,,,"Element.id",0,1,"",""
"dnpm-lm-patient-record.ihcReports.results.msiMmr.specimen.extension","dnpm-lm-patient-record.ihcReports.results.msiMmr.specimen.extension","","extensions
user content","",0,*,"","","","Extension {[]} {[]}
","Additional content defined by implementations","May be used to represent additional information that is not part of the basic definition of the element. To make the use of extensions safe and manageable, there is a strict set of governance  applied to the definition and use of extensions. Though any implementer can define an extension, there is a set of requirements that SHALL be met as part of the definition of the extension.","There can be no stigma associated with the use of extensions by any application, project, or standard - regardless of the institution or jurisdiction that uses or defines the extensions.  The use of extensions is what allows the FHIR specification to retain a core level of simplicity for everyone.","","","","","","","","",,,,,"","value:url}
","Extensions are always sliced by (at least) url",,"open","Element.extension",0,*,"","ele-1:All FHIR elements must have a @value or children {hasValue() or (children().count() > id.count())}
ext-1:Must have either extensions or value[x], not both {extension.exists() != value.exists()}"
"dnpm-lm-patient-record.ihcReports.results.msiMmr.specimen.modifierExtension","dnpm-lm-patient-record.ihcReports.results.msiMmr.specimen.modifierExtension","","extensions
user contentmodifiers","",0,*,"","Y","Y","Extension {[]} {[]}
","Extensions that cannot be ignored even if unrecognized","May be used to represent additional information that is not part of the basic definition of the element and that modifies the understanding of the element in which it is contained and/or the understanding of the containing element's descendants. Usually modifier elements provide negation or qualification. To make the use of extensions safe and manageable, there is a strict set of governance applied to the definition and use of extensions. Though any implementer can define an extension, there is a set of requirements that SHALL be met as part of the definition of the extension. Applications processing a resource are required to check for modifier extensions.

Modifier extensions SHALL NOT change the meaning of any elements on Resource or DomainResource (including cannot change the meaning of modifierExtension itself).","There can be no stigma associated with the use of extensions by any application, project, or standard - regardless of the institution or jurisdiction that uses or defines the extensions.  The use of extensions is what allows the FHIR specification to retain a core level of simplicity for everyone.","Modifier extensions allow for extensions that *cannot* be safely ignored to be clearly distinguished from the vast majority of extensions which can be safely ignored.  This promotes interoperability by eliminating the need for implementers to prohibit the presence of extensions. For further information, see the [definition of modifier extensions](http://hl7.org/fhir/R4/extensibility.html#modifierExtension).","","","","","","","",,,,,"",,,,"BackboneElement.modifierExtension",0,*,"","ele-1:All FHIR elements must have a @value or children {hasValue() or (children().count() > id.count())}
ext-1:Must have either extensions or value[x], not both {extension.exists() != value.exists()}"
"dnpm-lm-patient-record.ihcReports.results.msiMmr.specimen.type","dnpm-lm-patient-record.ihcReports.results.msiMmr.specimen.type","","","",1,1,"","","","string {[]} {[]}
","Reference type (TumorSpecimen)","Reference type (TumorSpecimen)","","","","","","","","","",,,,,"",,,,"dnpm-lm-patient-record.ihcReports.results.msiMmr.specimen.type",1,1,"",""
"dnpm-lm-patient-record.ihcReports.results.msiMmr.protein","dnpm-lm-patient-record.ihcReports.results.msiMmr.protein","","","",1,1,"","","","BackboneElement {[]} {[]}
","MMR protein tested (e.g. MLH1)","MMR protein tested (e.g. MLH1)","","","","","","","","","",,,,,"",,,,"dnpm-lm-patient-record.ihcReports.results.msiMmr.protein",1,1,"","ele-1:All FHIR elements must have a @value or children {hasValue() or (children().count() > id.count())}
"
"dnpm-lm-patient-record.ihcReports.results.msiMmr.protein.id","dnpm-lm-patient-record.ihcReports.results.msiMmr.protein.id","","","",0,1,"","","","string {[]} {[]}
","Unique id for inter-element referencing","Unique id for the element within a resource (for internal references). This may be any string value that does not contain spaces.","","","","","","","","","",,,,,"",,,,"Element.id",0,1,"",""
"dnpm-lm-patient-record.ihcReports.results.msiMmr.protein.extension","dnpm-lm-patient-record.ihcReports.results.msiMmr.protein.extension","","extensions
user content","",0,*,"","","","Extension {[]} {[]}
","Additional content defined by implementations","May be used to represent additional information that is not part of the basic definition of the element. To make the use of extensions safe and manageable, there is a strict set of governance  applied to the definition and use of extensions. Though any implementer can define an extension, there is a set of requirements that SHALL be met as part of the definition of the extension.","There can be no stigma associated with the use of extensions by any application, project, or standard - regardless of the institution or jurisdiction that uses or defines the extensions.  The use of extensions is what allows the FHIR specification to retain a core level of simplicity for everyone.","","","","","","","","",,,,,"","value:url}
","Extensions are always sliced by (at least) url",,"open","Element.extension",0,*,"","ele-1:All FHIR elements must have a @value or children {hasValue() or (children().count() > id.count())}
ext-1:Must have either extensions or value[x], not both {extension.exists() != value.exists()}"
"dnpm-lm-patient-record.ihcReports.results.msiMmr.protein.modifierExtension","dnpm-lm-patient-record.ihcReports.results.msiMmr.protein.modifierExtension","","extensions
user contentmodifiers","",0,*,"","Y","Y","Extension {[]} {[]}
","Extensions that cannot be ignored even if unrecognized","May be used to represent additional information that is not part of the basic definition of the element and that modifies the understanding of the element in which it is contained and/or the understanding of the containing element's descendants. Usually modifier elements provide negation or qualification. To make the use of extensions safe and manageable, there is a strict set of governance applied to the definition and use of extensions. Though any implementer can define an extension, there is a set of requirements that SHALL be met as part of the definition of the extension. Applications processing a resource are required to check for modifier extensions.

Modifier extensions SHALL NOT change the meaning of any elements on Resource or DomainResource (including cannot change the meaning of modifierExtension itself).","There can be no stigma associated with the use of extensions by any application, project, or standard - regardless of the institution or jurisdiction that uses or defines the extensions.  The use of extensions is what allows the FHIR specification to retain a core level of simplicity for everyone.","Modifier extensions allow for extensions that *cannot* be safely ignored to be clearly distinguished from the vast majority of extensions which can be safely ignored.  This promotes interoperability by eliminating the need for implementers to prohibit the presence of extensions. For further information, see the [definition of modifier extensions](http://hl7.org/fhir/R4/extensibility.html#modifierExtension).","","","","","","","",,,,,"",,,,"BackboneElement.modifierExtension",0,*,"","ele-1:All FHIR elements must have a @value or children {hasValue() or (children().count() > id.count())}
ext-1:Must have either extensions or value[x], not both {extension.exists() != value.exists()}"
"dnpm-lm-patient-record.ihcReports.results.msiMmr.protein.code","dnpm-lm-patient-record.ihcReports.results.msiMmr.protein.code","","","",1,1,"","","","string {[]} {[]}
","Protein code","Protein code","","","","","","","","","",,,,,"",,,,"dnpm-lm-patient-record.ihcReports.results.msiMmr.protein.code",1,1,"",""
"dnpm-lm-patient-record.ihcReports.results.msiMmr.protein.display","dnpm-lm-patient-record.ihcReports.results.msiMmr.protein.display","","","",0,1,"","","","string {[]} {[]}
","Protein display","Protein display","","","","","","","","","",,,,,"",,,,"dnpm-lm-patient-record.ihcReports.results.msiMmr.protein.display",0,1,"",""
"dnpm-lm-patient-record.ihcReports.results.msiMmr.protein.system","dnpm-lm-patient-record.ihcReports.results.msiMmr.protein.system","","","",1,1,"","","","string {[]} {[]}
","Protein system URI","Protein system URI","","","","","","","","","",,,,,"",,,,"dnpm-lm-patient-record.ihcReports.results.msiMmr.protein.system",1,1,"",""
"dnpm-lm-patient-record.ihcReports.results.msiMmr.value","dnpm-lm-patient-record.ihcReports.results.msiMmr.value","","","",0,1,"","","","BackboneElement {[]} {[]}
","Expression result","Expression result","","","","","","","","","",,,,,"",,,,"dnpm-lm-patient-record.ihcReports.results.msiMmr.value",0,1,"","ele-1:All FHIR elements must have a @value or children {hasValue() or (children().count() > id.count())}
"
"dnpm-lm-patient-record.ihcReports.results.msiMmr.value.id","dnpm-lm-patient-record.ihcReports.results.msiMmr.value.id","","","",0,1,"","","","string {[]} {[]}
","Unique id for inter-element referencing","Unique id for the element within a resource (for internal references). This may be any string value that does not contain spaces.","","","","","","","","","",,,,,"",,,,"Element.id",0,1,"",""
"dnpm-lm-patient-record.ihcReports.results.msiMmr.value.extension","dnpm-lm-patient-record.ihcReports.results.msiMmr.value.extension","","extensions
user content","",0,*,"","","","Extension {[]} {[]}
","Additional content defined by implementations","May be used to represent additional information that is not part of the basic definition of the element. To make the use of extensions safe and manageable, there is a strict set of governance  applied to the definition and use of extensions. Though any implementer can define an extension, there is a set of requirements that SHALL be met as part of the definition of the extension.","There can be no stigma associated with the use of extensions by any application, project, or standard - regardless of the institution or jurisdiction that uses or defines the extensions.  The use of extensions is what allows the FHIR specification to retain a core level of simplicity for everyone.","","","","","","","","",,,,,"","value:url}
","Extensions are always sliced by (at least) url",,"open","Element.extension",0,*,"","ele-1:All FHIR elements must have a @value or children {hasValue() or (children().count() > id.count())}
ext-1:Must have either extensions or value[x], not both {extension.exists() != value.exists()}"
"dnpm-lm-patient-record.ihcReports.results.msiMmr.value.modifierExtension","dnpm-lm-patient-record.ihcReports.results.msiMmr.value.modifierExtension","","extensions
user contentmodifiers","",0,*,"","Y","Y","Extension {[]} {[]}
","Extensions that cannot be ignored even if unrecognized","May be used to represent additional information that is not part of the basic definition of the element and that modifies the understanding of the element in which it is contained and/or the understanding of the containing element's descendants. Usually modifier elements provide negation or qualification. To make the use of extensions safe and manageable, there is a strict set of governance applied to the definition and use of extensions. Though any implementer can define an extension, there is a set of requirements that SHALL be met as part of the definition of the extension. Applications processing a resource are required to check for modifier extensions.

Modifier extensions SHALL NOT change the meaning of any elements on Resource or DomainResource (including cannot change the meaning of modifierExtension itself).","There can be no stigma associated with the use of extensions by any application, project, or standard - regardless of the institution or jurisdiction that uses or defines the extensions.  The use of extensions is what allows the FHIR specification to retain a core level of simplicity for everyone.","Modifier extensions allow for extensions that *cannot* be safely ignored to be clearly distinguished from the vast majority of extensions which can be safely ignored.  This promotes interoperability by eliminating the need for implementers to prohibit the presence of extensions. For further information, see the [definition of modifier extensions](http://hl7.org/fhir/R4/extensibility.html#modifierExtension).","","","","","","","",,,,,"",,,,"BackboneElement.modifierExtension",0,*,"","ele-1:All FHIR elements must have a @value or children {hasValue() or (children().count() > id.count())}
ext-1:Must have either extensions or value[x], not both {extension.exists() != value.exists()}"
"dnpm-lm-patient-record.ihcReports.results.msiMmr.value.code","dnpm-lm-patient-record.ihcReports.results.msiMmr.value.code","","","",1,1,"","","","string {[]} {[]}
","Result code (e.g. exp_present)","Result code (e.g. exp_present)","","","","","","","","","",,,,,"",,,,"dnpm-lm-patient-record.ihcReports.results.msiMmr.value.code",1,1,"",""
"dnpm-lm-patient-record.ihcReports.results.msiMmr.value.display","dnpm-lm-patient-record.ihcReports.results.msiMmr.value.display","","","",0,1,"","","","string {[]} {[]}
","Result display","Result display","","","","","","","","","",,,,,"",,,,"dnpm-lm-patient-record.ihcReports.results.msiMmr.value.display",0,1,"",""
"dnpm-lm-patient-record.ihcReports.results.msiMmr.value.system","dnpm-lm-patient-record.ihcReports.results.msiMmr.value.system","","","",1,1,"","","","string {[]} {[]}
","Result system URI","Result system URI","","","","","","","","","",,,,,"",,,,"dnpm-lm-patient-record.ihcReports.results.msiMmr.value.system",1,1,"",""
"dnpm-lm-patient-record.msiFindings","dnpm-lm-patient-record.msiFindings","","","",0,*,"","","","BackboneElement {[]} {[]}
","Microsatellite instability (MSI) findings","Microsatellite instability (MSI) findings","","","","","","","","","",,,,,"",,,,"dnpm-lm-patient-record.msiFindings",0,*,"","ele-1:All FHIR elements must have a @value or children {hasValue() or (children().count() > id.count())}
","MTB: Mikrosatelliteninstabilitaet (Observation)"
"dnpm-lm-patient-record.msiFindings.id","dnpm-lm-patient-record.msiFindings.id","","","",1,1,"","","","string {[]} {[]}
","MSI finding UUID","MSI finding UUID","","","","","","","","","",,,,,"",,,,"Element.id",0,1,"","","MTB: Observation.identifier"
"dnpm-lm-patient-record.msiFindings.extension","dnpm-lm-patient-record.msiFindings.extension","","extensions
user content","",0,*,"","","","Extension {[]} {[]}
","Additional content defined by implementations","May be used to represent additional information that is not part of the basic definition of the element. To make the use of extensions safe and manageable, there is a strict set of governance  applied to the definition and use of extensions. Though any implementer can define an extension, there is a set of requirements that SHALL be met as part of the definition of the extension.","There can be no stigma associated with the use of extensions by any application, project, or standard - regardless of the institution or jurisdiction that uses or defines the extensions.  The use of extensions is what allows the FHIR specification to retain a core level of simplicity for everyone.","","","","","","","","",,,,,"","value:url}
","Extensions are always sliced by (at least) url",,"open","Element.extension",0,*,"","ele-1:All FHIR elements must have a @value or children {hasValue() or (children().count() > id.count())}
ext-1:Must have either extensions or value[x], not both {extension.exists() != value.exists()}"
"dnpm-lm-patient-record.msiFindings.modifierExtension","dnpm-lm-patient-record.msiFindings.modifierExtension","","extensions
user contentmodifiers","",0,*,"","Y","Y","Extension {[]} {[]}
","Extensions that cannot be ignored even if unrecognized","May be used to represent additional information that is not part of the basic definition of the element and that modifies the understanding of the element in which it is contained and/or the understanding of the containing element's descendants. Usually modifier elements provide negation or qualification. To make the use of extensions safe and manageable, there is a strict set of governance applied to the definition and use of extensions. Though any implementer can define an extension, there is a set of requirements that SHALL be met as part of the definition of the extension. Applications processing a resource are required to check for modifier extensions.

Modifier extensions SHALL NOT change the meaning of any elements on Resource or DomainResource (including cannot change the meaning of modifierExtension itself).","There can be no stigma associated with the use of extensions by any application, project, or standard - regardless of the institution or jurisdiction that uses or defines the extensions.  The use of extensions is what allows the FHIR specification to retain a core level of simplicity for everyone.","Modifier extensions allow for extensions that *cannot* be safely ignored to be clearly distinguished from the vast majority of extensions which can be safely ignored.  This promotes interoperability by eliminating the need for implementers to prohibit the presence of extensions. For further information, see the [definition of modifier extensions](http://hl7.org/fhir/R4/extensibility.html#modifierExtension).","","","","","","","",,,,,"",,,,"BackboneElement.modifierExtension",0,*,"","ele-1:All FHIR elements must have a @value or children {hasValue() or (children().count() > id.count())}
ext-1:Must have either extensions or value[x], not both {extension.exists() != value.exists()}"
"dnpm-lm-patient-record.msiFindings.patient","dnpm-lm-patient-record.msiFindings.patient","","","",1,1,"","","","BackboneElement {[]} {[]}
","Patient reference","Patient reference","","","","","","","","","",,,,,"",,,,"dnpm-lm-patient-record.msiFindings.patient",1,1,"","ele-1:All FHIR elements must have a @value or children {hasValue() or (children().count() > id.count())}
"
"dnpm-lm-patient-record.msiFindings.patient.id","dnpm-lm-patient-record.msiFindings.patient.id","","","",1,1,"","","","string {[]} {[]}
","Patient ID","Patient ID","","","","","","","","","",,,,,"",,,,"Element.id",0,1,"",""
"dnpm-lm-patient-record.msiFindings.patient.extension","dnpm-lm-patient-record.msiFindings.patient.extension","","extensions
user content","",0,*,"","","","Extension {[]} {[]}
","Additional content defined by implementations","May be used to represent additional information that is not part of the basic definition of the element. To make the use of extensions safe and manageable, there is a strict set of governance  applied to the definition and use of extensions. Though any implementer can define an extension, there is a set of requirements that SHALL be met as part of the definition of the extension.","There can be no stigma associated with the use of extensions by any application, project, or standard - regardless of the institution or jurisdiction that uses or defines the extensions.  The use of extensions is what allows the FHIR specification to retain a core level of simplicity for everyone.","","","","","","","","",,,,,"","value:url}
","Extensions are always sliced by (at least) url",,"open","Element.extension",0,*,"","ele-1:All FHIR elements must have a @value or children {hasValue() or (children().count() > id.count())}
ext-1:Must have either extensions or value[x], not both {extension.exists() != value.exists()}"
"dnpm-lm-patient-record.msiFindings.patient.modifierExtension","dnpm-lm-patient-record.msiFindings.patient.modifierExtension","","extensions
user contentmodifiers","",0,*,"","Y","Y","Extension {[]} {[]}
","Extensions that cannot be ignored even if unrecognized","May be used to represent additional information that is not part of the basic definition of the element and that modifies the understanding of the element in which it is contained and/or the understanding of the containing element's descendants. Usually modifier elements provide negation or qualification. To make the use of extensions safe and manageable, there is a strict set of governance applied to the definition and use of extensions. Though any implementer can define an extension, there is a set of requirements that SHALL be met as part of the definition of the extension. Applications processing a resource are required to check for modifier extensions.

Modifier extensions SHALL NOT change the meaning of any elements on Resource or DomainResource (including cannot change the meaning of modifierExtension itself).","There can be no stigma associated with the use of extensions by any application, project, or standard - regardless of the institution or jurisdiction that uses or defines the extensions.  The use of extensions is what allows the FHIR specification to retain a core level of simplicity for everyone.","Modifier extensions allow for extensions that *cannot* be safely ignored to be clearly distinguished from the vast majority of extensions which can be safely ignored.  This promotes interoperability by eliminating the need for implementers to prohibit the presence of extensions. For further information, see the [definition of modifier extensions](http://hl7.org/fhir/R4/extensibility.html#modifierExtension).","","","","","","","",,,,,"",,,,"BackboneElement.modifierExtension",0,*,"","ele-1:All FHIR elements must have a @value or children {hasValue() or (children().count() > id.count())}
ext-1:Must have either extensions or value[x], not both {extension.exists() != value.exists()}"
"dnpm-lm-patient-record.msiFindings.patient.type","dnpm-lm-patient-record.msiFindings.patient.type","","","",1,1,"","","","string {[]} {[]}
","Reference type (Patient)","Reference type (Patient)","","","","","","","","","",,,,,"",,,,"dnpm-lm-patient-record.msiFindings.patient.type",1,1,"",""
"dnpm-lm-patient-record.msiFindings.specimen","dnpm-lm-patient-record.msiFindings.specimen","","","",1,1,"","","","BackboneElement {[]} {[]}
","Tumor specimen reference","Tumor specimen reference","","","","","","","","","",,,,,"",,,,"dnpm-lm-patient-record.msiFindings.specimen",1,1,"","ele-1:All FHIR elements must have a @value or children {hasValue() or (children().count() > id.count())}
","MTB: Observation.specimen"
"dnpm-lm-patient-record.msiFindings.specimen.id","dnpm-lm-patient-record.msiFindings.specimen.id","","","",1,1,"","","","string {[]} {[]}
","Specimen ID","Specimen ID","","","","","","","","","",,,,,"",,,,"Element.id",0,1,"",""
"dnpm-lm-patient-record.msiFindings.specimen.extension","dnpm-lm-patient-record.msiFindings.specimen.extension","","extensions
user content","",0,*,"","","","Extension {[]} {[]}
","Additional content defined by implementations","May be used to represent additional information that is not part of the basic definition of the element. To make the use of extensions safe and manageable, there is a strict set of governance  applied to the definition and use of extensions. Though any implementer can define an extension, there is a set of requirements that SHALL be met as part of the definition of the extension.","There can be no stigma associated with the use of extensions by any application, project, or standard - regardless of the institution or jurisdiction that uses or defines the extensions.  The use of extensions is what allows the FHIR specification to retain a core level of simplicity for everyone.","","","","","","","","",,,,,"","value:url}
","Extensions are always sliced by (at least) url",,"open","Element.extension",0,*,"","ele-1:All FHIR elements must have a @value or children {hasValue() or (children().count() > id.count())}
ext-1:Must have either extensions or value[x], not both {extension.exists() != value.exists()}"
"dnpm-lm-patient-record.msiFindings.specimen.modifierExtension","dnpm-lm-patient-record.msiFindings.specimen.modifierExtension","","extensions
user contentmodifiers","",0,*,"","Y","Y","Extension {[]} {[]}
","Extensions that cannot be ignored even if unrecognized","May be used to represent additional information that is not part of the basic definition of the element and that modifies the understanding of the element in which it is contained and/or the understanding of the containing element's descendants. Usually modifier elements provide negation or qualification. To make the use of extensions safe and manageable, there is a strict set of governance applied to the definition and use of extensions. Though any implementer can define an extension, there is a set of requirements that SHALL be met as part of the definition of the extension. Applications processing a resource are required to check for modifier extensions.

Modifier extensions SHALL NOT change the meaning of any elements on Resource or DomainResource (including cannot change the meaning of modifierExtension itself).","There can be no stigma associated with the use of extensions by any application, project, or standard - regardless of the institution or jurisdiction that uses or defines the extensions.  The use of extensions is what allows the FHIR specification to retain a core level of simplicity for everyone.","Modifier extensions allow for extensions that *cannot* be safely ignored to be clearly distinguished from the vast majority of extensions which can be safely ignored.  This promotes interoperability by eliminating the need for implementers to prohibit the presence of extensions. For further information, see the [definition of modifier extensions](http://hl7.org/fhir/R4/extensibility.html#modifierExtension).","","","","","","","",,,,,"",,,,"BackboneElement.modifierExtension",0,*,"","ele-1:All FHIR elements must have a @value or children {hasValue() or (children().count() > id.count())}
ext-1:Must have either extensions or value[x], not both {extension.exists() != value.exists()}"
"dnpm-lm-patient-record.msiFindings.specimen.type","dnpm-lm-patient-record.msiFindings.specimen.type","","","",1,1,"","","","string {[]} {[]}
","Reference type (TumorSpecimen)","Reference type (TumorSpecimen)","","","","","","","","","",,,,,"",,,,"dnpm-lm-patient-record.msiFindings.specimen.type",1,1,"",""
"dnpm-lm-patient-record.msiFindings.ngsReport","dnpm-lm-patient-record.msiFindings.ngsReport","","","",0,1,"","","","BackboneElement {[]} {[]}
","Associated NGS report reference","Associated NGS report reference","","","","","","","","","",,,,,"",,,,"dnpm-lm-patient-record.msiFindings.ngsReport",0,1,"","ele-1:All FHIR elements must have a @value or children {hasValue() or (children().count() > id.count())}
"
"dnpm-lm-patient-record.msiFindings.ngsReport.id","dnpm-lm-patient-record.msiFindings.ngsReport.id","","","",1,1,"","","","string {[]} {[]}
","NGS report ID","NGS report ID","","","","","","","","","",,,,,"",,,,"Element.id",0,1,"",""
"dnpm-lm-patient-record.msiFindings.ngsReport.extension","dnpm-lm-patient-record.msiFindings.ngsReport.extension","","extensions
user content","",0,*,"","","","Extension {[]} {[]}
","Additional content defined by implementations","May be used to represent additional information that is not part of the basic definition of the element. To make the use of extensions safe and manageable, there is a strict set of governance  applied to the definition and use of extensions. Though any implementer can define an extension, there is a set of requirements that SHALL be met as part of the definition of the extension.","There can be no stigma associated with the use of extensions by any application, project, or standard - regardless of the institution or jurisdiction that uses or defines the extensions.  The use of extensions is what allows the FHIR specification to retain a core level of simplicity for everyone.","","","","","","","","",,,,,"","value:url}
","Extensions are always sliced by (at least) url",,"open","Element.extension",0,*,"","ele-1:All FHIR elements must have a @value or children {hasValue() or (children().count() > id.count())}
ext-1:Must have either extensions or value[x], not both {extension.exists() != value.exists()}"
"dnpm-lm-patient-record.msiFindings.ngsReport.modifierExtension","dnpm-lm-patient-record.msiFindings.ngsReport.modifierExtension","","extensions
user contentmodifiers","",0,*,"","Y","Y","Extension {[]} {[]}
","Extensions that cannot be ignored even if unrecognized","May be used to represent additional information that is not part of the basic definition of the element and that modifies the understanding of the element in which it is contained and/or the understanding of the containing element's descendants. Usually modifier elements provide negation or qualification. To make the use of extensions safe and manageable, there is a strict set of governance applied to the definition and use of extensions. Though any implementer can define an extension, there is a set of requirements that SHALL be met as part of the definition of the extension. Applications processing a resource are required to check for modifier extensions.

Modifier extensions SHALL NOT change the meaning of any elements on Resource or DomainResource (including cannot change the meaning of modifierExtension itself).","There can be no stigma associated with the use of extensions by any application, project, or standard - regardless of the institution or jurisdiction that uses or defines the extensions.  The use of extensions is what allows the FHIR specification to retain a core level of simplicity for everyone.","Modifier extensions allow for extensions that *cannot* be safely ignored to be clearly distinguished from the vast majority of extensions which can be safely ignored.  This promotes interoperability by eliminating the need for implementers to prohibit the presence of extensions. For further information, see the [definition of modifier extensions](http://hl7.org/fhir/R4/extensibility.html#modifierExtension).","","","","","","","",,,,,"",,,,"BackboneElement.modifierExtension",0,*,"","ele-1:All FHIR elements must have a @value or children {hasValue() or (children().count() > id.count())}
ext-1:Must have either extensions or value[x], not both {extension.exists() != value.exists()}"
"dnpm-lm-patient-record.msiFindings.ngsReport.type","dnpm-lm-patient-record.msiFindings.ngsReport.type","","","",1,1,"","","","string {[]} {[]}
","Reference type (NGSReport)","Reference type (NGSReport)","","","","","","","","","",,,,,"",,,,"dnpm-lm-patient-record.msiFindings.ngsReport.type",1,1,"",""
"dnpm-lm-patient-record.msiFindings.issuedOn","dnpm-lm-patient-record.msiFindings.issuedOn","","","",1,1,"","","","string {[]} {[]}
","Finding date (YYYY-MM-DD)","Finding date (YYYY-MM-DD)","","","","","","","","","",,,,,"",,,,"dnpm-lm-patient-record.msiFindings.issuedOn",1,1,"",""
"dnpm-lm-patient-record.msiFindings.value","dnpm-lm-patient-record.msiFindings.value","","","",1,1,"","","","BackboneElement {[]} {[]}
","MSI result value","MSI result value","","","","","","","","","",,,,,"",,,,"dnpm-lm-patient-record.msiFindings.value",1,1,"","ele-1:All FHIR elements must have a @value or children {hasValue() or (children().count() > id.count())}
","MTB: Observation.valueCodeableConcept"
"dnpm-lm-patient-record.msiFindings.value.id","dnpm-lm-patient-record.msiFindings.value.id","","","",0,1,"","","","string {[]} {[]}
","Unique id for inter-element referencing","Unique id for the element within a resource (for internal references). This may be any string value that does not contain spaces.","","","","","","","","","",,,,,"",,,,"Element.id",0,1,"",""
"dnpm-lm-patient-record.msiFindings.value.extension","dnpm-lm-patient-record.msiFindings.value.extension","","extensions
user content","",0,*,"","","","Extension {[]} {[]}
","Additional content defined by implementations","May be used to represent additional information that is not part of the basic definition of the element. To make the use of extensions safe and manageable, there is a strict set of governance  applied to the definition and use of extensions. Though any implementer can define an extension, there is a set of requirements that SHALL be met as part of the definition of the extension.","There can be no stigma associated with the use of extensions by any application, project, or standard - regardless of the institution or jurisdiction that uses or defines the extensions.  The use of extensions is what allows the FHIR specification to retain a core level of simplicity for everyone.","","","","","","","","",,,,,"","value:url}
","Extensions are always sliced by (at least) url",,"open","Element.extension",0,*,"","ele-1:All FHIR elements must have a @value or children {hasValue() or (children().count() > id.count())}
ext-1:Must have either extensions or value[x], not both {extension.exists() != value.exists()}"
"dnpm-lm-patient-record.msiFindings.value.modifierExtension","dnpm-lm-patient-record.msiFindings.value.modifierExtension","","extensions
user contentmodifiers","",0,*,"","Y","Y","Extension {[]} {[]}
","Extensions that cannot be ignored even if unrecognized","May be used to represent additional information that is not part of the basic definition of the element and that modifies the understanding of the element in which it is contained and/or the understanding of the containing element's descendants. Usually modifier elements provide negation or qualification. To make the use of extensions safe and manageable, there is a strict set of governance applied to the definition and use of extensions. Though any implementer can define an extension, there is a set of requirements that SHALL be met as part of the definition of the extension. Applications processing a resource are required to check for modifier extensions.

Modifier extensions SHALL NOT change the meaning of any elements on Resource or DomainResource (including cannot change the meaning of modifierExtension itself).","There can be no stigma associated with the use of extensions by any application, project, or standard - regardless of the institution or jurisdiction that uses or defines the extensions.  The use of extensions is what allows the FHIR specification to retain a core level of simplicity for everyone.","Modifier extensions allow for extensions that *cannot* be safely ignored to be clearly distinguished from the vast majority of extensions which can be safely ignored.  This promotes interoperability by eliminating the need for implementers to prohibit the presence of extensions. For further information, see the [definition of modifier extensions](http://hl7.org/fhir/R4/extensibility.html#modifierExtension).","","","","","","","",,,,,"",,,,"BackboneElement.modifierExtension",0,*,"","ele-1:All FHIR elements must have a @value or children {hasValue() or (children().count() > id.count())}
ext-1:Must have either extensions or value[x], not both {extension.exists() != value.exists()}"
"dnpm-lm-patient-record.msiFindings.value.code","dnpm-lm-patient-record.msiFindings.value.code","","","",1,1,"","","","string {[]} {[]}
","MSI code (e.g. MSI-H)","MSI code (e.g. MSI-H)","","","","","","","","","",,,,,"",,,,"dnpm-lm-patient-record.msiFindings.value.code",1,1,"",""
"dnpm-lm-patient-record.msiFindings.value.display","dnpm-lm-patient-record.msiFindings.value.display","","","",0,1,"","","","string {[]} {[]}
","MSI display","MSI display","","","","","","","","","",,,,,"",,,,"dnpm-lm-patient-record.msiFindings.value.display",0,1,"",""
"dnpm-lm-patient-record.msiFindings.value.system","dnpm-lm-patient-record.msiFindings.value.system","","","",1,1,"","","","string {[]} {[]}
","MSI system URI","MSI system URI","","","","","","","","","",,,,,"",,,,"dnpm-lm-patient-record.msiFindings.value.system",1,1,"",""
"dnpm-lm-patient-record.msiFindings.method","dnpm-lm-patient-record.msiFindings.method","","","",0,1,"","","","BackboneElement {[]} {[]}
","MSI determination method","MSI determination method","","","","","","","","","",,,,,"",,,,"dnpm-lm-patient-record.msiFindings.method",0,1,"","ele-1:All FHIR elements must have a @value or children {hasValue() or (children().count() > id.count())}
","MTB: Observation.method"
"dnpm-lm-patient-record.msiFindings.method.id","dnpm-lm-patient-record.msiFindings.method.id","","","",0,1,"","","","string {[]} {[]}
","Unique id for inter-element referencing","Unique id for the element within a resource (for internal references). This may be any string value that does not contain spaces.","","","","","","","","","",,,,,"",,,,"Element.id",0,1,"",""
"dnpm-lm-patient-record.msiFindings.method.extension","dnpm-lm-patient-record.msiFindings.method.extension","","extensions
user content","",0,*,"","","","Extension {[]} {[]}
","Additional content defined by implementations","May be used to represent additional information that is not part of the basic definition of the element. To make the use of extensions safe and manageable, there is a strict set of governance  applied to the definition and use of extensions. Though any implementer can define an extension, there is a set of requirements that SHALL be met as part of the definition of the extension.","There can be no stigma associated with the use of extensions by any application, project, or standard - regardless of the institution or jurisdiction that uses or defines the extensions.  The use of extensions is what allows the FHIR specification to retain a core level of simplicity for everyone.","","","","","","","","",,,,,"","value:url}
","Extensions are always sliced by (at least) url",,"open","Element.extension",0,*,"","ele-1:All FHIR elements must have a @value or children {hasValue() or (children().count() > id.count())}
ext-1:Must have either extensions or value[x], not both {extension.exists() != value.exists()}"
"dnpm-lm-patient-record.msiFindings.method.modifierExtension","dnpm-lm-patient-record.msiFindings.method.modifierExtension","","extensions
user contentmodifiers","",0,*,"","Y","Y","Extension {[]} {[]}
","Extensions that cannot be ignored even if unrecognized","May be used to represent additional information that is not part of the basic definition of the element and that modifies the understanding of the element in which it is contained and/or the understanding of the containing element's descendants. Usually modifier elements provide negation or qualification. To make the use of extensions safe and manageable, there is a strict set of governance applied to the definition and use of extensions. Though any implementer can define an extension, there is a set of requirements that SHALL be met as part of the definition of the extension. Applications processing a resource are required to check for modifier extensions.

Modifier extensions SHALL NOT change the meaning of any elements on Resource or DomainResource (including cannot change the meaning of modifierExtension itself).","There can be no stigma associated with the use of extensions by any application, project, or standard - regardless of the institution or jurisdiction that uses or defines the extensions.  The use of extensions is what allows the FHIR specification to retain a core level of simplicity for everyone.","Modifier extensions allow for extensions that *cannot* be safely ignored to be clearly distinguished from the vast majority of extensions which can be safely ignored.  This promotes interoperability by eliminating the need for implementers to prohibit the presence of extensions. For further information, see the [definition of modifier extensions](http://hl7.org/fhir/R4/extensibility.html#modifierExtension).","","","","","","","",,,,,"",,,,"BackboneElement.modifierExtension",0,*,"","ele-1:All FHIR elements must have a @value or children {hasValue() or (children().count() > id.count())}
ext-1:Must have either extensions or value[x], not both {extension.exists() != value.exists()}"
"dnpm-lm-patient-record.msiFindings.method.code","dnpm-lm-patient-record.msiFindings.method.code","","","",1,1,"","","","string {[]} {[]}
","Method code (e.g. bioinformatics)","Method code (e.g. bioinformatics)","","","","","","","","","",,,,,"",,,,"dnpm-lm-patient-record.msiFindings.method.code",1,1,"",""
"dnpm-lm-patient-record.msiFindings.method.display","dnpm-lm-patient-record.msiFindings.method.display","","","",0,1,"","","","string {[]} {[]}
","Method display","Method display","","","","","","","","","",,,,,"",,,,"dnpm-lm-patient-record.msiFindings.method.display",0,1,"",""
"dnpm-lm-patient-record.msiFindings.method.system","dnpm-lm-patient-record.msiFindings.method.system","","","",1,1,"","","","string {[]} {[]}
","Method system URI","Method system URI","","","","","","","","","",,,,,"",,,,"dnpm-lm-patient-record.msiFindings.method.system",1,1,"",""
"dnpm-lm-patient-record.ngsReports","dnpm-lm-patient-record.ngsReports","","","",0,*,"","","","BackboneElement {[]} {[]}
","NGS sequencing reports","NGS sequencing reports","","","","","","","","","",,,,,"",,,,"dnpm-lm-patient-record.ngsReports",0,*,"","ele-1:All FHIR elements must have a @value or children {hasValue() or (children().count() > id.count())}
","MTB: NGS Bericht (DiagnosticReport)"
"dnpm-lm-patient-record.ngsReports.id","dnpm-lm-patient-record.ngsReports.id","","","",1,1,"","","","string {[]} {[]}
","NGS Report UUID","NGS Report UUID","","","","","","","","","",,,,,"",,,,"Element.id",0,1,"","","MTB: DiagnosticReport.identifier"
"dnpm-lm-patient-record.ngsReports.extension","dnpm-lm-patient-record.ngsReports.extension","","extensions
user content","",0,*,"","","","Extension {[]} {[]}
","Additional content defined by implementations","May be used to represent additional information that is not part of the basic definition of the element. To make the use of extensions safe and manageable, there is a strict set of governance  applied to the definition and use of extensions. Though any implementer can define an extension, there is a set of requirements that SHALL be met as part of the definition of the extension.","There can be no stigma associated with the use of extensions by any application, project, or standard - regardless of the institution or jurisdiction that uses or defines the extensions.  The use of extensions is what allows the FHIR specification to retain a core level of simplicity for everyone.","","","","","","","","",,,,,"","value:url}
","Extensions are always sliced by (at least) url",,"open","Element.extension",0,*,"","ele-1:All FHIR elements must have a @value or children {hasValue() or (children().count() > id.count())}
ext-1:Must have either extensions or value[x], not both {extension.exists() != value.exists()}"
"dnpm-lm-patient-record.ngsReports.modifierExtension","dnpm-lm-patient-record.ngsReports.modifierExtension","","extensions
user contentmodifiers","",0,*,"","Y","Y","Extension {[]} {[]}
","Extensions that cannot be ignored even if unrecognized","May be used to represent additional information that is not part of the basic definition of the element and that modifies the understanding of the element in which it is contained and/or the understanding of the containing element's descendants. Usually modifier elements provide negation or qualification. To make the use of extensions safe and manageable, there is a strict set of governance applied to the definition and use of extensions. Though any implementer can define an extension, there is a set of requirements that SHALL be met as part of the definition of the extension. Applications processing a resource are required to check for modifier extensions.

Modifier extensions SHALL NOT change the meaning of any elements on Resource or DomainResource (including cannot change the meaning of modifierExtension itself).","There can be no stigma associated with the use of extensions by any application, project, or standard - regardless of the institution or jurisdiction that uses or defines the extensions.  The use of extensions is what allows the FHIR specification to retain a core level of simplicity for everyone.","Modifier extensions allow for extensions that *cannot* be safely ignored to be clearly distinguished from the vast majority of extensions which can be safely ignored.  This promotes interoperability by eliminating the need for implementers to prohibit the presence of extensions. For further information, see the [definition of modifier extensions](http://hl7.org/fhir/R4/extensibility.html#modifierExtension).","","","","","","","",,,,,"",,,,"BackboneElement.modifierExtension",0,*,"","ele-1:All FHIR elements must have a @value or children {hasValue() or (children().count() > id.count())}
ext-1:Must have either extensions or value[x], not both {extension.exists() != value.exists()}"
"dnpm-lm-patient-record.ngsReports.patient","dnpm-lm-patient-record.ngsReports.patient","","","",1,1,"","","","BackboneElement {[]} {[]}
","Patient reference","Patient reference","","","","","","","","","",,,,,"",,,,"dnpm-lm-patient-record.ngsReports.patient",1,1,"","ele-1:All FHIR elements must have a @value or children {hasValue() or (children().count() > id.count())}
","MTB: DiagnosticReport.subject"
"dnpm-lm-patient-record.ngsReports.patient.id","dnpm-lm-patient-record.ngsReports.patient.id","","","",1,1,"","","","string {[]} {[]}
","Patient ID","Patient ID","","","","","","","","","",,,,,"",,,,"Element.id",0,1,"",""
"dnpm-lm-patient-record.ngsReports.patient.extension","dnpm-lm-patient-record.ngsReports.patient.extension","","extensions
user content","",0,*,"","","","Extension {[]} {[]}
","Additional content defined by implementations","May be used to represent additional information that is not part of the basic definition of the element. To make the use of extensions safe and manageable, there is a strict set of governance  applied to the definition and use of extensions. Though any implementer can define an extension, there is a set of requirements that SHALL be met as part of the definition of the extension.","There can be no stigma associated with the use of extensions by any application, project, or standard - regardless of the institution or jurisdiction that uses or defines the extensions.  The use of extensions is what allows the FHIR specification to retain a core level of simplicity for everyone.","","","","","","","","",,,,,"","value:url}
","Extensions are always sliced by (at least) url",,"open","Element.extension",0,*,"","ele-1:All FHIR elements must have a @value or children {hasValue() or (children().count() > id.count())}
ext-1:Must have either extensions or value[x], not both {extension.exists() != value.exists()}"
"dnpm-lm-patient-record.ngsReports.patient.modifierExtension","dnpm-lm-patient-record.ngsReports.patient.modifierExtension","","extensions
user contentmodifiers","",0,*,"","Y","Y","Extension {[]} {[]}
","Extensions that cannot be ignored even if unrecognized","May be used to represent additional information that is not part of the basic definition of the element and that modifies the understanding of the element in which it is contained and/or the understanding of the containing element's descendants. Usually modifier elements provide negation or qualification. To make the use of extensions safe and manageable, there is a strict set of governance applied to the definition and use of extensions. Though any implementer can define an extension, there is a set of requirements that SHALL be met as part of the definition of the extension. Applications processing a resource are required to check for modifier extensions.

Modifier extensions SHALL NOT change the meaning of any elements on Resource or DomainResource (including cannot change the meaning of modifierExtension itself).","There can be no stigma associated with the use of extensions by any application, project, or standard - regardless of the institution or jurisdiction that uses or defines the extensions.  The use of extensions is what allows the FHIR specification to retain a core level of simplicity for everyone.","Modifier extensions allow for extensions that *cannot* be safely ignored to be clearly distinguished from the vast majority of extensions which can be safely ignored.  This promotes interoperability by eliminating the need for implementers to prohibit the presence of extensions. For further information, see the [definition of modifier extensions](http://hl7.org/fhir/R4/extensibility.html#modifierExtension).","","","","","","","",,,,,"",,,,"BackboneElement.modifierExtension",0,*,"","ele-1:All FHIR elements must have a @value or children {hasValue() or (children().count() > id.count())}
ext-1:Must have either extensions or value[x], not both {extension.exists() != value.exists()}"
"dnpm-lm-patient-record.ngsReports.patient.type","dnpm-lm-patient-record.ngsReports.patient.type","","","",1,1,"","","","string {[]} {[]}
","Reference type (Patient)","Reference type (Patient)","","","","","","","","","",,,,,"",,,,"dnpm-lm-patient-record.ngsReports.patient.type",1,1,"",""
"dnpm-lm-patient-record.ngsReports.specimen","dnpm-lm-patient-record.ngsReports.specimen","","","",1,1,"","","","BackboneElement {[]} {[]}
","Tumor specimen reference","Tumor specimen reference","","","","","","","","","",,,,,"",,,,"dnpm-lm-patient-record.ngsReports.specimen",1,1,"","ele-1:All FHIR elements must have a @value or children {hasValue() or (children().count() > id.count())}
","MTB: DiagnosticReport.specimen"
"dnpm-lm-patient-record.ngsReports.specimen.id","dnpm-lm-patient-record.ngsReports.specimen.id","","","",1,1,"","","","string {[]} {[]}
","Specimen ID","Specimen ID","","","","","","","","","",,,,,"",,,,"Element.id",0,1,"",""
"dnpm-lm-patient-record.ngsReports.specimen.extension","dnpm-lm-patient-record.ngsReports.specimen.extension","","extensions
user content","",0,*,"","","","Extension {[]} {[]}
","Additional content defined by implementations","May be used to represent additional information that is not part of the basic definition of the element. To make the use of extensions safe and manageable, there is a strict set of governance  applied to the definition and use of extensions. Though any implementer can define an extension, there is a set of requirements that SHALL be met as part of the definition of the extension.","There can be no stigma associated with the use of extensions by any application, project, or standard - regardless of the institution or jurisdiction that uses or defines the extensions.  The use of extensions is what allows the FHIR specification to retain a core level of simplicity for everyone.","","","","","","","","",,,,,"","value:url}
","Extensions are always sliced by (at least) url",,"open","Element.extension",0,*,"","ele-1:All FHIR elements must have a @value or children {hasValue() or (children().count() > id.count())}
ext-1:Must have either extensions or value[x], not both {extension.exists() != value.exists()}"
"dnpm-lm-patient-record.ngsReports.specimen.modifierExtension","dnpm-lm-patient-record.ngsReports.specimen.modifierExtension","","extensions
user contentmodifiers","",0,*,"","Y","Y","Extension {[]} {[]}
","Extensions that cannot be ignored even if unrecognized","May be used to represent additional information that is not part of the basic definition of the element and that modifies the understanding of the element in which it is contained and/or the understanding of the containing element's descendants. Usually modifier elements provide negation or qualification. To make the use of extensions safe and manageable, there is a strict set of governance applied to the definition and use of extensions. Though any implementer can define an extension, there is a set of requirements that SHALL be met as part of the definition of the extension. Applications processing a resource are required to check for modifier extensions.

Modifier extensions SHALL NOT change the meaning of any elements on Resource or DomainResource (including cannot change the meaning of modifierExtension itself).","There can be no stigma associated with the use of extensions by any application, project, or standard - regardless of the institution or jurisdiction that uses or defines the extensions.  The use of extensions is what allows the FHIR specification to retain a core level of simplicity for everyone.","Modifier extensions allow for extensions that *cannot* be safely ignored to be clearly distinguished from the vast majority of extensions which can be safely ignored.  This promotes interoperability by eliminating the need for implementers to prohibit the presence of extensions. For further information, see the [definition of modifier extensions](http://hl7.org/fhir/R4/extensibility.html#modifierExtension).","","","","","","","",,,,,"",,,,"BackboneElement.modifierExtension",0,*,"","ele-1:All FHIR elements must have a @value or children {hasValue() or (children().count() > id.count())}
ext-1:Must have either extensions or value[x], not both {extension.exists() != value.exists()}"
"dnpm-lm-patient-record.ngsReports.specimen.type","dnpm-lm-patient-record.ngsReports.specimen.type","","","",1,1,"","","","string {[]} {[]}
","Reference type (TumorSpecimen)","Reference type (TumorSpecimen)","","","","","","","","","",,,,,"",,,,"dnpm-lm-patient-record.ngsReports.specimen.type",1,1,"",""
"dnpm-lm-patient-record.ngsReports.issuedOn","dnpm-lm-patient-record.ngsReports.issuedOn","","","",1,1,"","","","string {[]} {[]}
","Report issue date (YYYY-MM-DD)","Report issue date (YYYY-MM-DD)","","","","","","","","","",,,,,"",,,,"dnpm-lm-patient-record.ngsReports.issuedOn",1,1,"","","MTB: DiagnosticReport.issued"
"dnpm-lm-patient-record.ngsReports.type","dnpm-lm-patient-record.ngsReports.type","","","",1,1,"","","","BackboneElement {[]} {[]}
","NGS analysis type","NGS analysis type","","","","","","","","","",,,,,"",,,,"dnpm-lm-patient-record.ngsReports.type",1,1,"","ele-1:All FHIR elements must have a @value or children {hasValue() or (children().count() > id.count())}
","MTB: GenomicStudy.type"
"dnpm-lm-patient-record.ngsReports.type.id","dnpm-lm-patient-record.ngsReports.type.id","","","",0,1,"","","","string {[]} {[]}
","Unique id for inter-element referencing","Unique id for the element within a resource (for internal references). This may be any string value that does not contain spaces.","","","","","","","","","",,,,,"",,,,"Element.id",0,1,"",""
"dnpm-lm-patient-record.ngsReports.type.extension","dnpm-lm-patient-record.ngsReports.type.extension","","extensions
user content","",0,*,"","","","Extension {[]} {[]}
","Additional content defined by implementations","May be used to represent additional information that is not part of the basic definition of the element. To make the use of extensions safe and manageable, there is a strict set of governance  applied to the definition and use of extensions. Though any implementer can define an extension, there is a set of requirements that SHALL be met as part of the definition of the extension.","There can be no stigma associated with the use of extensions by any application, project, or standard - regardless of the institution or jurisdiction that uses or defines the extensions.  The use of extensions is what allows the FHIR specification to retain a core level of simplicity for everyone.","","","","","","","","",,,,,"","value:url}
","Extensions are always sliced by (at least) url",,"open","Element.extension",0,*,"","ele-1:All FHIR elements must have a @value or children {hasValue() or (children().count() > id.count())}
ext-1:Must have either extensions or value[x], not both {extension.exists() != value.exists()}"
"dnpm-lm-patient-record.ngsReports.type.modifierExtension","dnpm-lm-patient-record.ngsReports.type.modifierExtension","","extensions
user contentmodifiers","",0,*,"","Y","Y","Extension {[]} {[]}
","Extensions that cannot be ignored even if unrecognized","May be used to represent additional information that is not part of the basic definition of the element and that modifies the understanding of the element in which it is contained and/or the understanding of the containing element's descendants. Usually modifier elements provide negation or qualification. To make the use of extensions safe and manageable, there is a strict set of governance applied to the definition and use of extensions. Though any implementer can define an extension, there is a set of requirements that SHALL be met as part of the definition of the extension. Applications processing a resource are required to check for modifier extensions.

Modifier extensions SHALL NOT change the meaning of any elements on Resource or DomainResource (including cannot change the meaning of modifierExtension itself).","There can be no stigma associated with the use of extensions by any application, project, or standard - regardless of the institution or jurisdiction that uses or defines the extensions.  The use of extensions is what allows the FHIR specification to retain a core level of simplicity for everyone.","Modifier extensions allow for extensions that *cannot* be safely ignored to be clearly distinguished from the vast majority of extensions which can be safely ignored.  This promotes interoperability by eliminating the need for implementers to prohibit the presence of extensions. For further information, see the [definition of modifier extensions](http://hl7.org/fhir/R4/extensibility.html#modifierExtension).","","","","","","","",,,,,"",,,,"BackboneElement.modifierExtension",0,*,"","ele-1:All FHIR elements must have a @value or children {hasValue() or (children().count() > id.count())}
ext-1:Must have either extensions or value[x], not both {extension.exists() != value.exists()}"
"dnpm-lm-patient-record.ngsReports.type.code","dnpm-lm-patient-record.ngsReports.type.code","","","",1,1,"","","","string {[]} {[]}
","Type code (e.g. exome)","Type code (e.g. exome)","","","","","","","","","",,,,,"",,,,"dnpm-lm-patient-record.ngsReports.type.code",1,1,"",""
"dnpm-lm-patient-record.ngsReports.type.display","dnpm-lm-patient-record.ngsReports.type.display","","","",0,1,"","","","string {[]} {[]}
","Type display","Type display","","","","","","","","","",,,,,"",,,,"dnpm-lm-patient-record.ngsReports.type.display",0,1,"",""
"dnpm-lm-patient-record.ngsReports.type.system","dnpm-lm-patient-record.ngsReports.type.system","","","",1,1,"","","","string {[]} {[]}
","Type system URI","Type system URI","","","","","","","","","",,,,,"",,,,"dnpm-lm-patient-record.ngsReports.type.system",1,1,"",""
"dnpm-lm-patient-record.ngsReports.metadata","dnpm-lm-patient-record.ngsReports.metadata","","","",0,1,"","","","BackboneElement {[]} {[]}
","NGS run metadata","NGS run metadata","","","","","","","","","",,,,,"",,,,"dnpm-lm-patient-record.ngsReports.metadata",0,1,"","ele-1:All FHIR elements must have a @value or children {hasValue() or (children().count() > id.count())}
","MTB: GenomicStudyAnalysis"
"dnpm-lm-patient-record.ngsReports.metadata.id","dnpm-lm-patient-record.ngsReports.metadata.id","","","",0,1,"","","","string {[]} {[]}
","Unique id for inter-element referencing","Unique id for the element within a resource (for internal references). This may be any string value that does not contain spaces.","","","","","","","","","",,,,,"",,,,"Element.id",0,1,"",""
"dnpm-lm-patient-record.ngsReports.metadata.extension","dnpm-lm-patient-record.ngsReports.metadata.extension","","extensions
user content","",0,*,"","","","Extension {[]} {[]}
","Additional content defined by implementations","May be used to represent additional information that is not part of the basic definition of the element. To make the use of extensions safe and manageable, there is a strict set of governance  applied to the definition and use of extensions. Though any implementer can define an extension, there is a set of requirements that SHALL be met as part of the definition of the extension.","There can be no stigma associated with the use of extensions by any application, project, or standard - regardless of the institution or jurisdiction that uses or defines the extensions.  The use of extensions is what allows the FHIR specification to retain a core level of simplicity for everyone.","","","","","","","","",,,,,"","value:url}
","Extensions are always sliced by (at least) url",,"open","Element.extension",0,*,"","ele-1:All FHIR elements must have a @value or children {hasValue() or (children().count() > id.count())}
ext-1:Must have either extensions or value[x], not both {extension.exists() != value.exists()}"
"dnpm-lm-patient-record.ngsReports.metadata.modifierExtension","dnpm-lm-patient-record.ngsReports.metadata.modifierExtension","","extensions
user contentmodifiers","",0,*,"","Y","Y","Extension {[]} {[]}
","Extensions that cannot be ignored even if unrecognized","May be used to represent additional information that is not part of the basic definition of the element and that modifies the understanding of the element in which it is contained and/or the understanding of the containing element's descendants. Usually modifier elements provide negation or qualification. To make the use of extensions safe and manageable, there is a strict set of governance applied to the definition and use of extensions. Though any implementer can define an extension, there is a set of requirements that SHALL be met as part of the definition of the extension. Applications processing a resource are required to check for modifier extensions.

Modifier extensions SHALL NOT change the meaning of any elements on Resource or DomainResource (including cannot change the meaning of modifierExtension itself).","There can be no stigma associated with the use of extensions by any application, project, or standard - regardless of the institution or jurisdiction that uses or defines the extensions.  The use of extensions is what allows the FHIR specification to retain a core level of simplicity for everyone.","Modifier extensions allow for extensions that *cannot* be safely ignored to be clearly distinguished from the vast majority of extensions which can be safely ignored.  This promotes interoperability by eliminating the need for implementers to prohibit the presence of extensions. For further information, see the [definition of modifier extensions](http://hl7.org/fhir/R4/extensibility.html#modifierExtension).","","","","","","","",,,,,"",,,,"BackboneElement.modifierExtension",0,*,"","ele-1:All FHIR elements must have a @value or children {hasValue() or (children().count() > id.count())}
ext-1:Must have either extensions or value[x], not both {extension.exists() != value.exists()}"
"dnpm-lm-patient-record.ngsReports.metadata.referenceGenome","dnpm-lm-patient-record.ngsReports.metadata.referenceGenome","","","",0,1,"","","","BackboneElement {[]} {[]}
","Reference genome","Reference genome","","","","","","","","","",,,,,"",,,,"dnpm-lm-patient-record.ngsReports.metadata.referenceGenome",0,1,"","ele-1:All FHIR elements must have a @value or children {hasValue() or (children().count() > id.count())}
","MTB: GenomicStudyAnalysis.extension(referenceGenome)"
"dnpm-lm-patient-record.ngsReports.metadata.referenceGenome.id","dnpm-lm-patient-record.ngsReports.metadata.referenceGenome.id","","","",0,1,"","","","string {[]} {[]}
","Unique id for inter-element referencing","Unique id for the element within a resource (for internal references). This may be any string value that does not contain spaces.","","","","","","","","","",,,,,"",,,,"Element.id",0,1,"",""
"dnpm-lm-patient-record.ngsReports.metadata.referenceGenome.extension","dnpm-lm-patient-record.ngsReports.metadata.referenceGenome.extension","","extensions
user content","",0,*,"","","","Extension {[]} {[]}
","Additional content defined by implementations","May be used to represent additional information that is not part of the basic definition of the element. To make the use of extensions safe and manageable, there is a strict set of governance  applied to the definition and use of extensions. Though any implementer can define an extension, there is a set of requirements that SHALL be met as part of the definition of the extension.","There can be no stigma associated with the use of extensions by any application, project, or standard - regardless of the institution or jurisdiction that uses or defines the extensions.  The use of extensions is what allows the FHIR specification to retain a core level of simplicity for everyone.","","","","","","","","",,,,,"","value:url}
","Extensions are always sliced by (at least) url",,"open","Element.extension",0,*,"","ele-1:All FHIR elements must have a @value or children {hasValue() or (children().count() > id.count())}
ext-1:Must have either extensions or value[x], not both {extension.exists() != value.exists()}"
"dnpm-lm-patient-record.ngsReports.metadata.referenceGenome.modifierExtension","dnpm-lm-patient-record.ngsReports.metadata.referenceGenome.modifierExtension","","extensions
user contentmodifiers","",0,*,"","Y","Y","Extension {[]} {[]}
","Extensions that cannot be ignored even if unrecognized","May be used to represent additional information that is not part of the basic definition of the element and that modifies the understanding of the element in which it is contained and/or the understanding of the containing element's descendants. Usually modifier elements provide negation or qualification. To make the use of extensions safe and manageable, there is a strict set of governance applied to the definition and use of extensions. Though any implementer can define an extension, there is a set of requirements that SHALL be met as part of the definition of the extension. Applications processing a resource are required to check for modifier extensions.

Modifier extensions SHALL NOT change the meaning of any elements on Resource or DomainResource (including cannot change the meaning of modifierExtension itself).","There can be no stigma associated with the use of extensions by any application, project, or standard - regardless of the institution or jurisdiction that uses or defines the extensions.  The use of extensions is what allows the FHIR specification to retain a core level of simplicity for everyone.","Modifier extensions allow for extensions that *cannot* be safely ignored to be clearly distinguished from the vast majority of extensions which can be safely ignored.  This promotes interoperability by eliminating the need for implementers to prohibit the presence of extensions. For further information, see the [definition of modifier extensions](http://hl7.org/fhir/R4/extensibility.html#modifierExtension).","","","","","","","",,,,,"",,,,"BackboneElement.modifierExtension",0,*,"","ele-1:All FHIR elements must have a @value or children {hasValue() or (children().count() > id.count())}
ext-1:Must have either extensions or value[x], not both {extension.exists() != value.exists()}"
"dnpm-lm-patient-record.ngsReports.metadata.referenceGenome.code","dnpm-lm-patient-record.ngsReports.metadata.referenceGenome.code","","","",1,1,"","","","string {[]} {[]}
","Genome build (e.g. GRCh38)","Genome build (e.g. GRCh38)","","","","","","","","","",,,,,"",,,,"dnpm-lm-patient-record.ngsReports.metadata.referenceGenome.code",1,1,"",""
"dnpm-lm-patient-record.ngsReports.metadata.referenceGenome.display","dnpm-lm-patient-record.ngsReports.metadata.referenceGenome.display","","","",0,1,"","","","string {[]} {[]}
","Genome build display","Genome build display","","","","","","","","","",,,,,"",,,,"dnpm-lm-patient-record.ngsReports.metadata.referenceGenome.display",0,1,"",""
"dnpm-lm-patient-record.ngsReports.metadata.referenceGenome.system","dnpm-lm-patient-record.ngsReports.metadata.referenceGenome.system","","","",1,1,"","","","string {[]} {[]}
","Genome build system URI","Genome build system URI","","","","","","","","","",,,,,"",,,,"dnpm-lm-patient-record.ngsReports.metadata.referenceGenome.system",1,1,"",""
"dnpm-lm-patient-record.ngsReports.metadata.sequencer","dnpm-lm-patient-record.ngsReports.metadata.sequencer","","","",0,1,"","","","BackboneElement {[]} {[]}
","Sequencer instrument","Sequencer instrument","","","","","","","","","",,,,,"",,,,"dnpm-lm-patient-record.ngsReports.metadata.sequencer",0,1,"","ele-1:All FHIR elements must have a @value or children {hasValue() or (children().count() > id.count())}
","MTB: GenomicStudyAnalysis.device"
"dnpm-lm-patient-record.ngsReports.metadata.sequencer.id","dnpm-lm-patient-record.ngsReports.metadata.sequencer.id","","","",0,1,"","","","string {[]} {[]}
","Unique id for inter-element referencing","Unique id for the element within a resource (for internal references). This may be any string value that does not contain spaces.","","","","","","","","","",,,,,"",,,,"Element.id",0,1,"",""
"dnpm-lm-patient-record.ngsReports.metadata.sequencer.extension","dnpm-lm-patient-record.ngsReports.metadata.sequencer.extension","","extensions
user content","",0,*,"","","","Extension {[]} {[]}
","Additional content defined by implementations","May be used to represent additional information that is not part of the basic definition of the element. To make the use of extensions safe and manageable, there is a strict set of governance  applied to the definition and use of extensions. Though any implementer can define an extension, there is a set of requirements that SHALL be met as part of the definition of the extension.","There can be no stigma associated with the use of extensions by any application, project, or standard - regardless of the institution or jurisdiction that uses or defines the extensions.  The use of extensions is what allows the FHIR specification to retain a core level of simplicity for everyone.","","","","","","","","",,,,,"","value:url}
","Extensions are always sliced by (at least) url",,"open","Element.extension",0,*,"","ele-1:All FHIR elements must have a @value or children {hasValue() or (children().count() > id.count())}
ext-1:Must have either extensions or value[x], not both {extension.exists() != value.exists()}"
"dnpm-lm-patient-record.ngsReports.metadata.sequencer.modifierExtension","dnpm-lm-patient-record.ngsReports.metadata.sequencer.modifierExtension","","extensions
user contentmodifiers","",0,*,"","Y","Y","Extension {[]} {[]}
","Extensions that cannot be ignored even if unrecognized","May be used to represent additional information that is not part of the basic definition of the element and that modifies the understanding of the element in which it is contained and/or the understanding of the containing element's descendants. Usually modifier elements provide negation or qualification. To make the use of extensions safe and manageable, there is a strict set of governance applied to the definition and use of extensions. Though any implementer can define an extension, there is a set of requirements that SHALL be met as part of the definition of the extension. Applications processing a resource are required to check for modifier extensions.

Modifier extensions SHALL NOT change the meaning of any elements on Resource or DomainResource (including cannot change the meaning of modifierExtension itself).","There can be no stigma associated with the use of extensions by any application, project, or standard - regardless of the institution or jurisdiction that uses or defines the extensions.  The use of extensions is what allows the FHIR specification to retain a core level of simplicity for everyone.","Modifier extensions allow for extensions that *cannot* be safely ignored to be clearly distinguished from the vast majority of extensions which can be safely ignored.  This promotes interoperability by eliminating the need for implementers to prohibit the presence of extensions. For further information, see the [definition of modifier extensions](http://hl7.org/fhir/R4/extensibility.html#modifierExtension).","","","","","","","",,,,,"",,,,"BackboneElement.modifierExtension",0,*,"","ele-1:All FHIR elements must have a @value or children {hasValue() or (children().count() > id.count())}
ext-1:Must have either extensions or value[x], not both {extension.exists() != value.exists()}"
"dnpm-lm-patient-record.ngsReports.metadata.sequencer.code","dnpm-lm-patient-record.ngsReports.metadata.sequencer.code","","","",1,1,"","","","string {[]} {[]}
","Sequencer code","Sequencer code","","","","","","","","","",,,,,"",,,,"dnpm-lm-patient-record.ngsReports.metadata.sequencer.code",1,1,"",""
"dnpm-lm-patient-record.ngsReports.metadata.sequencer.display","dnpm-lm-patient-record.ngsReports.metadata.sequencer.display","","","",0,1,"","","","string {[]} {[]}
","Sequencer display","Sequencer display","","","","","","","","","",,,,,"",,,,"dnpm-lm-patient-record.ngsReports.metadata.sequencer.display",0,1,"",""
"dnpm-lm-patient-record.ngsReports.metadata.sequencer.system","dnpm-lm-patient-record.ngsReports.metadata.sequencer.system","","","",1,1,"","","","string {[]} {[]}
","Sequencer system URI","Sequencer system URI","","","","","","","","","",,,,,"",,,,"dnpm-lm-patient-record.ngsReports.metadata.sequencer.system",1,1,"",""
"dnpm-lm-patient-record.ngsReports.metadata.kitManufacturer","dnpm-lm-patient-record.ngsReports.metadata.kitManufacturer","","","",0,1,"","","","string {[]} {[]}
","Kit manufacturer","Kit manufacturer","","","","","","","","","",,,,,"",,,,"dnpm-lm-patient-record.ngsReports.metadata.kitManufacturer",0,1,"",""
"dnpm-lm-patient-record.ngsReports.metadata.kitType","dnpm-lm-patient-record.ngsReports.metadata.kitType","","","",0,1,"","","","string {[]} {[]}
","Kit type","Kit type","","","","","","","","","",,,,,"",,,,"dnpm-lm-patient-record.ngsReports.metadata.kitType",0,1,"",""
"dnpm-lm-patient-record.ngsReports.metadata.pipeline","dnpm-lm-patient-record.ngsReports.metadata.pipeline","","","",0,1,"","","","string {[]} {[]}
","Bioinformatics pipeline","Bioinformatics pipeline","","","","","","","","","",,,,,"",,,,"dnpm-lm-patient-record.ngsReports.metadata.pipeline",0,1,"",""
"dnpm-lm-patient-record.ngsReports.metadata.tumorCellContent","dnpm-lm-patient-record.ngsReports.metadata.tumorCellContent","","","",0,1,"","","","BackboneElement {[]} {[]}
","Pre-sequencing tumor cell content estimate","Pre-sequencing tumor cell content estimate","","","","","","","","","",,,,,"",,,,"dnpm-lm-patient-record.ngsReports.metadata.tumorCellContent",0,1,"","ele-1:All FHIR elements must have a @value or children {hasValue() or (children().count() > id.count())}
"
"dnpm-lm-patient-record.ngsReports.metadata.tumorCellContent.id","dnpm-lm-patient-record.ngsReports.metadata.tumorCellContent.id","","","",0,1,"","","","string {[]} {[]}
","Unique id for inter-element referencing","Unique id for the element within a resource (for internal references). This may be any string value that does not contain spaces.","","","","","","","","","",,,,,"",,,,"Element.id",0,1,"",""
"dnpm-lm-patient-record.ngsReports.metadata.tumorCellContent.extension","dnpm-lm-patient-record.ngsReports.metadata.tumorCellContent.extension","","extensions
user content","",0,*,"","","","Extension {[]} {[]}
","Additional content defined by implementations","May be used to represent additional information that is not part of the basic definition of the element. To make the use of extensions safe and manageable, there is a strict set of governance  applied to the definition and use of extensions. Though any implementer can define an extension, there is a set of requirements that SHALL be met as part of the definition of the extension.","There can be no stigma associated with the use of extensions by any application, project, or standard - regardless of the institution or jurisdiction that uses or defines the extensions.  The use of extensions is what allows the FHIR specification to retain a core level of simplicity for everyone.","","","","","","","","",,,,,"","value:url}
","Extensions are always sliced by (at least) url",,"open","Element.extension",0,*,"","ele-1:All FHIR elements must have a @value or children {hasValue() or (children().count() > id.count())}
ext-1:Must have either extensions or value[x], not both {extension.exists() != value.exists()}"
"dnpm-lm-patient-record.ngsReports.metadata.tumorCellContent.modifierExtension","dnpm-lm-patient-record.ngsReports.metadata.tumorCellContent.modifierExtension","","extensions
user contentmodifiers","",0,*,"","Y","Y","Extension {[]} {[]}
","Extensions that cannot be ignored even if unrecognized","May be used to represent additional information that is not part of the basic definition of the element and that modifies the understanding of the element in which it is contained and/or the understanding of the containing element's descendants. Usually modifier elements provide negation or qualification. To make the use of extensions safe and manageable, there is a strict set of governance applied to the definition and use of extensions. Though any implementer can define an extension, there is a set of requirements that SHALL be met as part of the definition of the extension. Applications processing a resource are required to check for modifier extensions.

Modifier extensions SHALL NOT change the meaning of any elements on Resource or DomainResource (including cannot change the meaning of modifierExtension itself).","There can be no stigma associated with the use of extensions by any application, project, or standard - regardless of the institution or jurisdiction that uses or defines the extensions.  The use of extensions is what allows the FHIR specification to retain a core level of simplicity for everyone.","Modifier extensions allow for extensions that *cannot* be safely ignored to be clearly distinguished from the vast majority of extensions which can be safely ignored.  This promotes interoperability by eliminating the need for implementers to prohibit the presence of extensions. For further information, see the [definition of modifier extensions](http://hl7.org/fhir/R4/extensibility.html#modifierExtension).","","","","","","","",,,,,"",,,,"BackboneElement.modifierExtension",0,*,"","ele-1:All FHIR elements must have a @value or children {hasValue() or (children().count() > id.count())}
ext-1:Must have either extensions or value[x], not both {extension.exists() != value.exists()}"
"dnpm-lm-patient-record.ngsReports.metadata.tumorCellContent.method","dnpm-lm-patient-record.ngsReports.metadata.tumorCellContent.method","","","",0,1,"","","","BackboneElement {[]} {[]}
","Estimation method","Estimation method","","","","","","","","","",,,,,"",,,,"dnpm-lm-patient-record.ngsReports.metadata.tumorCellContent.method",0,1,"","ele-1:All FHIR elements must have a @value or children {hasValue() or (children().count() > id.count())}
"
"dnpm-lm-patient-record.ngsReports.metadata.tumorCellContent.method.id","dnpm-lm-patient-record.ngsReports.metadata.tumorCellContent.method.id","","","",0,1,"","","","string {[]} {[]}
","Unique id for inter-element referencing","Unique id for the element within a resource (for internal references). This may be any string value that does not contain spaces.","","","","","","","","","",,,,,"",,,,"Element.id",0,1,"",""
"dnpm-lm-patient-record.ngsReports.metadata.tumorCellContent.method.extension","dnpm-lm-patient-record.ngsReports.metadata.tumorCellContent.method.extension","","extensions
user content","",0,*,"","","","Extension {[]} {[]}
","Additional content defined by implementations","May be used to represent additional information that is not part of the basic definition of the element. To make the use of extensions safe and manageable, there is a strict set of governance  applied to the definition and use of extensions. Though any implementer can define an extension, there is a set of requirements that SHALL be met as part of the definition of the extension.","There can be no stigma associated with the use of extensions by any application, project, or standard - regardless of the institution or jurisdiction that uses or defines the extensions.  The use of extensions is what allows the FHIR specification to retain a core level of simplicity for everyone.","","","","","","","","",,,,,"","value:url}
","Extensions are always sliced by (at least) url",,"open","Element.extension",0,*,"","ele-1:All FHIR elements must have a @value or children {hasValue() or (children().count() > id.count())}
ext-1:Must have either extensions or value[x], not both {extension.exists() != value.exists()}"
"dnpm-lm-patient-record.ngsReports.metadata.tumorCellContent.method.modifierExtension","dnpm-lm-patient-record.ngsReports.metadata.tumorCellContent.method.modifierExtension","","extensions
user contentmodifiers","",0,*,"","Y","Y","Extension {[]} {[]}
","Extensions that cannot be ignored even if unrecognized","May be used to represent additional information that is not part of the basic definition of the element and that modifies the understanding of the element in which it is contained and/or the understanding of the containing element's descendants. Usually modifier elements provide negation or qualification. To make the use of extensions safe and manageable, there is a strict set of governance applied to the definition and use of extensions. Though any implementer can define an extension, there is a set of requirements that SHALL be met as part of the definition of the extension. Applications processing a resource are required to check for modifier extensions.

Modifier extensions SHALL NOT change the meaning of any elements on Resource or DomainResource (including cannot change the meaning of modifierExtension itself).","There can be no stigma associated with the use of extensions by any application, project, or standard - regardless of the institution or jurisdiction that uses or defines the extensions.  The use of extensions is what allows the FHIR specification to retain a core level of simplicity for everyone.","Modifier extensions allow for extensions that *cannot* be safely ignored to be clearly distinguished from the vast majority of extensions which can be safely ignored.  This promotes interoperability by eliminating the need for implementers to prohibit the presence of extensions. For further information, see the [definition of modifier extensions](http://hl7.org/fhir/R4/extensibility.html#modifierExtension).","","","","","","","",,,,,"",,,,"BackboneElement.modifierExtension",0,*,"","ele-1:All FHIR elements must have a @value or children {hasValue() or (children().count() > id.count())}
ext-1:Must have either extensions or value[x], not both {extension.exists() != value.exists()}"
"dnpm-lm-patient-record.ngsReports.metadata.tumorCellContent.method.code","dnpm-lm-patient-record.ngsReports.metadata.tumorCellContent.method.code","","","",1,1,"","","","string {[]} {[]}
","Method code","Method code","","","","","","","","","",,,,,"",,,,"dnpm-lm-patient-record.ngsReports.metadata.tumorCellContent.method.code",1,1,"",""
"dnpm-lm-patient-record.ngsReports.metadata.tumorCellContent.method.display","dnpm-lm-patient-record.ngsReports.metadata.tumorCellContent.method.display","","","",0,1,"","","","string {[]} {[]}
","Method display","Method display","","","","","","","","","",,,,,"",,,,"dnpm-lm-patient-record.ngsReports.metadata.tumorCellContent.method.display",0,1,"",""
"dnpm-lm-patient-record.ngsReports.metadata.tumorCellContent.method.system","dnpm-lm-patient-record.ngsReports.metadata.tumorCellContent.method.system","","","",1,1,"","","","string {[]} {[]}
","Method system URI","Method system URI","","","","","","","","","",,,,,"",,,,"dnpm-lm-patient-record.ngsReports.metadata.tumorCellContent.method.system",1,1,"",""
"dnpm-lm-patient-record.ngsReports.metadata.tumorCellContent.value","dnpm-lm-patient-record.ngsReports.metadata.tumorCellContent.value","","","",1,1,"","","","decimal {[]} {[]}
","Fraction (0.0 – 1.0)","Fraction (0.0 – 1.0)","","","","","","","","","",,,,,"",,,,"dnpm-lm-patient-record.ngsReports.metadata.tumorCellContent.value",1,1,"",""
"dnpm-lm-patient-record.ngsReports.results","dnpm-lm-patient-record.ngsReports.results","","","",1,1,"","","","BackboneElement {[]} {[]}
","NGS analysis results","NGS analysis results","","","","","","","","","",,,,,"",,,,"dnpm-lm-patient-record.ngsReports.results",1,1,"","ele-1:All FHIR elements must have a @value or children {hasValue() or (children().count() > id.count())}
","MTB: DiagnosticReport.result"
"dnpm-lm-patient-record.ngsReports.results.id","dnpm-lm-patient-record.ngsReports.results.id","","","",0,1,"","","","string {[]} {[]}
","Unique id for inter-element referencing","Unique id for the element within a resource (for internal references). This may be any string value that does not contain spaces.","","","","","","","","","",,,,,"",,,,"Element.id",0,1,"",""
"dnpm-lm-patient-record.ngsReports.results.extension","dnpm-lm-patient-record.ngsReports.results.extension","","extensions
user content","",0,*,"","","","Extension {[]} {[]}
","Additional content defined by implementations","May be used to represent additional information that is not part of the basic definition of the element. To make the use of extensions safe and manageable, there is a strict set of governance  applied to the definition and use of extensions. Though any implementer can define an extension, there is a set of requirements that SHALL be met as part of the definition of the extension.","There can be no stigma associated with the use of extensions by any application, project, or standard - regardless of the institution or jurisdiction that uses or defines the extensions.  The use of extensions is what allows the FHIR specification to retain a core level of simplicity for everyone.","","","","","","","","",,,,,"","value:url}
","Extensions are always sliced by (at least) url",,"open","Element.extension",0,*,"","ele-1:All FHIR elements must have a @value or children {hasValue() or (children().count() > id.count())}
ext-1:Must have either extensions or value[x], not both {extension.exists() != value.exists()}"
"dnpm-lm-patient-record.ngsReports.results.modifierExtension","dnpm-lm-patient-record.ngsReports.results.modifierExtension","","extensions
user contentmodifiers","",0,*,"","Y","Y","Extension {[]} {[]}
","Extensions that cannot be ignored even if unrecognized","May be used to represent additional information that is not part of the basic definition of the element and that modifies the understanding of the element in which it is contained and/or the understanding of the containing element's descendants. Usually modifier elements provide negation or qualification. To make the use of extensions safe and manageable, there is a strict set of governance applied to the definition and use of extensions. Though any implementer can define an extension, there is a set of requirements that SHALL be met as part of the definition of the extension. Applications processing a resource are required to check for modifier extensions.

Modifier extensions SHALL NOT change the meaning of any elements on Resource or DomainResource (including cannot change the meaning of modifierExtension itself).","There can be no stigma associated with the use of extensions by any application, project, or standard - regardless of the institution or jurisdiction that uses or defines the extensions.  The use of extensions is what allows the FHIR specification to retain a core level of simplicity for everyone.","Modifier extensions allow for extensions that *cannot* be safely ignored to be clearly distinguished from the vast majority of extensions which can be safely ignored.  This promotes interoperability by eliminating the need for implementers to prohibit the presence of extensions. For further information, see the [definition of modifier extensions](http://hl7.org/fhir/R4/extensibility.html#modifierExtension).","","","","","","","",,,,,"",,,,"BackboneElement.modifierExtension",0,*,"","ele-1:All FHIR elements must have a @value or children {hasValue() or (children().count() > id.count())}
ext-1:Must have either extensions or value[x], not both {extension.exists() != value.exists()}"
"dnpm-lm-patient-record.ngsReports.results.tumorCellContent","dnpm-lm-patient-record.ngsReports.results.tumorCellContent","","","",0,1,"","","","BackboneElement {[]} {[]}
","Bioinformatic tumor cell content","Bioinformatic tumor cell content","","","","","","","","","",,,,,"",,,,"dnpm-lm-patient-record.ngsReports.results.tumorCellContent",0,1,"","ele-1:All FHIR elements must have a @value or children {hasValue() or (children().count() > id.count())}
","MTB: Tumorzellgehalt (Observation)"
"dnpm-lm-patient-record.ngsReports.results.tumorCellContent.id","dnpm-lm-patient-record.ngsReports.results.tumorCellContent.id","","","",1,1,"","","","string {[]} {[]}
","Result UUID","Result UUID","","","","","","","","","",,,,,"",,,,"Element.id",0,1,"",""
"dnpm-lm-patient-record.ngsReports.results.tumorCellContent.extension","dnpm-lm-patient-record.ngsReports.results.tumorCellContent.extension","","extensions
user content","",0,*,"","","","Extension {[]} {[]}
","Additional content defined by implementations","May be used to represent additional information that is not part of the basic definition of the element. To make the use of extensions safe and manageable, there is a strict set of governance  applied to the definition and use of extensions. Though any implementer can define an extension, there is a set of requirements that SHALL be met as part of the definition of the extension.","There can be no stigma associated with the use of extensions by any application, project, or standard - regardless of the institution or jurisdiction that uses or defines the extensions.  The use of extensions is what allows the FHIR specification to retain a core level of simplicity for everyone.","","","","","","","","",,,,,"","value:url}
","Extensions are always sliced by (at least) url",,"open","Element.extension",0,*,"","ele-1:All FHIR elements must have a @value or children {hasValue() or (children().count() > id.count())}
ext-1:Must have either extensions or value[x], not both {extension.exists() != value.exists()}"
"dnpm-lm-patient-record.ngsReports.results.tumorCellContent.modifierExtension","dnpm-lm-patient-record.ngsReports.results.tumorCellContent.modifierExtension","","extensions
user contentmodifiers","",0,*,"","Y","Y","Extension {[]} {[]}
","Extensions that cannot be ignored even if unrecognized","May be used to represent additional information that is not part of the basic definition of the element and that modifies the understanding of the element in which it is contained and/or the understanding of the containing element's descendants. Usually modifier elements provide negation or qualification. To make the use of extensions safe and manageable, there is a strict set of governance applied to the definition and use of extensions. Though any implementer can define an extension, there is a set of requirements that SHALL be met as part of the definition of the extension. Applications processing a resource are required to check for modifier extensions.

Modifier extensions SHALL NOT change the meaning of any elements on Resource or DomainResource (including cannot change the meaning of modifierExtension itself).","There can be no stigma associated with the use of extensions by any application, project, or standard - regardless of the institution or jurisdiction that uses or defines the extensions.  The use of extensions is what allows the FHIR specification to retain a core level of simplicity for everyone.","Modifier extensions allow for extensions that *cannot* be safely ignored to be clearly distinguished from the vast majority of extensions which can be safely ignored.  This promotes interoperability by eliminating the need for implementers to prohibit the presence of extensions. For further information, see the [definition of modifier extensions](http://hl7.org/fhir/R4/extensibility.html#modifierExtension).","","","","","","","",,,,,"",,,,"BackboneElement.modifierExtension",0,*,"","ele-1:All FHIR elements must have a @value or children {hasValue() or (children().count() > id.count())}
ext-1:Must have either extensions or value[x], not both {extension.exists() != value.exists()}"
"dnpm-lm-patient-record.ngsReports.results.tumorCellContent.patient","dnpm-lm-patient-record.ngsReports.results.tumorCellContent.patient","","","",1,1,"","","","BackboneElement {[]} {[]}
","Patient reference","Patient reference","","","","","","","","","",,,,,"",,,,"dnpm-lm-patient-record.ngsReports.results.tumorCellContent.patient",1,1,"","ele-1:All FHIR elements must have a @value or children {hasValue() or (children().count() > id.count())}
"
"dnpm-lm-patient-record.ngsReports.results.tumorCellContent.patient.id","dnpm-lm-patient-record.ngsReports.results.tumorCellContent.patient.id","","","",1,1,"","","","string {[]} {[]}
","Patient ID","Patient ID","","","","","","","","","",,,,,"",,,,"Element.id",0,1,"",""
"dnpm-lm-patient-record.ngsReports.results.tumorCellContent.patient.extension","dnpm-lm-patient-record.ngsReports.results.tumorCellContent.patient.extension","","extensions
user content","",0,*,"","","","Extension {[]} {[]}
","Additional content defined by implementations","May be used to represent additional information that is not part of the basic definition of the element. To make the use of extensions safe and manageable, there is a strict set of governance  applied to the definition and use of extensions. Though any implementer can define an extension, there is a set of requirements that SHALL be met as part of the definition of the extension.","There can be no stigma associated with the use of extensions by any application, project, or standard - regardless of the institution or jurisdiction that uses or defines the extensions.  The use of extensions is what allows the FHIR specification to retain a core level of simplicity for everyone.","","","","","","","","",,,,,"","value:url}
","Extensions are always sliced by (at least) url",,"open","Element.extension",0,*,"","ele-1:All FHIR elements must have a @value or children {hasValue() or (children().count() > id.count())}
ext-1:Must have either extensions or value[x], not both {extension.exists() != value.exists()}"
"dnpm-lm-patient-record.ngsReports.results.tumorCellContent.patient.modifierExtension","dnpm-lm-patient-record.ngsReports.results.tumorCellContent.patient.modifierExtension","","extensions
user contentmodifiers","",0,*,"","Y","Y","Extension {[]} {[]}
","Extensions that cannot be ignored even if unrecognized","May be used to represent additional information that is not part of the basic definition of the element and that modifies the understanding of the element in which it is contained and/or the understanding of the containing element's descendants. Usually modifier elements provide negation or qualification. To make the use of extensions safe and manageable, there is a strict set of governance applied to the definition and use of extensions. Though any implementer can define an extension, there is a set of requirements that SHALL be met as part of the definition of the extension. Applications processing a resource are required to check for modifier extensions.

Modifier extensions SHALL NOT change the meaning of any elements on Resource or DomainResource (including cannot change the meaning of modifierExtension itself).","There can be no stigma associated with the use of extensions by any application, project, or standard - regardless of the institution or jurisdiction that uses or defines the extensions.  The use of extensions is what allows the FHIR specification to retain a core level of simplicity for everyone.","Modifier extensions allow for extensions that *cannot* be safely ignored to be clearly distinguished from the vast majority of extensions which can be safely ignored.  This promotes interoperability by eliminating the need for implementers to prohibit the presence of extensions. For further information, see the [definition of modifier extensions](http://hl7.org/fhir/R4/extensibility.html#modifierExtension).","","","","","","","",,,,,"",,,,"BackboneElement.modifierExtension",0,*,"","ele-1:All FHIR elements must have a @value or children {hasValue() or (children().count() > id.count())}
ext-1:Must have either extensions or value[x], not both {extension.exists() != value.exists()}"
"dnpm-lm-patient-record.ngsReports.results.tumorCellContent.patient.type","dnpm-lm-patient-record.ngsReports.results.tumorCellContent.patient.type","","","",1,1,"","","","string {[]} {[]}
","Reference type","Reference type","","","","","","","","","",,,,,"",,,,"dnpm-lm-patient-record.ngsReports.results.tumorCellContent.patient.type",1,1,"",""
"dnpm-lm-patient-record.ngsReports.results.tumorCellContent.specimen","dnpm-lm-patient-record.ngsReports.results.tumorCellContent.specimen","","","",1,1,"","","","BackboneElement {[]} {[]}
","Specimen reference","Specimen reference","","","","","","","","","",,,,,"",,,,"dnpm-lm-patient-record.ngsReports.results.tumorCellContent.specimen",1,1,"","ele-1:All FHIR elements must have a @value or children {hasValue() or (children().count() > id.count())}
"
"dnpm-lm-patient-record.ngsReports.results.tumorCellContent.specimen.id","dnpm-lm-patient-record.ngsReports.results.tumorCellContent.specimen.id","","","",1,1,"","","","string {[]} {[]}
","Specimen ID","Specimen ID","","","","","","","","","",,,,,"",,,,"Element.id",0,1,"",""
"dnpm-lm-patient-record.ngsReports.results.tumorCellContent.specimen.extension","dnpm-lm-patient-record.ngsReports.results.tumorCellContent.specimen.extension","","extensions
user content","",0,*,"","","","Extension {[]} {[]}
","Additional content defined by implementations","May be used to represent additional information that is not part of the basic definition of the element. To make the use of extensions safe and manageable, there is a strict set of governance  applied to the definition and use of extensions. Though any implementer can define an extension, there is a set of requirements that SHALL be met as part of the definition of the extension.","There can be no stigma associated with the use of extensions by any application, project, or standard - regardless of the institution or jurisdiction that uses or defines the extensions.  The use of extensions is what allows the FHIR specification to retain a core level of simplicity for everyone.","","","","","","","","",,,,,"","value:url}
","Extensions are always sliced by (at least) url",,"open","Element.extension",0,*,"","ele-1:All FHIR elements must have a @value or children {hasValue() or (children().count() > id.count())}
ext-1:Must have either extensions or value[x], not both {extension.exists() != value.exists()}"
"dnpm-lm-patient-record.ngsReports.results.tumorCellContent.specimen.modifierExtension","dnpm-lm-patient-record.ngsReports.results.tumorCellContent.specimen.modifierExtension","","extensions
user contentmodifiers","",0,*,"","Y","Y","Extension {[]} {[]}
","Extensions that cannot be ignored even if unrecognized","May be used to represent additional information that is not part of the basic definition of the element and that modifies the understanding of the element in which it is contained and/or the understanding of the containing element's descendants. Usually modifier elements provide negation or qualification. To make the use of extensions safe and manageable, there is a strict set of governance applied to the definition and use of extensions. Though any implementer can define an extension, there is a set of requirements that SHALL be met as part of the definition of the extension. Applications processing a resource are required to check for modifier extensions.

Modifier extensions SHALL NOT change the meaning of any elements on Resource or DomainResource (including cannot change the meaning of modifierExtension itself).","There can be no stigma associated with the use of extensions by any application, project, or standard - regardless of the institution or jurisdiction that uses or defines the extensions.  The use of extensions is what allows the FHIR specification to retain a core level of simplicity for everyone.","Modifier extensions allow for extensions that *cannot* be safely ignored to be clearly distinguished from the vast majority of extensions which can be safely ignored.  This promotes interoperability by eliminating the need for implementers to prohibit the presence of extensions. For further information, see the [definition of modifier extensions](http://hl7.org/fhir/R4/extensibility.html#modifierExtension).","","","","","","","",,,,,"",,,,"BackboneElement.modifierExtension",0,*,"","ele-1:All FHIR elements must have a @value or children {hasValue() or (children().count() > id.count())}
ext-1:Must have either extensions or value[x], not both {extension.exists() != value.exists()}"
"dnpm-lm-patient-record.ngsReports.results.tumorCellContent.specimen.type","dnpm-lm-patient-record.ngsReports.results.tumorCellContent.specimen.type","","","",1,1,"","","","string {[]} {[]}
","Reference type","Reference type","","","","","","","","","",,,,,"",,,,"dnpm-lm-patient-record.ngsReports.results.tumorCellContent.specimen.type",1,1,"",""
"dnpm-lm-patient-record.ngsReports.results.tumorCellContent.method","dnpm-lm-patient-record.ngsReports.results.tumorCellContent.method","","","",1,1,"","","","BackboneElement {[]} {[]}
","Determination method","Determination method","","","","","","","","","",,,,,"",,,,"dnpm-lm-patient-record.ngsReports.results.tumorCellContent.method",1,1,"","ele-1:All FHIR elements must have a @value or children {hasValue() or (children().count() > id.count())}
"
"dnpm-lm-patient-record.ngsReports.results.tumorCellContent.method.id","dnpm-lm-patient-record.ngsReports.results.tumorCellContent.method.id","","","",0,1,"","","","string {[]} {[]}
","Unique id for inter-element referencing","Unique id for the element within a resource (for internal references). This may be any string value that does not contain spaces.","","","","","","","","","",,,,,"",,,,"Element.id",0,1,"",""
"dnpm-lm-patient-record.ngsReports.results.tumorCellContent.method.extension","dnpm-lm-patient-record.ngsReports.results.tumorCellContent.method.extension","","extensions
user content","",0,*,"","","","Extension {[]} {[]}
","Additional content defined by implementations","May be used to represent additional information that is not part of the basic definition of the element. To make the use of extensions safe and manageable, there is a strict set of governance  applied to the definition and use of extensions. Though any implementer can define an extension, there is a set of requirements that SHALL be met as part of the definition of the extension.","There can be no stigma associated with the use of extensions by any application, project, or standard - regardless of the institution or jurisdiction that uses or defines the extensions.  The use of extensions is what allows the FHIR specification to retain a core level of simplicity for everyone.","","","","","","","","",,,,,"","value:url}
","Extensions are always sliced by (at least) url",,"open","Element.extension",0,*,"","ele-1:All FHIR elements must have a @value or children {hasValue() or (children().count() > id.count())}
ext-1:Must have either extensions or value[x], not both {extension.exists() != value.exists()}"
"dnpm-lm-patient-record.ngsReports.results.tumorCellContent.method.modifierExtension","dnpm-lm-patient-record.ngsReports.results.tumorCellContent.method.modifierExtension","","extensions
user contentmodifiers","",0,*,"","Y","Y","Extension {[]} {[]}
","Extensions that cannot be ignored even if unrecognized","May be used to represent additional information that is not part of the basic definition of the element and that modifies the understanding of the element in which it is contained and/or the understanding of the containing element's descendants. Usually modifier elements provide negation or qualification. To make the use of extensions safe and manageable, there is a strict set of governance applied to the definition and use of extensions. Though any implementer can define an extension, there is a set of requirements that SHALL be met as part of the definition of the extension. Applications processing a resource are required to check for modifier extensions.

Modifier extensions SHALL NOT change the meaning of any elements on Resource or DomainResource (including cannot change the meaning of modifierExtension itself).","There can be no stigma associated with the use of extensions by any application, project, or standard - regardless of the institution or jurisdiction that uses or defines the extensions.  The use of extensions is what allows the FHIR specification to retain a core level of simplicity for everyone.","Modifier extensions allow for extensions that *cannot* be safely ignored to be clearly distinguished from the vast majority of extensions which can be safely ignored.  This promotes interoperability by eliminating the need for implementers to prohibit the presence of extensions. For further information, see the [definition of modifier extensions](http://hl7.org/fhir/R4/extensibility.html#modifierExtension).","","","","","","","",,,,,"",,,,"BackboneElement.modifierExtension",0,*,"","ele-1:All FHIR elements must have a @value or children {hasValue() or (children().count() > id.count())}
ext-1:Must have either extensions or value[x], not both {extension.exists() != value.exists()}"
"dnpm-lm-patient-record.ngsReports.results.tumorCellContent.method.code","dnpm-lm-patient-record.ngsReports.results.tumorCellContent.method.code","","","",1,1,"","","","string {[]} {[]}
","Method code (e.g. bioinformatic)","Method code (e.g. bioinformatic)","","","","","","","","","",,,,,"",,,,"dnpm-lm-patient-record.ngsReports.results.tumorCellContent.method.code",1,1,"",""
"dnpm-lm-patient-record.ngsReports.results.tumorCellContent.method.display","dnpm-lm-patient-record.ngsReports.results.tumorCellContent.method.display","","","",0,1,"","","","string {[]} {[]}
","Method display","Method display","","","","","","","","","",,,,,"",,,,"dnpm-lm-patient-record.ngsReports.results.tumorCellContent.method.display",0,1,"",""
"dnpm-lm-patient-record.ngsReports.results.tumorCellContent.method.system","dnpm-lm-patient-record.ngsReports.results.tumorCellContent.method.system","","","",1,1,"","","","string {[]} {[]}
","Method system URI","Method system URI","","","","","","","","","",,,,,"",,,,"dnpm-lm-patient-record.ngsReports.results.tumorCellContent.method.system",1,1,"",""
"dnpm-lm-patient-record.ngsReports.results.tumorCellContent.value","dnpm-lm-patient-record.ngsReports.results.tumorCellContent.value","","","",1,1,"","","","decimal {[]} {[]}
","Fraction (0.0 – 1.0)","Fraction (0.0 – 1.0)","","","","","","","","","",,,,,"",,,,"dnpm-lm-patient-record.ngsReports.results.tumorCellContent.value",1,1,"",""
"dnpm-lm-patient-record.ngsReports.results.tmb","dnpm-lm-patient-record.ngsReports.results.tmb","","","",0,1,"","","","BackboneElement {[]} {[]}
","Tumor Mutational Burden","Tumor Mutational Burden","","","","","","","","","",,,,,"",,,,"dnpm-lm-patient-record.ngsReports.results.tmb",0,1,"","ele-1:All FHIR elements must have a @value or children {hasValue() or (children().count() > id.count())}
","MTB: Tumor Mutational Burden (Observation)"
"dnpm-lm-patient-record.ngsReports.results.tmb.id","dnpm-lm-patient-record.ngsReports.results.tmb.id","","","",1,1,"","","","string {[]} {[]}
","TMB result UUID","TMB result UUID","","","","","","","","","",,,,,"",,,,"Element.id",0,1,"",""
"dnpm-lm-patient-record.ngsReports.results.tmb.extension","dnpm-lm-patient-record.ngsReports.results.tmb.extension","","extensions
user content","",0,*,"","","","Extension {[]} {[]}
","Additional content defined by implementations","May be used to represent additional information that is not part of the basic definition of the element. To make the use of extensions safe and manageable, there is a strict set of governance  applied to the definition and use of extensions. Though any implementer can define an extension, there is a set of requirements that SHALL be met as part of the definition of the extension.","There can be no stigma associated with the use of extensions by any application, project, or standard - regardless of the institution or jurisdiction that uses or defines the extensions.  The use of extensions is what allows the FHIR specification to retain a core level of simplicity for everyone.","","","","","","","","",,,,,"","value:url}
","Extensions are always sliced by (at least) url",,"open","Element.extension",0,*,"","ele-1:All FHIR elements must have a @value or children {hasValue() or (children().count() > id.count())}
ext-1:Must have either extensions or value[x], not both {extension.exists() != value.exists()}"
"dnpm-lm-patient-record.ngsReports.results.tmb.modifierExtension","dnpm-lm-patient-record.ngsReports.results.tmb.modifierExtension","","extensions
user contentmodifiers","",0,*,"","Y","Y","Extension {[]} {[]}
","Extensions that cannot be ignored even if unrecognized","May be used to represent additional information that is not part of the basic definition of the element and that modifies the understanding of the element in which it is contained and/or the understanding of the containing element's descendants. Usually modifier elements provide negation or qualification. To make the use of extensions safe and manageable, there is a strict set of governance applied to the definition and use of extensions. Though any implementer can define an extension, there is a set of requirements that SHALL be met as part of the definition of the extension. Applications processing a resource are required to check for modifier extensions.

Modifier extensions SHALL NOT change the meaning of any elements on Resource or DomainResource (including cannot change the meaning of modifierExtension itself).","There can be no stigma associated with the use of extensions by any application, project, or standard - regardless of the institution or jurisdiction that uses or defines the extensions.  The use of extensions is what allows the FHIR specification to retain a core level of simplicity for everyone.","Modifier extensions allow for extensions that *cannot* be safely ignored to be clearly distinguished from the vast majority of extensions which can be safely ignored.  This promotes interoperability by eliminating the need for implementers to prohibit the presence of extensions. For further information, see the [definition of modifier extensions](http://hl7.org/fhir/R4/extensibility.html#modifierExtension).","","","","","","","",,,,,"",,,,"BackboneElement.modifierExtension",0,*,"","ele-1:All FHIR elements must have a @value or children {hasValue() or (children().count() > id.count())}
ext-1:Must have either extensions or value[x], not both {extension.exists() != value.exists()}"
"dnpm-lm-patient-record.ngsReports.results.tmb.patient","dnpm-lm-patient-record.ngsReports.results.tmb.patient","","","",1,1,"","","","BackboneElement {[]} {[]}
","Patient reference","Patient reference","","","","","","","","","",,,,,"",,,,"dnpm-lm-patient-record.ngsReports.results.tmb.patient",1,1,"","ele-1:All FHIR elements must have a @value or children {hasValue() or (children().count() > id.count())}
"
"dnpm-lm-patient-record.ngsReports.results.tmb.patient.id","dnpm-lm-patient-record.ngsReports.results.tmb.patient.id","","","",1,1,"","","","string {[]} {[]}
","Patient ID","Patient ID","","","","","","","","","",,,,,"",,,,"Element.id",0,1,"",""
"dnpm-lm-patient-record.ngsReports.results.tmb.patient.extension","dnpm-lm-patient-record.ngsReports.results.tmb.patient.extension","","extensions
user content","",0,*,"","","","Extension {[]} {[]}
","Additional content defined by implementations","May be used to represent additional information that is not part of the basic definition of the element. To make the use of extensions safe and manageable, there is a strict set of governance  applied to the definition and use of extensions. Though any implementer can define an extension, there is a set of requirements that SHALL be met as part of the definition of the extension.","There can be no stigma associated with the use of extensions by any application, project, or standard - regardless of the institution or jurisdiction that uses or defines the extensions.  The use of extensions is what allows the FHIR specification to retain a core level of simplicity for everyone.","","","","","","","","",,,,,"","value:url}
","Extensions are always sliced by (at least) url",,"open","Element.extension",0,*,"","ele-1:All FHIR elements must have a @value or children {hasValue() or (children().count() > id.count())}
ext-1:Must have either extensions or value[x], not both {extension.exists() != value.exists()}"
"dnpm-lm-patient-record.ngsReports.results.tmb.patient.modifierExtension","dnpm-lm-patient-record.ngsReports.results.tmb.patient.modifierExtension","","extensions
user contentmodifiers","",0,*,"","Y","Y","Extension {[]} {[]}
","Extensions that cannot be ignored even if unrecognized","May be used to represent additional information that is not part of the basic definition of the element and that modifies the understanding of the element in which it is contained and/or the understanding of the containing element's descendants. Usually modifier elements provide negation or qualification. To make the use of extensions safe and manageable, there is a strict set of governance applied to the definition and use of extensions. Though any implementer can define an extension, there is a set of requirements that SHALL be met as part of the definition of the extension. Applications processing a resource are required to check for modifier extensions.

Modifier extensions SHALL NOT change the meaning of any elements on Resource or DomainResource (including cannot change the meaning of modifierExtension itself).","There can be no stigma associated with the use of extensions by any application, project, or standard - regardless of the institution or jurisdiction that uses or defines the extensions.  The use of extensions is what allows the FHIR specification to retain a core level of simplicity for everyone.","Modifier extensions allow for extensions that *cannot* be safely ignored to be clearly distinguished from the vast majority of extensions which can be safely ignored.  This promotes interoperability by eliminating the need for implementers to prohibit the presence of extensions. For further information, see the [definition of modifier extensions](http://hl7.org/fhir/R4/extensibility.html#modifierExtension).","","","","","","","",,,,,"",,,,"BackboneElement.modifierExtension",0,*,"","ele-1:All FHIR elements must have a @value or children {hasValue() or (children().count() > id.count())}
ext-1:Must have either extensions or value[x], not both {extension.exists() != value.exists()}"
"dnpm-lm-patient-record.ngsReports.results.tmb.patient.type","dnpm-lm-patient-record.ngsReports.results.tmb.patient.type","","","",1,1,"","","","string {[]} {[]}
","Reference type","Reference type","","","","","","","","","",,,,,"",,,,"dnpm-lm-patient-record.ngsReports.results.tmb.patient.type",1,1,"",""
"dnpm-lm-patient-record.ngsReports.results.tmb.specimen","dnpm-lm-patient-record.ngsReports.results.tmb.specimen","","","",1,1,"","","","BackboneElement {[]} {[]}
","Specimen reference","Specimen reference","","","","","","","","","",,,,,"",,,,"dnpm-lm-patient-record.ngsReports.results.tmb.specimen",1,1,"","ele-1:All FHIR elements must have a @value or children {hasValue() or (children().count() > id.count())}
"
"dnpm-lm-patient-record.ngsReports.results.tmb.specimen.id","dnpm-lm-patient-record.ngsReports.results.tmb.specimen.id","","","",1,1,"","","","string {[]} {[]}
","Specimen ID","Specimen ID","","","","","","","","","",,,,,"",,,,"Element.id",0,1,"",""
"dnpm-lm-patient-record.ngsReports.results.tmb.specimen.extension","dnpm-lm-patient-record.ngsReports.results.tmb.specimen.extension","","extensions
user content","",0,*,"","","","Extension {[]} {[]}
","Additional content defined by implementations","May be used to represent additional information that is not part of the basic definition of the element. To make the use of extensions safe and manageable, there is a strict set of governance  applied to the definition and use of extensions. Though any implementer can define an extension, there is a set of requirements that SHALL be met as part of the definition of the extension.","There can be no stigma associated with the use of extensions by any application, project, or standard - regardless of the institution or jurisdiction that uses or defines the extensions.  The use of extensions is what allows the FHIR specification to retain a core level of simplicity for everyone.","","","","","","","","",,,,,"","value:url}
","Extensions are always sliced by (at least) url",,"open","Element.extension",0,*,"","ele-1:All FHIR elements must have a @value or children {hasValue() or (children().count() > id.count())}
ext-1:Must have either extensions or value[x], not both {extension.exists() != value.exists()}"
"dnpm-lm-patient-record.ngsReports.results.tmb.specimen.modifierExtension","dnpm-lm-patient-record.ngsReports.results.tmb.specimen.modifierExtension","","extensions
user contentmodifiers","",0,*,"","Y","Y","Extension {[]} {[]}
","Extensions that cannot be ignored even if unrecognized","May be used to represent additional information that is not part of the basic definition of the element and that modifies the understanding of the element in which it is contained and/or the understanding of the containing element's descendants. Usually modifier elements provide negation or qualification. To make the use of extensions safe and manageable, there is a strict set of governance applied to the definition and use of extensions. Though any implementer can define an extension, there is a set of requirements that SHALL be met as part of the definition of the extension. Applications processing a resource are required to check for modifier extensions.

Modifier extensions SHALL NOT change the meaning of any elements on Resource or DomainResource (including cannot change the meaning of modifierExtension itself).","There can be no stigma associated with the use of extensions by any application, project, or standard - regardless of the institution or jurisdiction that uses or defines the extensions.  The use of extensions is what allows the FHIR specification to retain a core level of simplicity for everyone.","Modifier extensions allow for extensions that *cannot* be safely ignored to be clearly distinguished from the vast majority of extensions which can be safely ignored.  This promotes interoperability by eliminating the need for implementers to prohibit the presence of extensions. For further information, see the [definition of modifier extensions](http://hl7.org/fhir/R4/extensibility.html#modifierExtension).","","","","","","","",,,,,"",,,,"BackboneElement.modifierExtension",0,*,"","ele-1:All FHIR elements must have a @value or children {hasValue() or (children().count() > id.count())}
ext-1:Must have either extensions or value[x], not both {extension.exists() != value.exists()}"
"dnpm-lm-patient-record.ngsReports.results.tmb.specimen.type","dnpm-lm-patient-record.ngsReports.results.tmb.specimen.type","","","",1,1,"","","","string {[]} {[]}
","Reference type","Reference type","","","","","","","","","",,,,,"",,,,"dnpm-lm-patient-record.ngsReports.results.tmb.specimen.type",1,1,"",""
"dnpm-lm-patient-record.ngsReports.results.tmb.value","dnpm-lm-patient-record.ngsReports.results.tmb.value","","","",1,1,"","","","BackboneElement {[]} {[]}
","TMB quantity","TMB quantity","","","","","","","","","",,,,,"",,,,"dnpm-lm-patient-record.ngsReports.results.tmb.value",1,1,"","ele-1:All FHIR elements must have a @value or children {hasValue() or (children().count() > id.count())}
"
"dnpm-lm-patient-record.ngsReports.results.tmb.value.id","dnpm-lm-patient-record.ngsReports.results.tmb.value.id","","","",0,1,"","","","string {[]} {[]}
","Unique id for inter-element referencing","Unique id for the element within a resource (for internal references). This may be any string value that does not contain spaces.","","","","","","","","","",,,,,"",,,,"Element.id",0,1,"",""
"dnpm-lm-patient-record.ngsReports.results.tmb.value.extension","dnpm-lm-patient-record.ngsReports.results.tmb.value.extension","","extensions
user content","",0,*,"","","","Extension {[]} {[]}
","Additional content defined by implementations","May be used to represent additional information that is not part of the basic definition of the element. To make the use of extensions safe and manageable, there is a strict set of governance  applied to the definition and use of extensions. Though any implementer can define an extension, there is a set of requirements that SHALL be met as part of the definition of the extension.","There can be no stigma associated with the use of extensions by any application, project, or standard - regardless of the institution or jurisdiction that uses or defines the extensions.  The use of extensions is what allows the FHIR specification to retain a core level of simplicity for everyone.","","","","","","","","",,,,,"","value:url}
","Extensions are always sliced by (at least) url",,"open","Element.extension",0,*,"","ele-1:All FHIR elements must have a @value or children {hasValue() or (children().count() > id.count())}
ext-1:Must have either extensions or value[x], not both {extension.exists() != value.exists()}"
"dnpm-lm-patient-record.ngsReports.results.tmb.value.modifierExtension","dnpm-lm-patient-record.ngsReports.results.tmb.value.modifierExtension","","extensions
user contentmodifiers","",0,*,"","Y","Y","Extension {[]} {[]}
","Extensions that cannot be ignored even if unrecognized","May be used to represent additional information that is not part of the basic definition of the element and that modifies the understanding of the element in which it is contained and/or the understanding of the containing element's descendants. Usually modifier elements provide negation or qualification. To make the use of extensions safe and manageable, there is a strict set of governance applied to the definition and use of extensions. Though any implementer can define an extension, there is a set of requirements that SHALL be met as part of the definition of the extension. Applications processing a resource are required to check for modifier extensions.

Modifier extensions SHALL NOT change the meaning of any elements on Resource or DomainResource (including cannot change the meaning of modifierExtension itself).","There can be no stigma associated with the use of extensions by any application, project, or standard - regardless of the institution or jurisdiction that uses or defines the extensions.  The use of extensions is what allows the FHIR specification to retain a core level of simplicity for everyone.","Modifier extensions allow for extensions that *cannot* be safely ignored to be clearly distinguished from the vast majority of extensions which can be safely ignored.  This promotes interoperability by eliminating the need for implementers to prohibit the presence of extensions. For further information, see the [definition of modifier extensions](http://hl7.org/fhir/R4/extensibility.html#modifierExtension).","","","","","","","",,,,,"",,,,"BackboneElement.modifierExtension",0,*,"","ele-1:All FHIR elements must have a @value or children {hasValue() or (children().count() > id.count())}
ext-1:Must have either extensions or value[x], not both {extension.exists() != value.exists()}"
"dnpm-lm-patient-record.ngsReports.results.tmb.value.value","dnpm-lm-patient-record.ngsReports.results.tmb.value.value","","","",1,1,"","","","decimal {[]} {[]}
","Numeric value","Numeric value","","","","","","","","","",,,,,"",,,,"dnpm-lm-patient-record.ngsReports.results.tmb.value.value",1,1,"",""
"dnpm-lm-patient-record.ngsReports.results.tmb.value.unit","dnpm-lm-patient-record.ngsReports.results.tmb.value.unit","","","",1,1,"","","","string {[]} {[]}
","Unit","Unit","","","","","","","","","",,,,,"",,,,"dnpm-lm-patient-record.ngsReports.results.tmb.value.unit",1,1,"",""
"dnpm-lm-patient-record.ngsReports.results.tmb.interpretation","dnpm-lm-patient-record.ngsReports.results.tmb.interpretation","","","",0,1,"","","","BackboneElement {[]} {[]}
","TMB interpretation","TMB interpretation","","","","","","","","","",,,,,"",,,,"dnpm-lm-patient-record.ngsReports.results.tmb.interpretation",0,1,"","ele-1:All FHIR elements must have a @value or children {hasValue() or (children().count() > id.count())}
"
"dnpm-lm-patient-record.ngsReports.results.tmb.interpretation.id","dnpm-lm-patient-record.ngsReports.results.tmb.interpretation.id","","","",0,1,"","","","string {[]} {[]}
","Unique id for inter-element referencing","Unique id for the element within a resource (for internal references). This may be any string value that does not contain spaces.","","","","","","","","","",,,,,"",,,,"Element.id",0,1,"",""
"dnpm-lm-patient-record.ngsReports.results.tmb.interpretation.extension","dnpm-lm-patient-record.ngsReports.results.tmb.interpretation.extension","","extensions
user content","",0,*,"","","","Extension {[]} {[]}
","Additional content defined by implementations","May be used to represent additional information that is not part of the basic definition of the element. To make the use of extensions safe and manageable, there is a strict set of governance  applied to the definition and use of extensions. Though any implementer can define an extension, there is a set of requirements that SHALL be met as part of the definition of the extension.","There can be no stigma associated with the use of extensions by any application, project, or standard - regardless of the institution or jurisdiction that uses or defines the extensions.  The use of extensions is what allows the FHIR specification to retain a core level of simplicity for everyone.","","","","","","","","",,,,,"","value:url}
","Extensions are always sliced by (at least) url",,"open","Element.extension",0,*,"","ele-1:All FHIR elements must have a @value or children {hasValue() or (children().count() > id.count())}
ext-1:Must have either extensions or value[x], not both {extension.exists() != value.exists()}"
"dnpm-lm-patient-record.ngsReports.results.tmb.interpretation.modifierExtension","dnpm-lm-patient-record.ngsReports.results.tmb.interpretation.modifierExtension","","extensions
user contentmodifiers","",0,*,"","Y","Y","Extension {[]} {[]}
","Extensions that cannot be ignored even if unrecognized","May be used to represent additional information that is not part of the basic definition of the element and that modifies the understanding of the element in which it is contained and/or the understanding of the containing element's descendants. Usually modifier elements provide negation or qualification. To make the use of extensions safe and manageable, there is a strict set of governance applied to the definition and use of extensions. Though any implementer can define an extension, there is a set of requirements that SHALL be met as part of the definition of the extension. Applications processing a resource are required to check for modifier extensions.

Modifier extensions SHALL NOT change the meaning of any elements on Resource or DomainResource (including cannot change the meaning of modifierExtension itself).","There can be no stigma associated with the use of extensions by any application, project, or standard - regardless of the institution or jurisdiction that uses or defines the extensions.  The use of extensions is what allows the FHIR specification to retain a core level of simplicity for everyone.","Modifier extensions allow for extensions that *cannot* be safely ignored to be clearly distinguished from the vast majority of extensions which can be safely ignored.  This promotes interoperability by eliminating the need for implementers to prohibit the presence of extensions. For further information, see the [definition of modifier extensions](http://hl7.org/fhir/R4/extensibility.html#modifierExtension).","","","","","","","",,,,,"",,,,"BackboneElement.modifierExtension",0,*,"","ele-1:All FHIR elements must have a @value or children {hasValue() or (children().count() > id.count())}
ext-1:Must have either extensions or value[x], not both {extension.exists() != value.exists()}"
"dnpm-lm-patient-record.ngsReports.results.tmb.interpretation.code","dnpm-lm-patient-record.ngsReports.results.tmb.interpretation.code","","","",1,1,"","","","string {[]} {[]}
","Code (e.g. high)","Code (e.g. high)","","","","","","","","","",,,,,"",,,,"dnpm-lm-patient-record.ngsReports.results.tmb.interpretation.code",1,1,"",""
"dnpm-lm-patient-record.ngsReports.results.tmb.interpretation.display","dnpm-lm-patient-record.ngsReports.results.tmb.interpretation.display","","","",0,1,"","","","string {[]} {[]}
","Display","Display","","","","","","","","","",,,,,"",,,,"dnpm-lm-patient-record.ngsReports.results.tmb.interpretation.display",0,1,"",""
"dnpm-lm-patient-record.ngsReports.results.tmb.interpretation.system","dnpm-lm-patient-record.ngsReports.results.tmb.interpretation.system","","","",1,1,"","","","string {[]} {[]}
","System URI","System URI","","","","","","","","","",,,,,"",,,,"dnpm-lm-patient-record.ngsReports.results.tmb.interpretation.system",1,1,"",""
"dnpm-lm-patient-record.ngsReports.results.brcaness","dnpm-lm-patient-record.ngsReports.results.brcaness","","","",0,1,"","","","BackboneElement {[]} {[]}
","BRCAness score","BRCAness score","","","","","","","","","",,,,,"",,,,"dnpm-lm-patient-record.ngsReports.results.brcaness",0,1,"","ele-1:All FHIR elements must have a @value or children {hasValue() or (children().count() > id.count())}
","MTB: BRCAness (Observation)"
"dnpm-lm-patient-record.ngsReports.results.brcaness.id","dnpm-lm-patient-record.ngsReports.results.brcaness.id","","","",1,1,"","","","string {[]} {[]}
","BRCAness result UUID","BRCAness result UUID","","","","","","","","","",,,,,"",,,,"Element.id",0,1,"",""
"dnpm-lm-patient-record.ngsReports.results.brcaness.extension","dnpm-lm-patient-record.ngsReports.results.brcaness.extension","","extensions
user content","",0,*,"","","","Extension {[]} {[]}
","Additional content defined by implementations","May be used to represent additional information that is not part of the basic definition of the element. To make the use of extensions safe and manageable, there is a strict set of governance  applied to the definition and use of extensions. Though any implementer can define an extension, there is a set of requirements that SHALL be met as part of the definition of the extension.","There can be no stigma associated with the use of extensions by any application, project, or standard - regardless of the institution or jurisdiction that uses or defines the extensions.  The use of extensions is what allows the FHIR specification to retain a core level of simplicity for everyone.","","","","","","","","",,,,,"","value:url}
","Extensions are always sliced by (at least) url",,"open","Element.extension",0,*,"","ele-1:All FHIR elements must have a @value or children {hasValue() or (children().count() > id.count())}
ext-1:Must have either extensions or value[x], not both {extension.exists() != value.exists()}"
"dnpm-lm-patient-record.ngsReports.results.brcaness.modifierExtension","dnpm-lm-patient-record.ngsReports.results.brcaness.modifierExtension","","extensions
user contentmodifiers","",0,*,"","Y","Y","Extension {[]} {[]}
","Extensions that cannot be ignored even if unrecognized","May be used to represent additional information that is not part of the basic definition of the element and that modifies the understanding of the element in which it is contained and/or the understanding of the containing element's descendants. Usually modifier elements provide negation or qualification. To make the use of extensions safe and manageable, there is a strict set of governance applied to the definition and use of extensions. Though any implementer can define an extension, there is a set of requirements that SHALL be met as part of the definition of the extension. Applications processing a resource are required to check for modifier extensions.

Modifier extensions SHALL NOT change the meaning of any elements on Resource or DomainResource (including cannot change the meaning of modifierExtension itself).","There can be no stigma associated with the use of extensions by any application, project, or standard - regardless of the institution or jurisdiction that uses or defines the extensions.  The use of extensions is what allows the FHIR specification to retain a core level of simplicity for everyone.","Modifier extensions allow for extensions that *cannot* be safely ignored to be clearly distinguished from the vast majority of extensions which can be safely ignored.  This promotes interoperability by eliminating the need for implementers to prohibit the presence of extensions. For further information, see the [definition of modifier extensions](http://hl7.org/fhir/R4/extensibility.html#modifierExtension).","","","","","","","",,,,,"",,,,"BackboneElement.modifierExtension",0,*,"","ele-1:All FHIR elements must have a @value or children {hasValue() or (children().count() > id.count())}
ext-1:Must have either extensions or value[x], not both {extension.exists() != value.exists()}"
"dnpm-lm-patient-record.ngsReports.results.brcaness.patient","dnpm-lm-patient-record.ngsReports.results.brcaness.patient","","","",1,1,"","","","BackboneElement {[]} {[]}
","Patient reference","Patient reference","","","","","","","","","",,,,,"",,,,"dnpm-lm-patient-record.ngsReports.results.brcaness.patient",1,1,"","ele-1:All FHIR elements must have a @value or children {hasValue() or (children().count() > id.count())}
"
"dnpm-lm-patient-record.ngsReports.results.brcaness.patient.id","dnpm-lm-patient-record.ngsReports.results.brcaness.patient.id","","","",1,1,"","","","string {[]} {[]}
","Patient ID","Patient ID","","","","","","","","","",,,,,"",,,,"Element.id",0,1,"",""
"dnpm-lm-patient-record.ngsReports.results.brcaness.patient.extension","dnpm-lm-patient-record.ngsReports.results.brcaness.patient.extension","","extensions
user content","",0,*,"","","","Extension {[]} {[]}
","Additional content defined by implementations","May be used to represent additional information that is not part of the basic definition of the element. To make the use of extensions safe and manageable, there is a strict set of governance  applied to the definition and use of extensions. Though any implementer can define an extension, there is a set of requirements that SHALL be met as part of the definition of the extension.","There can be no stigma associated with the use of extensions by any application, project, or standard - regardless of the institution or jurisdiction that uses or defines the extensions.  The use of extensions is what allows the FHIR specification to retain a core level of simplicity for everyone.","","","","","","","","",,,,,"","value:url}
","Extensions are always sliced by (at least) url",,"open","Element.extension",0,*,"","ele-1:All FHIR elements must have a @value or children {hasValue() or (children().count() > id.count())}
ext-1:Must have either extensions or value[x], not both {extension.exists() != value.exists()}"
"dnpm-lm-patient-record.ngsReports.results.brcaness.patient.modifierExtension","dnpm-lm-patient-record.ngsReports.results.brcaness.patient.modifierExtension","","extensions
user contentmodifiers","",0,*,"","Y","Y","Extension {[]} {[]}
","Extensions that cannot be ignored even if unrecognized","May be used to represent additional information that is not part of the basic definition of the element and that modifies the understanding of the element in which it is contained and/or the understanding of the containing element's descendants. Usually modifier elements provide negation or qualification. To make the use of extensions safe and manageable, there is a strict set of governance applied to the definition and use of extensions. Though any implementer can define an extension, there is a set of requirements that SHALL be met as part of the definition of the extension. Applications processing a resource are required to check for modifier extensions.

Modifier extensions SHALL NOT change the meaning of any elements on Resource or DomainResource (including cannot change the meaning of modifierExtension itself).","There can be no stigma associated with the use of extensions by any application, project, or standard - regardless of the institution or jurisdiction that uses or defines the extensions.  The use of extensions is what allows the FHIR specification to retain a core level of simplicity for everyone.","Modifier extensions allow for extensions that *cannot* be safely ignored to be clearly distinguished from the vast majority of extensions which can be safely ignored.  This promotes interoperability by eliminating the need for implementers to prohibit the presence of extensions. For further information, see the [definition of modifier extensions](http://hl7.org/fhir/R4/extensibility.html#modifierExtension).","","","","","","","",,,,,"",,,,"BackboneElement.modifierExtension",0,*,"","ele-1:All FHIR elements must have a @value or children {hasValue() or (children().count() > id.count())}
ext-1:Must have either extensions or value[x], not both {extension.exists() != value.exists()}"
"dnpm-lm-patient-record.ngsReports.results.brcaness.patient.type","dnpm-lm-patient-record.ngsReports.results.brcaness.patient.type","","","",1,1,"","","","string {[]} {[]}
","Reference type","Reference type","","","","","","","","","",,,,,"",,,,"dnpm-lm-patient-record.ngsReports.results.brcaness.patient.type",1,1,"",""
"dnpm-lm-patient-record.ngsReports.results.brcaness.specimen","dnpm-lm-patient-record.ngsReports.results.brcaness.specimen","","","",1,1,"","","","BackboneElement {[]} {[]}
","Specimen reference","Specimen reference","","","","","","","","","",,,,,"",,,,"dnpm-lm-patient-record.ngsReports.results.brcaness.specimen",1,1,"","ele-1:All FHIR elements must have a @value or children {hasValue() or (children().count() > id.count())}
"
"dnpm-lm-patient-record.ngsReports.results.brcaness.specimen.id","dnpm-lm-patient-record.ngsReports.results.brcaness.specimen.id","","","",1,1,"","","","string {[]} {[]}
","Specimen ID","Specimen ID","","","","","","","","","",,,,,"",,,,"Element.id",0,1,"",""
"dnpm-lm-patient-record.ngsReports.results.brcaness.specimen.extension","dnpm-lm-patient-record.ngsReports.results.brcaness.specimen.extension","","extensions
user content","",0,*,"","","","Extension {[]} {[]}
","Additional content defined by implementations","May be used to represent additional information that is not part of the basic definition of the element. To make the use of extensions safe and manageable, there is a strict set of governance  applied to the definition and use of extensions. Though any implementer can define an extension, there is a set of requirements that SHALL be met as part of the definition of the extension.","There can be no stigma associated with the use of extensions by any application, project, or standard - regardless of the institution or jurisdiction that uses or defines the extensions.  The use of extensions is what allows the FHIR specification to retain a core level of simplicity for everyone.","","","","","","","","",,,,,"","value:url}
","Extensions are always sliced by (at least) url",,"open","Element.extension",0,*,"","ele-1:All FHIR elements must have a @value or children {hasValue() or (children().count() > id.count())}
ext-1:Must have either extensions or value[x], not both {extension.exists() != value.exists()}"
"dnpm-lm-patient-record.ngsReports.results.brcaness.specimen.modifierExtension","dnpm-lm-patient-record.ngsReports.results.brcaness.specimen.modifierExtension","","extensions
user contentmodifiers","",0,*,"","Y","Y","Extension {[]} {[]}
","Extensions that cannot be ignored even if unrecognized","May be used to represent additional information that is not part of the basic definition of the element and that modifies the understanding of the element in which it is contained and/or the understanding of the containing element's descendants. Usually modifier elements provide negation or qualification. To make the use of extensions safe and manageable, there is a strict set of governance applied to the definition and use of extensions. Though any implementer can define an extension, there is a set of requirements that SHALL be met as part of the definition of the extension. Applications processing a resource are required to check for modifier extensions.

Modifier extensions SHALL NOT change the meaning of any elements on Resource or DomainResource (including cannot change the meaning of modifierExtension itself).","There can be no stigma associated with the use of extensions by any application, project, or standard - regardless of the institution or jurisdiction that uses or defines the extensions.  The use of extensions is what allows the FHIR specification to retain a core level of simplicity for everyone.","Modifier extensions allow for extensions that *cannot* be safely ignored to be clearly distinguished from the vast majority of extensions which can be safely ignored.  This promotes interoperability by eliminating the need for implementers to prohibit the presence of extensions. For further information, see the [definition of modifier extensions](http://hl7.org/fhir/R4/extensibility.html#modifierExtension).","","","","","","","",,,,,"",,,,"BackboneElement.modifierExtension",0,*,"","ele-1:All FHIR elements must have a @value or children {hasValue() or (children().count() > id.count())}
ext-1:Must have either extensions or value[x], not both {extension.exists() != value.exists()}"
"dnpm-lm-patient-record.ngsReports.results.brcaness.specimen.type","dnpm-lm-patient-record.ngsReports.results.brcaness.specimen.type","","","",1,1,"","","","string {[]} {[]}
","Reference type","Reference type","","","","","","","","","",,,,,"",,,,"dnpm-lm-patient-record.ngsReports.results.brcaness.specimen.type",1,1,"",""
"dnpm-lm-patient-record.ngsReports.results.brcaness.value","dnpm-lm-patient-record.ngsReports.results.brcaness.value","","","",1,1,"","","","decimal {[]} {[]}
","BRCAness score (0.0 – 1.0)","BRCAness score (0.0 – 1.0)","","","","","","","","","",,,,,"",,,,"dnpm-lm-patient-record.ngsReports.results.brcaness.value",1,1,"",""
"dnpm-lm-patient-record.ngsReports.results.brcaness.confidenceRange","dnpm-lm-patient-record.ngsReports.results.brcaness.confidenceRange","","","",0,1,"","","","BackboneElement {[]} {[]}
","Confidence range","Confidence range","","","","","","","","","",,,,,"",,,,"dnpm-lm-patient-record.ngsReports.results.brcaness.confidenceRange",0,1,"","ele-1:All FHIR elements must have a @value or children {hasValue() or (children().count() > id.count())}
"
"dnpm-lm-patient-record.ngsReports.results.brcaness.confidenceRange.id","dnpm-lm-patient-record.ngsReports.results.brcaness.confidenceRange.id","","","",0,1,"","","","string {[]} {[]}
","Unique id for inter-element referencing","Unique id for the element within a resource (for internal references). This may be any string value that does not contain spaces.","","","","","","","","","",,,,,"",,,,"Element.id",0,1,"",""
"dnpm-lm-patient-record.ngsReports.results.brcaness.confidenceRange.extension","dnpm-lm-patient-record.ngsReports.results.brcaness.confidenceRange.extension","","extensions
user content","",0,*,"","","","Extension {[]} {[]}
","Additional content defined by implementations","May be used to represent additional information that is not part of the basic definition of the element. To make the use of extensions safe and manageable, there is a strict set of governance  applied to the definition and use of extensions. Though any implementer can define an extension, there is a set of requirements that SHALL be met as part of the definition of the extension.","There can be no stigma associated with the use of extensions by any application, project, or standard - regardless of the institution or jurisdiction that uses or defines the extensions.  The use of extensions is what allows the FHIR specification to retain a core level of simplicity for everyone.","","","","","","","","",,,,,"","value:url}
","Extensions are always sliced by (at least) url",,"open","Element.extension",0,*,"","ele-1:All FHIR elements must have a @value or children {hasValue() or (children().count() > id.count())}
ext-1:Must have either extensions or value[x], not both {extension.exists() != value.exists()}"
"dnpm-lm-patient-record.ngsReports.results.brcaness.confidenceRange.modifierExtension","dnpm-lm-patient-record.ngsReports.results.brcaness.confidenceRange.modifierExtension","","extensions
user contentmodifiers","",0,*,"","Y","Y","Extension {[]} {[]}
","Extensions that cannot be ignored even if unrecognized","May be used to represent additional information that is not part of the basic definition of the element and that modifies the understanding of the element in which it is contained and/or the understanding of the containing element's descendants. Usually modifier elements provide negation or qualification. To make the use of extensions safe and manageable, there is a strict set of governance applied to the definition and use of extensions. Though any implementer can define an extension, there is a set of requirements that SHALL be met as part of the definition of the extension. Applications processing a resource are required to check for modifier extensions.

Modifier extensions SHALL NOT change the meaning of any elements on Resource or DomainResource (including cannot change the meaning of modifierExtension itself).","There can be no stigma associated with the use of extensions by any application, project, or standard - regardless of the institution or jurisdiction that uses or defines the extensions.  The use of extensions is what allows the FHIR specification to retain a core level of simplicity for everyone.","Modifier extensions allow for extensions that *cannot* be safely ignored to be clearly distinguished from the vast majority of extensions which can be safely ignored.  This promotes interoperability by eliminating the need for implementers to prohibit the presence of extensions. For further information, see the [definition of modifier extensions](http://hl7.org/fhir/R4/extensibility.html#modifierExtension).","","","","","","","",,,,,"",,,,"BackboneElement.modifierExtension",0,*,"","ele-1:All FHIR elements must have a @value or children {hasValue() or (children().count() > id.count())}
ext-1:Must have either extensions or value[x], not both {extension.exists() != value.exists()}"
"dnpm-lm-patient-record.ngsReports.results.brcaness.confidenceRange.min","dnpm-lm-patient-record.ngsReports.results.brcaness.confidenceRange.min","","","",1,1,"","","","decimal {[]} {[]}
","Minimum","Minimum","","","","","","","","","",,,,,"",,,,"dnpm-lm-patient-record.ngsReports.results.brcaness.confidenceRange.min",1,1,"",""
"dnpm-lm-patient-record.ngsReports.results.brcaness.confidenceRange.max","dnpm-lm-patient-record.ngsReports.results.brcaness.confidenceRange.max","","","",1,1,"","","","decimal {[]} {[]}
","Maximum","Maximum","","","","","","","","","",,,,,"",,,,"dnpm-lm-patient-record.ngsReports.results.brcaness.confidenceRange.max",1,1,"",""
"dnpm-lm-patient-record.ngsReports.results.hrdScore","dnpm-lm-patient-record.ngsReports.results.hrdScore","","","",0,1,"","","","BackboneElement {[]} {[]}
","HRD Score","HRD Score","","","","","","","","","",,,,,"",,,,"dnpm-lm-patient-record.ngsReports.results.hrdScore",0,1,"","ele-1:All FHIR elements must have a @value or children {hasValue() or (children().count() > id.count())}
","MTB: HRD Score (Observation)"
"dnpm-lm-patient-record.ngsReports.results.hrdScore.id","dnpm-lm-patient-record.ngsReports.results.hrdScore.id","","","",1,1,"","","","string {[]} {[]}
","HRD result UUID","HRD result UUID","","","","","","","","","",,,,,"",,,,"Element.id",0,1,"",""
"dnpm-lm-patient-record.ngsReports.results.hrdScore.extension","dnpm-lm-patient-record.ngsReports.results.hrdScore.extension","","extensions
user content","",0,*,"","","","Extension {[]} {[]}
","Additional content defined by implementations","May be used to represent additional information that is not part of the basic definition of the element. To make the use of extensions safe and manageable, there is a strict set of governance  applied to the definition and use of extensions. Though any implementer can define an extension, there is a set of requirements that SHALL be met as part of the definition of the extension.","There can be no stigma associated with the use of extensions by any application, project, or standard - regardless of the institution or jurisdiction that uses or defines the extensions.  The use of extensions is what allows the FHIR specification to retain a core level of simplicity for everyone.","","","","","","","","",,,,,"","value:url}
","Extensions are always sliced by (at least) url",,"open","Element.extension",0,*,"","ele-1:All FHIR elements must have a @value or children {hasValue() or (children().count() > id.count())}
ext-1:Must have either extensions or value[x], not both {extension.exists() != value.exists()}"
"dnpm-lm-patient-record.ngsReports.results.hrdScore.modifierExtension","dnpm-lm-patient-record.ngsReports.results.hrdScore.modifierExtension","","extensions
user contentmodifiers","",0,*,"","Y","Y","Extension {[]} {[]}
","Extensions that cannot be ignored even if unrecognized","May be used to represent additional information that is not part of the basic definition of the element and that modifies the understanding of the element in which it is contained and/or the understanding of the containing element's descendants. Usually modifier elements provide negation or qualification. To make the use of extensions safe and manageable, there is a strict set of governance applied to the definition and use of extensions. Though any implementer can define an extension, there is a set of requirements that SHALL be met as part of the definition of the extension. Applications processing a resource are required to check for modifier extensions.

Modifier extensions SHALL NOT change the meaning of any elements on Resource or DomainResource (including cannot change the meaning of modifierExtension itself).","There can be no stigma associated with the use of extensions by any application, project, or standard - regardless of the institution or jurisdiction that uses or defines the extensions.  The use of extensions is what allows the FHIR specification to retain a core level of simplicity for everyone.","Modifier extensions allow for extensions that *cannot* be safely ignored to be clearly distinguished from the vast majority of extensions which can be safely ignored.  This promotes interoperability by eliminating the need for implementers to prohibit the presence of extensions. For further information, see the [definition of modifier extensions](http://hl7.org/fhir/R4/extensibility.html#modifierExtension).","","","","","","","",,,,,"",,,,"BackboneElement.modifierExtension",0,*,"","ele-1:All FHIR elements must have a @value or children {hasValue() or (children().count() > id.count())}
ext-1:Must have either extensions or value[x], not both {extension.exists() != value.exists()}"
"dnpm-lm-patient-record.ngsReports.results.hrdScore.patient","dnpm-lm-patient-record.ngsReports.results.hrdScore.patient","","","",1,1,"","","","BackboneElement {[]} {[]}
","Patient reference","Patient reference","","","","","","","","","",,,,,"",,,,"dnpm-lm-patient-record.ngsReports.results.hrdScore.patient",1,1,"","ele-1:All FHIR elements must have a @value or children {hasValue() or (children().count() > id.count())}
"
"dnpm-lm-patient-record.ngsReports.results.hrdScore.patient.id","dnpm-lm-patient-record.ngsReports.results.hrdScore.patient.id","","","",1,1,"","","","string {[]} {[]}
","Patient ID","Patient ID","","","","","","","","","",,,,,"",,,,"Element.id",0,1,"",""
"dnpm-lm-patient-record.ngsReports.results.hrdScore.patient.extension","dnpm-lm-patient-record.ngsReports.results.hrdScore.patient.extension","","extensions
user content","",0,*,"","","","Extension {[]} {[]}
","Additional content defined by implementations","May be used to represent additional information that is not part of the basic definition of the element. To make the use of extensions safe and manageable, there is a strict set of governance  applied to the definition and use of extensions. Though any implementer can define an extension, there is a set of requirements that SHALL be met as part of the definition of the extension.","There can be no stigma associated with the use of extensions by any application, project, or standard - regardless of the institution or jurisdiction that uses or defines the extensions.  The use of extensions is what allows the FHIR specification to retain a core level of simplicity for everyone.","","","","","","","","",,,,,"","value:url}
","Extensions are always sliced by (at least) url",,"open","Element.extension",0,*,"","ele-1:All FHIR elements must have a @value or children {hasValue() or (children().count() > id.count())}
ext-1:Must have either extensions or value[x], not both {extension.exists() != value.exists()}"
"dnpm-lm-patient-record.ngsReports.results.hrdScore.patient.modifierExtension","dnpm-lm-patient-record.ngsReports.results.hrdScore.patient.modifierExtension","","extensions
user contentmodifiers","",0,*,"","Y","Y","Extension {[]} {[]}
","Extensions that cannot be ignored even if unrecognized","May be used to represent additional information that is not part of the basic definition of the element and that modifies the understanding of the element in which it is contained and/or the understanding of the containing element's descendants. Usually modifier elements provide negation or qualification. To make the use of extensions safe and manageable, there is a strict set of governance applied to the definition and use of extensions. Though any implementer can define an extension, there is a set of requirements that SHALL be met as part of the definition of the extension. Applications processing a resource are required to check for modifier extensions.

Modifier extensions SHALL NOT change the meaning of any elements on Resource or DomainResource (including cannot change the meaning of modifierExtension itself).","There can be no stigma associated with the use of extensions by any application, project, or standard - regardless of the institution or jurisdiction that uses or defines the extensions.  The use of extensions is what allows the FHIR specification to retain a core level of simplicity for everyone.","Modifier extensions allow for extensions that *cannot* be safely ignored to be clearly distinguished from the vast majority of extensions which can be safely ignored.  This promotes interoperability by eliminating the need for implementers to prohibit the presence of extensions. For further information, see the [definition of modifier extensions](http://hl7.org/fhir/R4/extensibility.html#modifierExtension).","","","","","","","",,,,,"",,,,"BackboneElement.modifierExtension",0,*,"","ele-1:All FHIR elements must have a @value or children {hasValue() or (children().count() > id.count())}
ext-1:Must have either extensions or value[x], not both {extension.exists() != value.exists()}"
"dnpm-lm-patient-record.ngsReports.results.hrdScore.patient.type","dnpm-lm-patient-record.ngsReports.results.hrdScore.patient.type","","","",1,1,"","","","string {[]} {[]}
","Reference type","Reference type","","","","","","","","","",,,,,"",,,,"dnpm-lm-patient-record.ngsReports.results.hrdScore.patient.type",1,1,"",""
"dnpm-lm-patient-record.ngsReports.results.hrdScore.specimen","dnpm-lm-patient-record.ngsReports.results.hrdScore.specimen","","","",1,1,"","","","BackboneElement {[]} {[]}
","Specimen reference","Specimen reference","","","","","","","","","",,,,,"",,,,"dnpm-lm-patient-record.ngsReports.results.hrdScore.specimen",1,1,"","ele-1:All FHIR elements must have a @value or children {hasValue() or (children().count() > id.count())}
"
"dnpm-lm-patient-record.ngsReports.results.hrdScore.specimen.id","dnpm-lm-patient-record.ngsReports.results.hrdScore.specimen.id","","","",1,1,"","","","string {[]} {[]}
","Specimen ID","Specimen ID","","","","","","","","","",,,,,"",,,,"Element.id",0,1,"",""
"dnpm-lm-patient-record.ngsReports.results.hrdScore.specimen.extension","dnpm-lm-patient-record.ngsReports.results.hrdScore.specimen.extension","","extensions
user content","",0,*,"","","","Extension {[]} {[]}
","Additional content defined by implementations","May be used to represent additional information that is not part of the basic definition of the element. To make the use of extensions safe and manageable, there is a strict set of governance  applied to the definition and use of extensions. Though any implementer can define an extension, there is a set of requirements that SHALL be met as part of the definition of the extension.","There can be no stigma associated with the use of extensions by any application, project, or standard - regardless of the institution or jurisdiction that uses or defines the extensions.  The use of extensions is what allows the FHIR specification to retain a core level of simplicity for everyone.","","","","","","","","",,,,,"","value:url}
","Extensions are always sliced by (at least) url",,"open","Element.extension",0,*,"","ele-1:All FHIR elements must have a @value or children {hasValue() or (children().count() > id.count())}
ext-1:Must have either extensions or value[x], not both {extension.exists() != value.exists()}"
"dnpm-lm-patient-record.ngsReports.results.hrdScore.specimen.modifierExtension","dnpm-lm-patient-record.ngsReports.results.hrdScore.specimen.modifierExtension","","extensions
user contentmodifiers","",0,*,"","Y","Y","Extension {[]} {[]}
","Extensions that cannot be ignored even if unrecognized","May be used to represent additional information that is not part of the basic definition of the element and that modifies the understanding of the element in which it is contained and/or the understanding of the containing element's descendants. Usually modifier elements provide negation or qualification. To make the use of extensions safe and manageable, there is a strict set of governance applied to the definition and use of extensions. Though any implementer can define an extension, there is a set of requirements that SHALL be met as part of the definition of the extension. Applications processing a resource are required to check for modifier extensions.

Modifier extensions SHALL NOT change the meaning of any elements on Resource or DomainResource (including cannot change the meaning of modifierExtension itself).","There can be no stigma associated with the use of extensions by any application, project, or standard - regardless of the institution or jurisdiction that uses or defines the extensions.  The use of extensions is what allows the FHIR specification to retain a core level of simplicity for everyone.","Modifier extensions allow for extensions that *cannot* be safely ignored to be clearly distinguished from the vast majority of extensions which can be safely ignored.  This promotes interoperability by eliminating the need for implementers to prohibit the presence of extensions. For further information, see the [definition of modifier extensions](http://hl7.org/fhir/R4/extensibility.html#modifierExtension).","","","","","","","",,,,,"",,,,"BackboneElement.modifierExtension",0,*,"","ele-1:All FHIR elements must have a @value or children {hasValue() or (children().count() > id.count())}
ext-1:Must have either extensions or value[x], not both {extension.exists() != value.exists()}"
"dnpm-lm-patient-record.ngsReports.results.hrdScore.specimen.type","dnpm-lm-patient-record.ngsReports.results.hrdScore.specimen.type","","","",1,1,"","","","string {[]} {[]}
","Reference type","Reference type","","","","","","","","","",,,,,"",,,,"dnpm-lm-patient-record.ngsReports.results.hrdScore.specimen.type",1,1,"",""
"dnpm-lm-patient-record.ngsReports.results.hrdScore.value","dnpm-lm-patient-record.ngsReports.results.hrdScore.value","","","",1,1,"","","","decimal {[]} {[]}
","HRD composite score","HRD composite score","","","","","","","","","",,,,,"",,,,"dnpm-lm-patient-record.ngsReports.results.hrdScore.value",1,1,"",""
"dnpm-lm-patient-record.ngsReports.results.hrdScore.components","dnpm-lm-patient-record.ngsReports.results.hrdScore.components","","","",0,1,"","","","BackboneElement {[]} {[]}
","HRD component scores","HRD component scores","","","","","","","","","",,,,,"",,,,"dnpm-lm-patient-record.ngsReports.results.hrdScore.components",0,1,"","ele-1:All FHIR elements must have a @value or children {hasValue() or (children().count() > id.count())}
"
"dnpm-lm-patient-record.ngsReports.results.hrdScore.components.id","dnpm-lm-patient-record.ngsReports.results.hrdScore.components.id","","","",0,1,"","","","string {[]} {[]}
","Unique id for inter-element referencing","Unique id for the element within a resource (for internal references). This may be any string value that does not contain spaces.","","","","","","","","","",,,,,"",,,,"Element.id",0,1,"",""
"dnpm-lm-patient-record.ngsReports.results.hrdScore.components.extension","dnpm-lm-patient-record.ngsReports.results.hrdScore.components.extension","","extensions
user content","",0,*,"","","","Extension {[]} {[]}
","Additional content defined by implementations","May be used to represent additional information that is not part of the basic definition of the element. To make the use of extensions safe and manageable, there is a strict set of governance  applied to the definition and use of extensions. Though any implementer can define an extension, there is a set of requirements that SHALL be met as part of the definition of the extension.","There can be no stigma associated with the use of extensions by any application, project, or standard - regardless of the institution or jurisdiction that uses or defines the extensions.  The use of extensions is what allows the FHIR specification to retain a core level of simplicity for everyone.","","","","","","","","",,,,,"","value:url}
","Extensions are always sliced by (at least) url",,"open","Element.extension",0,*,"","ele-1:All FHIR elements must have a @value or children {hasValue() or (children().count() > id.count())}
ext-1:Must have either extensions or value[x], not both {extension.exists() != value.exists()}"
"dnpm-lm-patient-record.ngsReports.results.hrdScore.components.modifierExtension","dnpm-lm-patient-record.ngsReports.results.hrdScore.components.modifierExtension","","extensions
user contentmodifiers","",0,*,"","Y","Y","Extension {[]} {[]}
","Extensions that cannot be ignored even if unrecognized","May be used to represent additional information that is not part of the basic definition of the element and that modifies the understanding of the element in which it is contained and/or the understanding of the containing element's descendants. Usually modifier elements provide negation or qualification. To make the use of extensions safe and manageable, there is a strict set of governance applied to the definition and use of extensions. Though any implementer can define an extension, there is a set of requirements that SHALL be met as part of the definition of the extension. Applications processing a resource are required to check for modifier extensions.

Modifier extensions SHALL NOT change the meaning of any elements on Resource or DomainResource (including cannot change the meaning of modifierExtension itself).","There can be no stigma associated with the use of extensions by any application, project, or standard - regardless of the institution or jurisdiction that uses or defines the extensions.  The use of extensions is what allows the FHIR specification to retain a core level of simplicity for everyone.","Modifier extensions allow for extensions that *cannot* be safely ignored to be clearly distinguished from the vast majority of extensions which can be safely ignored.  This promotes interoperability by eliminating the need for implementers to prohibit the presence of extensions. For further information, see the [definition of modifier extensions](http://hl7.org/fhir/R4/extensibility.html#modifierExtension).","","","","","","","",,,,,"",,,,"BackboneElement.modifierExtension",0,*,"","ele-1:All FHIR elements must have a @value or children {hasValue() or (children().count() > id.count())}
ext-1:Must have either extensions or value[x], not both {extension.exists() != value.exists()}"
"dnpm-lm-patient-record.ngsReports.results.hrdScore.components.lst","dnpm-lm-patient-record.ngsReports.results.hrdScore.components.lst","","","",0,1,"","","","decimal {[]} {[]}
","LST score","LST score","","","","","","","","","",,,,,"",,,,"dnpm-lm-patient-record.ngsReports.results.hrdScore.components.lst",0,1,"",""
"dnpm-lm-patient-record.ngsReports.results.hrdScore.components.loh","dnpm-lm-patient-record.ngsReports.results.hrdScore.components.loh","","","",0,1,"","","","decimal {[]} {[]}
","LOH score","LOH score","","","","","","","","","",,,,,"",,,,"dnpm-lm-patient-record.ngsReports.results.hrdScore.components.loh",0,1,"",""
"dnpm-lm-patient-record.ngsReports.results.hrdScore.components.tai","dnpm-lm-patient-record.ngsReports.results.hrdScore.components.tai","","","",0,1,"","","","decimal {[]} {[]}
","TAI score","TAI score","","","","","","","","","",,,,,"",,,,"dnpm-lm-patient-record.ngsReports.results.hrdScore.components.tai",0,1,"",""
"dnpm-lm-patient-record.ngsReports.results.hrdScore.interpretation","dnpm-lm-patient-record.ngsReports.results.hrdScore.interpretation","","","",0,1,"","","","BackboneElement {[]} {[]}
","HRD interpretation","HRD interpretation","","","","","","","","","",,,,,"",,,,"dnpm-lm-patient-record.ngsReports.results.hrdScore.interpretation",0,1,"","ele-1:All FHIR elements must have a @value or children {hasValue() or (children().count() > id.count())}
"
"dnpm-lm-patient-record.ngsReports.results.hrdScore.interpretation.id","dnpm-lm-patient-record.ngsReports.results.hrdScore.interpretation.id","","","",0,1,"","","","string {[]} {[]}
","Unique id for inter-element referencing","Unique id for the element within a resource (for internal references). This may be any string value that does not contain spaces.","","","","","","","","","",,,,,"",,,,"Element.id",0,1,"",""
"dnpm-lm-patient-record.ngsReports.results.hrdScore.interpretation.extension","dnpm-lm-patient-record.ngsReports.results.hrdScore.interpretation.extension","","extensions
user content","",0,*,"","","","Extension {[]} {[]}
","Additional content defined by implementations","May be used to represent additional information that is not part of the basic definition of the element. To make the use of extensions safe and manageable, there is a strict set of governance  applied to the definition and use of extensions. Though any implementer can define an extension, there is a set of requirements that SHALL be met as part of the definition of the extension.","There can be no stigma associated with the use of extensions by any application, project, or standard - regardless of the institution or jurisdiction that uses or defines the extensions.  The use of extensions is what allows the FHIR specification to retain a core level of simplicity for everyone.","","","","","","","","",,,,,"","value:url}
","Extensions are always sliced by (at least) url",,"open","Element.extension",0,*,"","ele-1:All FHIR elements must have a @value or children {hasValue() or (children().count() > id.count())}
ext-1:Must have either extensions or value[x], not both {extension.exists() != value.exists()}"
"dnpm-lm-patient-record.ngsReports.results.hrdScore.interpretation.modifierExtension","dnpm-lm-patient-record.ngsReports.results.hrdScore.interpretation.modifierExtension","","extensions
user contentmodifiers","",0,*,"","Y","Y","Extension {[]} {[]}
","Extensions that cannot be ignored even if unrecognized","May be used to represent additional information that is not part of the basic definition of the element and that modifies the understanding of the element in which it is contained and/or the understanding of the containing element's descendants. Usually modifier elements provide negation or qualification. To make the use of extensions safe and manageable, there is a strict set of governance applied to the definition and use of extensions. Though any implementer can define an extension, there is a set of requirements that SHALL be met as part of the definition of the extension. Applications processing a resource are required to check for modifier extensions.

Modifier extensions SHALL NOT change the meaning of any elements on Resource or DomainResource (including cannot change the meaning of modifierExtension itself).","There can be no stigma associated with the use of extensions by any application, project, or standard - regardless of the institution or jurisdiction that uses or defines the extensions.  The use of extensions is what allows the FHIR specification to retain a core level of simplicity for everyone.","Modifier extensions allow for extensions that *cannot* be safely ignored to be clearly distinguished from the vast majority of extensions which can be safely ignored.  This promotes interoperability by eliminating the need for implementers to prohibit the presence of extensions. For further information, see the [definition of modifier extensions](http://hl7.org/fhir/R4/extensibility.html#modifierExtension).","","","","","","","",,,,,"",,,,"BackboneElement.modifierExtension",0,*,"","ele-1:All FHIR elements must have a @value or children {hasValue() or (children().count() > id.count())}
ext-1:Must have either extensions or value[x], not both {extension.exists() != value.exists()}"
"dnpm-lm-patient-record.ngsReports.results.hrdScore.interpretation.code","dnpm-lm-patient-record.ngsReports.results.hrdScore.interpretation.code","","","",1,1,"","","","string {[]} {[]}
","Code (e.g. low)","Code (e.g. low)","","","","","","","","","",,,,,"",,,,"dnpm-lm-patient-record.ngsReports.results.hrdScore.interpretation.code",1,1,"",""
"dnpm-lm-patient-record.ngsReports.results.hrdScore.interpretation.display","dnpm-lm-patient-record.ngsReports.results.hrdScore.interpretation.display","","","",0,1,"","","","string {[]} {[]}
","Display","Display","","","","","","","","","",,,,,"",,,,"dnpm-lm-patient-record.ngsReports.results.hrdScore.interpretation.display",0,1,"",""
"dnpm-lm-patient-record.ngsReports.results.hrdScore.interpretation.system","dnpm-lm-patient-record.ngsReports.results.hrdScore.interpretation.system","","","",1,1,"","","","string {[]} {[]}
","System URI","System URI","","","","","","","","","",,,,,"",,,,"dnpm-lm-patient-record.ngsReports.results.hrdScore.interpretation.system",1,1,"",""
"dnpm-lm-patient-record.ngsReports.results.simpleVariants","dnpm-lm-patient-record.ngsReports.results.simpleVariants","","","",0,*,"","","","BackboneElement {[]} {[]}
","Simple variants (SNV / small indels)","Simple variants (SNV / small indels)","","","","","","","","","",,,,,"",,,,"dnpm-lm-patient-record.ngsReports.results.simpleVariants",0,*,"","ele-1:All FHIR elements must have a @value or children {hasValue() or (children().count() > id.count())}
","MTB: Einfache Variante (Observation)"
"dnpm-lm-patient-record.ngsReports.results.simpleVariants.id","dnpm-lm-patient-record.ngsReports.results.simpleVariants.id","","","",1,1,"","","","string {[]} {[]}
","Variant UUID","Variant UUID","","","","","","","","","",,,,,"",,,,"Element.id",0,1,"",""
"dnpm-lm-patient-record.ngsReports.results.simpleVariants.extension","dnpm-lm-patient-record.ngsReports.results.simpleVariants.extension","","extensions
user content","",0,*,"","","","Extension {[]} {[]}
","Additional content defined by implementations","May be used to represent additional information that is not part of the basic definition of the element. To make the use of extensions safe and manageable, there is a strict set of governance  applied to the definition and use of extensions. Though any implementer can define an extension, there is a set of requirements that SHALL be met as part of the definition of the extension.","There can be no stigma associated with the use of extensions by any application, project, or standard - regardless of the institution or jurisdiction that uses or defines the extensions.  The use of extensions is what allows the FHIR specification to retain a core level of simplicity for everyone.","","","","","","","","",,,,,"","value:url}
","Extensions are always sliced by (at least) url",,"open","Element.extension",0,*,"","ele-1:All FHIR elements must have a @value or children {hasValue() or (children().count() > id.count())}
ext-1:Must have either extensions or value[x], not both {extension.exists() != value.exists()}"
"dnpm-lm-patient-record.ngsReports.results.simpleVariants.modifierExtension","dnpm-lm-patient-record.ngsReports.results.simpleVariants.modifierExtension","","extensions
user contentmodifiers","",0,*,"","Y","Y","Extension {[]} {[]}
","Extensions that cannot be ignored even if unrecognized","May be used to represent additional information that is not part of the basic definition of the element and that modifies the understanding of the element in which it is contained and/or the understanding of the containing element's descendants. Usually modifier elements provide negation or qualification. To make the use of extensions safe and manageable, there is a strict set of governance applied to the definition and use of extensions. Though any implementer can define an extension, there is a set of requirements that SHALL be met as part of the definition of the extension. Applications processing a resource are required to check for modifier extensions.

Modifier extensions SHALL NOT change the meaning of any elements on Resource or DomainResource (including cannot change the meaning of modifierExtension itself).","There can be no stigma associated with the use of extensions by any application, project, or standard - regardless of the institution or jurisdiction that uses or defines the extensions.  The use of extensions is what allows the FHIR specification to retain a core level of simplicity for everyone.","Modifier extensions allow for extensions that *cannot* be safely ignored to be clearly distinguished from the vast majority of extensions which can be safely ignored.  This promotes interoperability by eliminating the need for implementers to prohibit the presence of extensions. For further information, see the [definition of modifier extensions](http://hl7.org/fhir/R4/extensibility.html#modifierExtension).","","","","","","","",,,,,"",,,,"BackboneElement.modifierExtension",0,*,"","ele-1:All FHIR elements must have a @value or children {hasValue() or (children().count() > id.count())}
ext-1:Must have either extensions or value[x], not both {extension.exists() != value.exists()}"
"dnpm-lm-patient-record.ngsReports.results.simpleVariants.patient","dnpm-lm-patient-record.ngsReports.results.simpleVariants.patient","","","",1,1,"","","","BackboneElement {[]} {[]}
","Patient reference","Patient reference","","","","","","","","","",,,,,"",,,,"dnpm-lm-patient-record.ngsReports.results.simpleVariants.patient",1,1,"","ele-1:All FHIR elements must have a @value or children {hasValue() or (children().count() > id.count())}
"
"dnpm-lm-patient-record.ngsReports.results.simpleVariants.patient.id","dnpm-lm-patient-record.ngsReports.results.simpleVariants.patient.id","","","",1,1,"","","","string {[]} {[]}
","Patient ID","Patient ID","","","","","","","","","",,,,,"",,,,"Element.id",0,1,"",""
"dnpm-lm-patient-record.ngsReports.results.simpleVariants.patient.extension","dnpm-lm-patient-record.ngsReports.results.simpleVariants.patient.extension","","extensions
user content","",0,*,"","","","Extension {[]} {[]}
","Additional content defined by implementations","May be used to represent additional information that is not part of the basic definition of the element. To make the use of extensions safe and manageable, there is a strict set of governance  applied to the definition and use of extensions. Though any implementer can define an extension, there is a set of requirements that SHALL be met as part of the definition of the extension.","There can be no stigma associated with the use of extensions by any application, project, or standard - regardless of the institution or jurisdiction that uses or defines the extensions.  The use of extensions is what allows the FHIR specification to retain a core level of simplicity for everyone.","","","","","","","","",,,,,"","value:url}
","Extensions are always sliced by (at least) url",,"open","Element.extension",0,*,"","ele-1:All FHIR elements must have a @value or children {hasValue() or (children().count() > id.count())}
ext-1:Must have either extensions or value[x], not both {extension.exists() != value.exists()}"
"dnpm-lm-patient-record.ngsReports.results.simpleVariants.patient.modifierExtension","dnpm-lm-patient-record.ngsReports.results.simpleVariants.patient.modifierExtension","","extensions
user contentmodifiers","",0,*,"","Y","Y","Extension {[]} {[]}
","Extensions that cannot be ignored even if unrecognized","May be used to represent additional information that is not part of the basic definition of the element and that modifies the understanding of the element in which it is contained and/or the understanding of the containing element's descendants. Usually modifier elements provide negation or qualification. To make the use of extensions safe and manageable, there is a strict set of governance applied to the definition and use of extensions. Though any implementer can define an extension, there is a set of requirements that SHALL be met as part of the definition of the extension. Applications processing a resource are required to check for modifier extensions.

Modifier extensions SHALL NOT change the meaning of any elements on Resource or DomainResource (including cannot change the meaning of modifierExtension itself).","There can be no stigma associated with the use of extensions by any application, project, or standard - regardless of the institution or jurisdiction that uses or defines the extensions.  The use of extensions is what allows the FHIR specification to retain a core level of simplicity for everyone.","Modifier extensions allow for extensions that *cannot* be safely ignored to be clearly distinguished from the vast majority of extensions which can be safely ignored.  This promotes interoperability by eliminating the need for implementers to prohibit the presence of extensions. For further information, see the [definition of modifier extensions](http://hl7.org/fhir/R4/extensibility.html#modifierExtension).","","","","","","","",,,,,"",,,,"BackboneElement.modifierExtension",0,*,"","ele-1:All FHIR elements must have a @value or children {hasValue() or (children().count() > id.count())}
ext-1:Must have either extensions or value[x], not both {extension.exists() != value.exists()}"
"dnpm-lm-patient-record.ngsReports.results.simpleVariants.patient.type","dnpm-lm-patient-record.ngsReports.results.simpleVariants.patient.type","","","",1,1,"","","","string {[]} {[]}
","Reference type","Reference type","","","","","","","","","",,,,,"",,,,"dnpm-lm-patient-record.ngsReports.results.simpleVariants.patient.type",1,1,"",""
"dnpm-lm-patient-record.ngsReports.results.simpleVariants.externalIds","dnpm-lm-patient-record.ngsReports.results.simpleVariants.externalIds","","","",0,*,"","","","BackboneElement {[]} {[]}
","External identifiers (e.g. dbSNP)","External identifiers (e.g. dbSNP)","","","","","","","","","",,,,,"",,,,"dnpm-lm-patient-record.ngsReports.results.simpleVariants.externalIds",0,*,"","ele-1:All FHIR elements must have a @value or children {hasValue() or (children().count() > id.count())}
"
"dnpm-lm-patient-record.ngsReports.results.simpleVariants.externalIds.id","dnpm-lm-patient-record.ngsReports.results.simpleVariants.externalIds.id","","","",0,1,"","","","string {[]} {[]}
","Unique id for inter-element referencing","Unique id for the element within a resource (for internal references). This may be any string value that does not contain spaces.","","","","","","","","","",,,,,"",,,,"Element.id",0,1,"",""
"dnpm-lm-patient-record.ngsReports.results.simpleVariants.externalIds.extension","dnpm-lm-patient-record.ngsReports.results.simpleVariants.externalIds.extension","","extensions
user content","",0,*,"","","","Extension {[]} {[]}
","Additional content defined by implementations","May be used to represent additional information that is not part of the basic definition of the element. To make the use of extensions safe and manageable, there is a strict set of governance  applied to the definition and use of extensions. Though any implementer can define an extension, there is a set of requirements that SHALL be met as part of the definition of the extension.","There can be no stigma associated with the use of extensions by any application, project, or standard - regardless of the institution or jurisdiction that uses or defines the extensions.  The use of extensions is what allows the FHIR specification to retain a core level of simplicity for everyone.","","","","","","","","",,,,,"","value:url}
","Extensions are always sliced by (at least) url",,"open","Element.extension",0,*,"","ele-1:All FHIR elements must have a @value or children {hasValue() or (children().count() > id.count())}
ext-1:Must have either extensions or value[x], not both {extension.exists() != value.exists()}"
"dnpm-lm-patient-record.ngsReports.results.simpleVariants.externalIds.modifierExtension","dnpm-lm-patient-record.ngsReports.results.simpleVariants.externalIds.modifierExtension","","extensions
user contentmodifiers","",0,*,"","Y","Y","Extension {[]} {[]}
","Extensions that cannot be ignored even if unrecognized","May be used to represent additional information that is not part of the basic definition of the element and that modifies the understanding of the element in which it is contained and/or the understanding of the containing element's descendants. Usually modifier elements provide negation or qualification. To make the use of extensions safe and manageable, there is a strict set of governance applied to the definition and use of extensions. Though any implementer can define an extension, there is a set of requirements that SHALL be met as part of the definition of the extension. Applications processing a resource are required to check for modifier extensions.

Modifier extensions SHALL NOT change the meaning of any elements on Resource or DomainResource (including cannot change the meaning of modifierExtension itself).","There can be no stigma associated with the use of extensions by any application, project, or standard - regardless of the institution or jurisdiction that uses or defines the extensions.  The use of extensions is what allows the FHIR specification to retain a core level of simplicity for everyone.","Modifier extensions allow for extensions that *cannot* be safely ignored to be clearly distinguished from the vast majority of extensions which can be safely ignored.  This promotes interoperability by eliminating the need for implementers to prohibit the presence of extensions. For further information, see the [definition of modifier extensions](http://hl7.org/fhir/R4/extensibility.html#modifierExtension).","","","","","","","",,,,,"",,,,"BackboneElement.modifierExtension",0,*,"","ele-1:All FHIR elements must have a @value or children {hasValue() or (children().count() > id.count())}
ext-1:Must have either extensions or value[x], not both {extension.exists() != value.exists()}"
"dnpm-lm-patient-record.ngsReports.results.simpleVariants.externalIds.value","dnpm-lm-patient-record.ngsReports.results.simpleVariants.externalIds.value","","","",1,1,"","","","string {[]} {[]}
","Identifier value","Identifier value","","","","","","","","","",,,,,"",,,,"dnpm-lm-patient-record.ngsReports.results.simpleVariants.externalIds.value",1,1,"",""
"dnpm-lm-patient-record.ngsReports.results.simpleVariants.externalIds.system","dnpm-lm-patient-record.ngsReports.results.simpleVariants.externalIds.system","","","",1,1,"","","","string {[]} {[]}
","Identifier system URI","Identifier system URI","","","","","","","","","",,,,,"",,,,"dnpm-lm-patient-record.ngsReports.results.simpleVariants.externalIds.system",1,1,"",""
"dnpm-lm-patient-record.ngsReports.results.simpleVariants.chromosome","dnpm-lm-patient-record.ngsReports.results.simpleVariants.chromosome","","","",1,1,"","","","string {[]} {[]}
","Chromosome (e.g. chr4)","Chromosome (e.g. chr4)","","","","","","","","","",,,,,"",,,,"dnpm-lm-patient-record.ngsReports.results.simpleVariants.chromosome",1,1,"",""
"dnpm-lm-patient-record.ngsReports.results.simpleVariants.gene","dnpm-lm-patient-record.ngsReports.results.simpleVariants.gene","","","",1,1,"","","","BackboneElement {[]} {[]}
","Affected gene","Affected gene","","","","","","","","","",,,,,"",,,,"dnpm-lm-patient-record.ngsReports.results.simpleVariants.gene",1,1,"","ele-1:All FHIR elements must have a @value or children {hasValue() or (children().count() > id.count())}
"
"dnpm-lm-patient-record.ngsReports.results.simpleVariants.gene.id","dnpm-lm-patient-record.ngsReports.results.simpleVariants.gene.id","","","",0,1,"","","","string {[]} {[]}
","Unique id for inter-element referencing","Unique id for the element within a resource (for internal references). This may be any string value that does not contain spaces.","","","","","","","","","",,,,,"",,,,"Element.id",0,1,"",""
"dnpm-lm-patient-record.ngsReports.results.simpleVariants.gene.extension","dnpm-lm-patient-record.ngsReports.results.simpleVariants.gene.extension","","extensions
user content","",0,*,"","","","Extension {[]} {[]}
","Additional content defined by implementations","May be used to represent additional information that is not part of the basic definition of the element. To make the use of extensions safe and manageable, there is a strict set of governance  applied to the definition and use of extensions. Though any implementer can define an extension, there is a set of requirements that SHALL be met as part of the definition of the extension.","There can be no stigma associated with the use of extensions by any application, project, or standard - regardless of the institution or jurisdiction that uses or defines the extensions.  The use of extensions is what allows the FHIR specification to retain a core level of simplicity for everyone.","","","","","","","","",,,,,"","value:url}
","Extensions are always sliced by (at least) url",,"open","Element.extension",0,*,"","ele-1:All FHIR elements must have a @value or children {hasValue() or (children().count() > id.count())}
ext-1:Must have either extensions or value[x], not both {extension.exists() != value.exists()}"
"dnpm-lm-patient-record.ngsReports.results.simpleVariants.gene.modifierExtension","dnpm-lm-patient-record.ngsReports.results.simpleVariants.gene.modifierExtension","","extensions
user contentmodifiers","",0,*,"","Y","Y","Extension {[]} {[]}
","Extensions that cannot be ignored even if unrecognized","May be used to represent additional information that is not part of the basic definition of the element and that modifies the understanding of the element in which it is contained and/or the understanding of the containing element's descendants. Usually modifier elements provide negation or qualification. To make the use of extensions safe and manageable, there is a strict set of governance applied to the definition and use of extensions. Though any implementer can define an extension, there is a set of requirements that SHALL be met as part of the definition of the extension. Applications processing a resource are required to check for modifier extensions.

Modifier extensions SHALL NOT change the meaning of any elements on Resource or DomainResource (including cannot change the meaning of modifierExtension itself).","There can be no stigma associated with the use of extensions by any application, project, or standard - regardless of the institution or jurisdiction that uses or defines the extensions.  The use of extensions is what allows the FHIR specification to retain a core level of simplicity for everyone.","Modifier extensions allow for extensions that *cannot* be safely ignored to be clearly distinguished from the vast majority of extensions which can be safely ignored.  This promotes interoperability by eliminating the need for implementers to prohibit the presence of extensions. For further information, see the [definition of modifier extensions](http://hl7.org/fhir/R4/extensibility.html#modifierExtension).","","","","","","","",,,,,"",,,,"BackboneElement.modifierExtension",0,*,"","ele-1:All FHIR elements must have a @value or children {hasValue() or (children().count() > id.count())}
ext-1:Must have either extensions or value[x], not both {extension.exists() != value.exists()}"
"dnpm-lm-patient-record.ngsReports.results.simpleVariants.gene.code","dnpm-lm-patient-record.ngsReports.results.simpleVariants.gene.code","","","",1,1,"","","","string {[]} {[]}
","HGNC gene code","HGNC gene code","","","","","","","","","",,,,,"",,,,"dnpm-lm-patient-record.ngsReports.results.simpleVariants.gene.code",1,1,"",""
"dnpm-lm-patient-record.ngsReports.results.simpleVariants.gene.display","dnpm-lm-patient-record.ngsReports.results.simpleVariants.gene.display","","","",0,1,"","","","string {[]} {[]}
","Gene symbol","Gene symbol","","","","","","","","","",,,,,"",,,,"dnpm-lm-patient-record.ngsReports.results.simpleVariants.gene.display",0,1,"",""
"dnpm-lm-patient-record.ngsReports.results.simpleVariants.gene.system","dnpm-lm-patient-record.ngsReports.results.simpleVariants.gene.system","","","",1,1,"","","","string {[]} {[]}
","Gene nomenclature system URI","Gene nomenclature system URI","","","","","","","","","",,,,,"",,,,"dnpm-lm-patient-record.ngsReports.results.simpleVariants.gene.system",1,1,"",""
"dnpm-lm-patient-record.ngsReports.results.simpleVariants.localization","dnpm-lm-patient-record.ngsReports.results.simpleVariants.localization","","","",0,*,"","","","BackboneElement {[]} {[]}
","Variant localization in gene","Variant localization in gene","","","","","","","","","",,,,,"",,,,"dnpm-lm-patient-record.ngsReports.results.simpleVariants.localization",0,*,"","ele-1:All FHIR elements must have a @value or children {hasValue() or (children().count() > id.count())}
"
"dnpm-lm-patient-record.ngsReports.results.simpleVariants.localization.id","dnpm-lm-patient-record.ngsReports.results.simpleVariants.localization.id","","","",0,1,"","","","string {[]} {[]}
","Unique id for inter-element referencing","Unique id for the element within a resource (for internal references). This may be any string value that does not contain spaces.","","","","","","","","","",,,,,"",,,,"Element.id",0,1,"",""
"dnpm-lm-patient-record.ngsReports.results.simpleVariants.localization.extension","dnpm-lm-patient-record.ngsReports.results.simpleVariants.localization.extension","","extensions
user content","",0,*,"","","","Extension {[]} {[]}
","Additional content defined by implementations","May be used to represent additional information that is not part of the basic definition of the element. To make the use of extensions safe and manageable, there is a strict set of governance  applied to the definition and use of extensions. Though any implementer can define an extension, there is a set of requirements that SHALL be met as part of the definition of the extension.","There can be no stigma associated with the use of extensions by any application, project, or standard - regardless of the institution or jurisdiction that uses or defines the extensions.  The use of extensions is what allows the FHIR specification to retain a core level of simplicity for everyone.","","","","","","","","",,,,,"","value:url}
","Extensions are always sliced by (at least) url",,"open","Element.extension",0,*,"","ele-1:All FHIR elements must have a @value or children {hasValue() or (children().count() > id.count())}
ext-1:Must have either extensions or value[x], not both {extension.exists() != value.exists()}"
"dnpm-lm-patient-record.ngsReports.results.simpleVariants.localization.modifierExtension","dnpm-lm-patient-record.ngsReports.results.simpleVariants.localization.modifierExtension","","extensions
user contentmodifiers","",0,*,"","Y","Y","Extension {[]} {[]}
","Extensions that cannot be ignored even if unrecognized","May be used to represent additional information that is not part of the basic definition of the element and that modifies the understanding of the element in which it is contained and/or the understanding of the containing element's descendants. Usually modifier elements provide negation or qualification. To make the use of extensions safe and manageable, there is a strict set of governance applied to the definition and use of extensions. Though any implementer can define an extension, there is a set of requirements that SHALL be met as part of the definition of the extension. Applications processing a resource are required to check for modifier extensions.

Modifier extensions SHALL NOT change the meaning of any elements on Resource or DomainResource (including cannot change the meaning of modifierExtension itself).","There can be no stigma associated with the use of extensions by any application, project, or standard - regardless of the institution or jurisdiction that uses or defines the extensions.  The use of extensions is what allows the FHIR specification to retain a core level of simplicity for everyone.","Modifier extensions allow for extensions that *cannot* be safely ignored to be clearly distinguished from the vast majority of extensions which can be safely ignored.  This promotes interoperability by eliminating the need for implementers to prohibit the presence of extensions. For further information, see the [definition of modifier extensions](http://hl7.org/fhir/R4/extensibility.html#modifierExtension).","","","","","","","",,,,,"",,,,"BackboneElement.modifierExtension",0,*,"","ele-1:All FHIR elements must have a @value or children {hasValue() or (children().count() > id.count())}
ext-1:Must have either extensions or value[x], not both {extension.exists() != value.exists()}"
"dnpm-lm-patient-record.ngsReports.results.simpleVariants.localization.code","dnpm-lm-patient-record.ngsReports.results.simpleVariants.localization.code","","","",1,1,"","","","string {[]} {[]}
","Localization code","Localization code","","","","","","","","","",,,,,"",,,,"dnpm-lm-patient-record.ngsReports.results.simpleVariants.localization.code",1,1,"",""
"dnpm-lm-patient-record.ngsReports.results.simpleVariants.localization.display","dnpm-lm-patient-record.ngsReports.results.simpleVariants.localization.display","","","",0,1,"","","","string {[]} {[]}
","Localization display","Localization display","","","","","","","","","",,,,,"",,,,"dnpm-lm-patient-record.ngsReports.results.simpleVariants.localization.display",0,1,"",""
"dnpm-lm-patient-record.ngsReports.results.simpleVariants.localization.system","dnpm-lm-patient-record.ngsReports.results.simpleVariants.localization.system","","","",1,1,"","","","string {[]} {[]}
","Localization system URI","Localization system URI","","","","","","","","","",,,,,"",,,,"dnpm-lm-patient-record.ngsReports.results.simpleVariants.localization.system",1,1,"",""
"dnpm-lm-patient-record.ngsReports.results.simpleVariants.transcriptId","dnpm-lm-patient-record.ngsReports.results.simpleVariants.transcriptId","","","",0,1,"","","","BackboneElement {[]} {[]}
","Transcript identifier","Transcript identifier","","","","","","","","","",,,,,"",,,,"dnpm-lm-patient-record.ngsReports.results.simpleVariants.transcriptId",0,1,"","ele-1:All FHIR elements must have a @value or children {hasValue() or (children().count() > id.count())}
"
"dnpm-lm-patient-record.ngsReports.results.simpleVariants.transcriptId.id","dnpm-lm-patient-record.ngsReports.results.simpleVariants.transcriptId.id","","","",0,1,"","","","string {[]} {[]}
","Unique id for inter-element referencing","Unique id for the element within a resource (for internal references). This may be any string value that does not contain spaces.","","","","","","","","","",,,,,"",,,,"Element.id",0,1,"",""
"dnpm-lm-patient-record.ngsReports.results.simpleVariants.transcriptId.extension","dnpm-lm-patient-record.ngsReports.results.simpleVariants.transcriptId.extension","","extensions
user content","",0,*,"","","","Extension {[]} {[]}
","Additional content defined by implementations","May be used to represent additional information that is not part of the basic definition of the element. To make the use of extensions safe and manageable, there is a strict set of governance  applied to the definition and use of extensions. Though any implementer can define an extension, there is a set of requirements that SHALL be met as part of the definition of the extension.","There can be no stigma associated with the use of extensions by any application, project, or standard - regardless of the institution or jurisdiction that uses or defines the extensions.  The use of extensions is what allows the FHIR specification to retain a core level of simplicity for everyone.","","","","","","","","",,,,,"","value:url}
","Extensions are always sliced by (at least) url",,"open","Element.extension",0,*,"","ele-1:All FHIR elements must have a @value or children {hasValue() or (children().count() > id.count())}
ext-1:Must have either extensions or value[x], not both {extension.exists() != value.exists()}"
"dnpm-lm-patient-record.ngsReports.results.simpleVariants.transcriptId.modifierExtension","dnpm-lm-patient-record.ngsReports.results.simpleVariants.transcriptId.modifierExtension","","extensions
user contentmodifiers","",0,*,"","Y","Y","Extension {[]} {[]}
","Extensions that cannot be ignored even if unrecognized","May be used to represent additional information that is not part of the basic definition of the element and that modifies the understanding of the element in which it is contained and/or the understanding of the containing element's descendants. Usually modifier elements provide negation or qualification. To make the use of extensions safe and manageable, there is a strict set of governance applied to the definition and use of extensions. Though any implementer can define an extension, there is a set of requirements that SHALL be met as part of the definition of the extension. Applications processing a resource are required to check for modifier extensions.

Modifier extensions SHALL NOT change the meaning of any elements on Resource or DomainResource (including cannot change the meaning of modifierExtension itself).","There can be no stigma associated with the use of extensions by any application, project, or standard - regardless of the institution or jurisdiction that uses or defines the extensions.  The use of extensions is what allows the FHIR specification to retain a core level of simplicity for everyone.","Modifier extensions allow for extensions that *cannot* be safely ignored to be clearly distinguished from the vast majority of extensions which can be safely ignored.  This promotes interoperability by eliminating the need for implementers to prohibit the presence of extensions. For further information, see the [definition of modifier extensions](http://hl7.org/fhir/R4/extensibility.html#modifierExtension).","","","","","","","",,,,,"",,,,"BackboneElement.modifierExtension",0,*,"","ele-1:All FHIR elements must have a @value or children {hasValue() or (children().count() > id.count())}
ext-1:Must have either extensions or value[x], not both {extension.exists() != value.exists()}"
"dnpm-lm-patient-record.ngsReports.results.simpleVariants.transcriptId.value","dnpm-lm-patient-record.ngsReports.results.simpleVariants.transcriptId.value","","","",1,1,"","","","string {[]} {[]}
","Transcript ID (e.g. ENST...)","Transcript ID (e.g. ENST...)","","","","","","","","","",,,,,"",,,,"dnpm-lm-patient-record.ngsReports.results.simpleVariants.transcriptId.value",1,1,"",""
"dnpm-lm-patient-record.ngsReports.results.simpleVariants.transcriptId.system","dnpm-lm-patient-record.ngsReports.results.simpleVariants.transcriptId.system","","","",1,1,"","","","string {[]} {[]}
","Transcript system URI","Transcript system URI","","","","","","","","","",,,,,"",,,,"dnpm-lm-patient-record.ngsReports.results.simpleVariants.transcriptId.system",1,1,"",""
"dnpm-lm-patient-record.ngsReports.results.simpleVariants.exonId","dnpm-lm-patient-record.ngsReports.results.simpleVariants.exonId","","","",0,1,"","","","string {[]} {[]}
","Exon identifier","Exon identifier","","","","","","","","","",,,,,"",,,,"dnpm-lm-patient-record.ngsReports.results.simpleVariants.exonId",0,1,"",""
"dnpm-lm-patient-record.ngsReports.results.simpleVariants.position","dnpm-lm-patient-record.ngsReports.results.simpleVariants.position","","","",0,1,"","","","BackboneElement {[]} {[]}
","Genomic position","Genomic position","","","","","","","","","",,,,,"",,,,"dnpm-lm-patient-record.ngsReports.results.simpleVariants.position",0,1,"","ele-1:All FHIR elements must have a @value or children {hasValue() or (children().count() > id.count())}
"
"dnpm-lm-patient-record.ngsReports.results.simpleVariants.position.id","dnpm-lm-patient-record.ngsReports.results.simpleVariants.position.id","","","",0,1,"","","","string {[]} {[]}
","Unique id for inter-element referencing","Unique id for the element within a resource (for internal references). This may be any string value that does not contain spaces.","","","","","","","","","",,,,,"",,,,"Element.id",0,1,"",""
"dnpm-lm-patient-record.ngsReports.results.simpleVariants.position.extension","dnpm-lm-patient-record.ngsReports.results.simpleVariants.position.extension","","extensions
user content","",0,*,"","","","Extension {[]} {[]}
","Additional content defined by implementations","May be used to represent additional information that is not part of the basic definition of the element. To make the use of extensions safe and manageable, there is a strict set of governance  applied to the definition and use of extensions. Though any implementer can define an extension, there is a set of requirements that SHALL be met as part of the definition of the extension.","There can be no stigma associated with the use of extensions by any application, project, or standard - regardless of the institution or jurisdiction that uses or defines the extensions.  The use of extensions is what allows the FHIR specification to retain a core level of simplicity for everyone.","","","","","","","","",,,,,"","value:url}
","Extensions are always sliced by (at least) url",,"open","Element.extension",0,*,"","ele-1:All FHIR elements must have a @value or children {hasValue() or (children().count() > id.count())}
ext-1:Must have either extensions or value[x], not both {extension.exists() != value.exists()}"
"dnpm-lm-patient-record.ngsReports.results.simpleVariants.position.modifierExtension","dnpm-lm-patient-record.ngsReports.results.simpleVariants.position.modifierExtension","","extensions
user contentmodifiers","",0,*,"","Y","Y","Extension {[]} {[]}
","Extensions that cannot be ignored even if unrecognized","May be used to represent additional information that is not part of the basic definition of the element and that modifies the understanding of the element in which it is contained and/or the understanding of the containing element's descendants. Usually modifier elements provide negation or qualification. To make the use of extensions safe and manageable, there is a strict set of governance applied to the definition and use of extensions. Though any implementer can define an extension, there is a set of requirements that SHALL be met as part of the definition of the extension. Applications processing a resource are required to check for modifier extensions.

Modifier extensions SHALL NOT change the meaning of any elements on Resource or DomainResource (including cannot change the meaning of modifierExtension itself).","There can be no stigma associated with the use of extensions by any application, project, or standard - regardless of the institution or jurisdiction that uses or defines the extensions.  The use of extensions is what allows the FHIR specification to retain a core level of simplicity for everyone.","Modifier extensions allow for extensions that *cannot* be safely ignored to be clearly distinguished from the vast majority of extensions which can be safely ignored.  This promotes interoperability by eliminating the need for implementers to prohibit the presence of extensions. For further information, see the [definition of modifier extensions](http://hl7.org/fhir/R4/extensibility.html#modifierExtension).","","","","","","","",,,,,"",,,,"BackboneElement.modifierExtension",0,*,"","ele-1:All FHIR elements must have a @value or children {hasValue() or (children().count() > id.count())}
ext-1:Must have either extensions or value[x], not both {extension.exists() != value.exists()}"
"dnpm-lm-patient-record.ngsReports.results.simpleVariants.position.start","dnpm-lm-patient-record.ngsReports.results.simpleVariants.position.start","","","",1,1,"","","","integer {[]} {[]}
","Start position","Start position","","","","","","","","","",,,,,"",,,,"dnpm-lm-patient-record.ngsReports.results.simpleVariants.position.start",1,1,"",""
"dnpm-lm-patient-record.ngsReports.results.simpleVariants.position.end","dnpm-lm-patient-record.ngsReports.results.simpleVariants.position.end","","","",0,1,"","","","integer {[]} {[]}
","End position","End position","","","","","","","","","",,,,,"",,,,"dnpm-lm-patient-record.ngsReports.results.simpleVariants.position.end",0,1,"",""
"dnpm-lm-patient-record.ngsReports.results.simpleVariants.altAllele","dnpm-lm-patient-record.ngsReports.results.simpleVariants.altAllele","","","",1,1,"","","","string {[]} {[]}
","Alternate allele","Alternate allele","","","","","","","","","",,,,,"",,,,"dnpm-lm-patient-record.ngsReports.results.simpleVariants.altAllele",1,1,"",""
"dnpm-lm-patient-record.ngsReports.results.simpleVariants.refAllele","dnpm-lm-patient-record.ngsReports.results.simpleVariants.refAllele","","","",1,1,"","","","string {[]} {[]}
","Reference allele","Reference allele","","","","","","","","","",,,,,"",,,,"dnpm-lm-patient-record.ngsReports.results.simpleVariants.refAllele",1,1,"",""
"dnpm-lm-patient-record.ngsReports.results.simpleVariants.dnaChange","dnpm-lm-patient-record.ngsReports.results.simpleVariants.dnaChange","","","",0,1,"","","","string {[]} {[]}
","cDNA change (HGVS)","cDNA change (HGVS)","","","","","","","","","",,,,,"",,,,"dnpm-lm-patient-record.ngsReports.results.simpleVariants.dnaChange",0,1,"",""
"dnpm-lm-patient-record.ngsReports.results.simpleVariants.proteinChange","dnpm-lm-patient-record.ngsReports.results.simpleVariants.proteinChange","","","",0,1,"","","","string {[]} {[]}
","Protein change (HGVS)","Protein change (HGVS)","","","","","","","","","",,,,,"",,,,"dnpm-lm-patient-record.ngsReports.results.simpleVariants.proteinChange",0,1,"",""
"dnpm-lm-patient-record.ngsReports.results.simpleVariants.readDepth","dnpm-lm-patient-record.ngsReports.results.simpleVariants.readDepth","","","",0,1,"","","","integer {[]} {[]}
","Read depth","Read depth","","","","","","","","","",,,,,"",,,,"dnpm-lm-patient-record.ngsReports.results.simpleVariants.readDepth",0,1,"",""
"dnpm-lm-patient-record.ngsReports.results.simpleVariants.allelicFrequency","dnpm-lm-patient-record.ngsReports.results.simpleVariants.allelicFrequency","","","",0,1,"","","","decimal {[]} {[]}
","Allelic frequency","Allelic frequency","","","","","","","","","",,,,,"",,,,"dnpm-lm-patient-record.ngsReports.results.simpleVariants.allelicFrequency",0,1,"",""
"dnpm-lm-patient-record.ngsReports.results.simpleVariants.interpretation","dnpm-lm-patient-record.ngsReports.results.simpleVariants.interpretation","","","",0,1,"","","","BackboneElement {[]} {[]}
","ClinVar interpretation","ClinVar interpretation","","","","","","","","","",,,,,"",,,,"dnpm-lm-patient-record.ngsReports.results.simpleVariants.interpretation",0,1,"","ele-1:All FHIR elements must have a @value or children {hasValue() or (children().count() > id.count())}
"
"dnpm-lm-patient-record.ngsReports.results.simpleVariants.interpretation.id","dnpm-lm-patient-record.ngsReports.results.simpleVariants.interpretation.id","","","",0,1,"","","","string {[]} {[]}
","Unique id for inter-element referencing","Unique id for the element within a resource (for internal references). This may be any string value that does not contain spaces.","","","","","","","","","",,,,,"",,,,"Element.id",0,1,"",""
"dnpm-lm-patient-record.ngsReports.results.simpleVariants.interpretation.extension","dnpm-lm-patient-record.ngsReports.results.simpleVariants.interpretation.extension","","extensions
user content","",0,*,"","","","Extension {[]} {[]}
","Additional content defined by implementations","May be used to represent additional information that is not part of the basic definition of the element. To make the use of extensions safe and manageable, there is a strict set of governance  applied to the definition and use of extensions. Though any implementer can define an extension, there is a set of requirements that SHALL be met as part of the definition of the extension.","There can be no stigma associated with the use of extensions by any application, project, or standard - regardless of the institution or jurisdiction that uses or defines the extensions.  The use of extensions is what allows the FHIR specification to retain a core level of simplicity for everyone.","","","","","","","","",,,,,"","value:url}
","Extensions are always sliced by (at least) url",,"open","Element.extension",0,*,"","ele-1:All FHIR elements must have a @value or children {hasValue() or (children().count() > id.count())}
ext-1:Must have either extensions or value[x], not both {extension.exists() != value.exists()}"
"dnpm-lm-patient-record.ngsReports.results.simpleVariants.interpretation.modifierExtension","dnpm-lm-patient-record.ngsReports.results.simpleVariants.interpretation.modifierExtension","","extensions
user contentmodifiers","",0,*,"","Y","Y","Extension {[]} {[]}
","Extensions that cannot be ignored even if unrecognized","May be used to represent additional information that is not part of the basic definition of the element and that modifies the understanding of the element in which it is contained and/or the understanding of the containing element's descendants. Usually modifier elements provide negation or qualification. To make the use of extensions safe and manageable, there is a strict set of governance applied to the definition and use of extensions. Though any implementer can define an extension, there is a set of requirements that SHALL be met as part of the definition of the extension. Applications processing a resource are required to check for modifier extensions.

Modifier extensions SHALL NOT change the meaning of any elements on Resource or DomainResource (including cannot change the meaning of modifierExtension itself).","There can be no stigma associated with the use of extensions by any application, project, or standard - regardless of the institution or jurisdiction that uses or defines the extensions.  The use of extensions is what allows the FHIR specification to retain a core level of simplicity for everyone.","Modifier extensions allow for extensions that *cannot* be safely ignored to be clearly distinguished from the vast majority of extensions which can be safely ignored.  This promotes interoperability by eliminating the need for implementers to prohibit the presence of extensions. For further information, see the [definition of modifier extensions](http://hl7.org/fhir/R4/extensibility.html#modifierExtension).","","","","","","","",,,,,"",,,,"BackboneElement.modifierExtension",0,*,"","ele-1:All FHIR elements must have a @value or children {hasValue() or (children().count() > id.count())}
ext-1:Must have either extensions or value[x], not both {extension.exists() != value.exists()}"
"dnpm-lm-patient-record.ngsReports.results.simpleVariants.interpretation.code","dnpm-lm-patient-record.ngsReports.results.simpleVariants.interpretation.code","","","",1,1,"","","","string {[]} {[]}
","Interpretation code","Interpretation code","","","","","","","","","",,,,,"",,,,"dnpm-lm-patient-record.ngsReports.results.simpleVariants.interpretation.code",1,1,"",""
"dnpm-lm-patient-record.ngsReports.results.simpleVariants.interpretation.display","dnpm-lm-patient-record.ngsReports.results.simpleVariants.interpretation.display","","","",0,1,"","","","string {[]} {[]}
","Interpretation display","Interpretation display","","","","","","","","","",,,,,"",,,,"dnpm-lm-patient-record.ngsReports.results.simpleVariants.interpretation.display",0,1,"",""
"dnpm-lm-patient-record.ngsReports.results.simpleVariants.interpretation.system","dnpm-lm-patient-record.ngsReports.results.simpleVariants.interpretation.system","","","",1,1,"","","","string {[]} {[]}
","Interpretation system URI","Interpretation system URI","","","","","","","","","",,,,,"",,,,"dnpm-lm-patient-record.ngsReports.results.simpleVariants.interpretation.system",1,1,"",""
"dnpm-lm-patient-record.ngsReports.results.copyNumberVariants","dnpm-lm-patient-record.ngsReports.results.copyNumberVariants","","","",0,*,"","","","BackboneElement {[]} {[]}
","Copy number variants","Copy number variants","","","","","","","","","",,,,,"",,,,"dnpm-lm-patient-record.ngsReports.results.copyNumberVariants",0,*,"","ele-1:All FHIR elements must have a @value or children {hasValue() or (children().count() > id.count())}
","MTB: Copy Number Variante (Observation)"
"dnpm-lm-patient-record.ngsReports.results.copyNumberVariants.id","dnpm-lm-patient-record.ngsReports.results.copyNumberVariants.id","","","",1,1,"","","","string {[]} {[]}
","CNV UUID","CNV UUID","","","","","","","","","",,,,,"",,,,"Element.id",0,1,"",""
"dnpm-lm-patient-record.ngsReports.results.copyNumberVariants.extension","dnpm-lm-patient-record.ngsReports.results.copyNumberVariants.extension","","extensions
user content","",0,*,"","","","Extension {[]} {[]}
","Additional content defined by implementations","May be used to represent additional information that is not part of the basic definition of the element. To make the use of extensions safe and manageable, there is a strict set of governance  applied to the definition and use of extensions. Though any implementer can define an extension, there is a set of requirements that SHALL be met as part of the definition of the extension.","There can be no stigma associated with the use of extensions by any application, project, or standard - regardless of the institution or jurisdiction that uses or defines the extensions.  The use of extensions is what allows the FHIR specification to retain a core level of simplicity for everyone.","","","","","","","","",,,,,"","value:url}
","Extensions are always sliced by (at least) url",,"open","Element.extension",0,*,"","ele-1:All FHIR elements must have a @value or children {hasValue() or (children().count() > id.count())}
ext-1:Must have either extensions or value[x], not both {extension.exists() != value.exists()}"
"dnpm-lm-patient-record.ngsReports.results.copyNumberVariants.modifierExtension","dnpm-lm-patient-record.ngsReports.results.copyNumberVariants.modifierExtension","","extensions
user contentmodifiers","",0,*,"","Y","Y","Extension {[]} {[]}
","Extensions that cannot be ignored even if unrecognized","May be used to represent additional information that is not part of the basic definition of the element and that modifies the understanding of the element in which it is contained and/or the understanding of the containing element's descendants. Usually modifier elements provide negation or qualification. To make the use of extensions safe and manageable, there is a strict set of governance applied to the definition and use of extensions. Though any implementer can define an extension, there is a set of requirements that SHALL be met as part of the definition of the extension. Applications processing a resource are required to check for modifier extensions.

Modifier extensions SHALL NOT change the meaning of any elements on Resource or DomainResource (including cannot change the meaning of modifierExtension itself).","There can be no stigma associated with the use of extensions by any application, project, or standard - regardless of the institution or jurisdiction that uses or defines the extensions.  The use of extensions is what allows the FHIR specification to retain a core level of simplicity for everyone.","Modifier extensions allow for extensions that *cannot* be safely ignored to be clearly distinguished from the vast majority of extensions which can be safely ignored.  This promotes interoperability by eliminating the need for implementers to prohibit the presence of extensions. For further information, see the [definition of modifier extensions](http://hl7.org/fhir/R4/extensibility.html#modifierExtension).","","","","","","","",,,,,"",,,,"BackboneElement.modifierExtension",0,*,"","ele-1:All FHIR elements must have a @value or children {hasValue() or (children().count() > id.count())}
ext-1:Must have either extensions or value[x], not both {extension.exists() != value.exists()}"
"dnpm-lm-patient-record.ngsReports.results.copyNumberVariants.patient","dnpm-lm-patient-record.ngsReports.results.copyNumberVariants.patient","","","",1,1,"","","","BackboneElement {[]} {[]}
","Patient reference","Patient reference","","","","","","","","","",,,,,"",,,,"dnpm-lm-patient-record.ngsReports.results.copyNumberVariants.patient",1,1,"","ele-1:All FHIR elements must have a @value or children {hasValue() or (children().count() > id.count())}
"
"dnpm-lm-patient-record.ngsReports.results.copyNumberVariants.patient.id","dnpm-lm-patient-record.ngsReports.results.copyNumberVariants.patient.id","","","",1,1,"","","","string {[]} {[]}
","Patient ID","Patient ID","","","","","","","","","",,,,,"",,,,"Element.id",0,1,"",""
"dnpm-lm-patient-record.ngsReports.results.copyNumberVariants.patient.extension","dnpm-lm-patient-record.ngsReports.results.copyNumberVariants.patient.extension","","extensions
user content","",0,*,"","","","Extension {[]} {[]}
","Additional content defined by implementations","May be used to represent additional information that is not part of the basic definition of the element. To make the use of extensions safe and manageable, there is a strict set of governance  applied to the definition and use of extensions. Though any implementer can define an extension, there is a set of requirements that SHALL be met as part of the definition of the extension.","There can be no stigma associated with the use of extensions by any application, project, or standard - regardless of the institution or jurisdiction that uses or defines the extensions.  The use of extensions is what allows the FHIR specification to retain a core level of simplicity for everyone.","","","","","","","","",,,,,"","value:url}
","Extensions are always sliced by (at least) url",,"open","Element.extension",0,*,"","ele-1:All FHIR elements must have a @value or children {hasValue() or (children().count() > id.count())}
ext-1:Must have either extensions or value[x], not both {extension.exists() != value.exists()}"
"dnpm-lm-patient-record.ngsReports.results.copyNumberVariants.patient.modifierExtension","dnpm-lm-patient-record.ngsReports.results.copyNumberVariants.patient.modifierExtension","","extensions
user contentmodifiers","",0,*,"","Y","Y","Extension {[]} {[]}
","Extensions that cannot be ignored even if unrecognized","May be used to represent additional information that is not part of the basic definition of the element and that modifies the understanding of the element in which it is contained and/or the understanding of the containing element's descendants. Usually modifier elements provide negation or qualification. To make the use of extensions safe and manageable, there is a strict set of governance applied to the definition and use of extensions. Though any implementer can define an extension, there is a set of requirements that SHALL be met as part of the definition of the extension. Applications processing a resource are required to check for modifier extensions.

Modifier extensions SHALL NOT change the meaning of any elements on Resource or DomainResource (including cannot change the meaning of modifierExtension itself).","There can be no stigma associated with the use of extensions by any application, project, or standard - regardless of the institution or jurisdiction that uses or defines the extensions.  The use of extensions is what allows the FHIR specification to retain a core level of simplicity for everyone.","Modifier extensions allow for extensions that *cannot* be safely ignored to be clearly distinguished from the vast majority of extensions which can be safely ignored.  This promotes interoperability by eliminating the need for implementers to prohibit the presence of extensions. For further information, see the [definition of modifier extensions](http://hl7.org/fhir/R4/extensibility.html#modifierExtension).","","","","","","","",,,,,"",,,,"BackboneElement.modifierExtension",0,*,"","ele-1:All FHIR elements must have a @value or children {hasValue() or (children().count() > id.count())}
ext-1:Must have either extensions or value[x], not both {extension.exists() != value.exists()}"
"dnpm-lm-patient-record.ngsReports.results.copyNumberVariants.patient.type","dnpm-lm-patient-record.ngsReports.results.copyNumberVariants.patient.type","","","",1,1,"","","","string {[]} {[]}
","Reference type","Reference type","","","","","","","","","",,,,,"",,,,"dnpm-lm-patient-record.ngsReports.results.copyNumberVariants.patient.type",1,1,"",""
"dnpm-lm-patient-record.ngsReports.results.copyNumberVariants.chromosome","dnpm-lm-patient-record.ngsReports.results.copyNumberVariants.chromosome","","","",1,1,"","","","string {[]} {[]}
","Chromosome (e.g. chr7)","Chromosome (e.g. chr7)","","","","","","","","","",,,,,"",,,,"dnpm-lm-patient-record.ngsReports.results.copyNumberVariants.chromosome",1,1,"",""
"dnpm-lm-patient-record.ngsReports.results.copyNumberVariants.localization","dnpm-lm-patient-record.ngsReports.results.copyNumberVariants.localization","","","",0,*,"","","","BackboneElement {[]} {[]}
","CNV localization","CNV localization","","","","","","","","","",,,,,"",,,,"dnpm-lm-patient-record.ngsReports.results.copyNumberVariants.localization",0,*,"","ele-1:All FHIR elements must have a @value or children {hasValue() or (children().count() > id.count())}
"
"dnpm-lm-patient-record.ngsReports.results.copyNumberVariants.localization.id","dnpm-lm-patient-record.ngsReports.results.copyNumberVariants.localization.id","","","",0,1,"","","","string {[]} {[]}
","Unique id for inter-element referencing","Unique id for the element within a resource (for internal references). This may be any string value that does not contain spaces.","","","","","","","","","",,,,,"",,,,"Element.id",0,1,"",""
"dnpm-lm-patient-record.ngsReports.results.copyNumberVariants.localization.extension","dnpm-lm-patient-record.ngsReports.results.copyNumberVariants.localization.extension","","extensions
user content","",0,*,"","","","Extension {[]} {[]}
","Additional content defined by implementations","May be used to represent additional information that is not part of the basic definition of the element. To make the use of extensions safe and manageable, there is a strict set of governance  applied to the definition and use of extensions. Though any implementer can define an extension, there is a set of requirements that SHALL be met as part of the definition of the extension.","There can be no stigma associated with the use of extensions by any application, project, or standard - regardless of the institution or jurisdiction that uses or defines the extensions.  The use of extensions is what allows the FHIR specification to retain a core level of simplicity for everyone.","","","","","","","","",,,,,"","value:url}
","Extensions are always sliced by (at least) url",,"open","Element.extension",0,*,"","ele-1:All FHIR elements must have a @value or children {hasValue() or (children().count() > id.count())}
ext-1:Must have either extensions or value[x], not both {extension.exists() != value.exists()}"
"dnpm-lm-patient-record.ngsReports.results.copyNumberVariants.localization.modifierExtension","dnpm-lm-patient-record.ngsReports.results.copyNumberVariants.localization.modifierExtension","","extensions
user contentmodifiers","",0,*,"","Y","Y","Extension {[]} {[]}
","Extensions that cannot be ignored even if unrecognized","May be used to represent additional information that is not part of the basic definition of the element and that modifies the understanding of the element in which it is contained and/or the understanding of the containing element's descendants. Usually modifier elements provide negation or qualification. To make the use of extensions safe and manageable, there is a strict set of governance applied to the definition and use of extensions. Though any implementer can define an extension, there is a set of requirements that SHALL be met as part of the definition of the extension. Applications processing a resource are required to check for modifier extensions.

Modifier extensions SHALL NOT change the meaning of any elements on Resource or DomainResource (including cannot change the meaning of modifierExtension itself).","There can be no stigma associated with the use of extensions by any application, project, or standard - regardless of the institution or jurisdiction that uses or defines the extensions.  The use of extensions is what allows the FHIR specification to retain a core level of simplicity for everyone.","Modifier extensions allow for extensions that *cannot* be safely ignored to be clearly distinguished from the vast majority of extensions which can be safely ignored.  This promotes interoperability by eliminating the need for implementers to prohibit the presence of extensions. For further information, see the [definition of modifier extensions](http://hl7.org/fhir/R4/extensibility.html#modifierExtension).","","","","","","","",,,,,"",,,,"BackboneElement.modifierExtension",0,*,"","ele-1:All FHIR elements must have a @value or children {hasValue() or (children().count() > id.count())}
ext-1:Must have either extensions or value[x], not both {extension.exists() != value.exists()}"
"dnpm-lm-patient-record.ngsReports.results.copyNumberVariants.localization.code","dnpm-lm-patient-record.ngsReports.results.copyNumberVariants.localization.code","","","",1,1,"","","","string {[]} {[]}
","Localization code","Localization code","","","","","","","","","",,,,,"",,,,"dnpm-lm-patient-record.ngsReports.results.copyNumberVariants.localization.code",1,1,"",""
"dnpm-lm-patient-record.ngsReports.results.copyNumberVariants.localization.display","dnpm-lm-patient-record.ngsReports.results.copyNumberVariants.localization.display","","","",0,1,"","","","string {[]} {[]}
","Localization display","Localization display","","","","","","","","","",,,,,"",,,,"dnpm-lm-patient-record.ngsReports.results.copyNumberVariants.localization.display",0,1,"",""
"dnpm-lm-patient-record.ngsReports.results.copyNumberVariants.localization.system","dnpm-lm-patient-record.ngsReports.results.copyNumberVariants.localization.system","","","",1,1,"","","","string {[]} {[]}
","Localization system URI","Localization system URI","","","","","","","","","",,,,,"",,,,"dnpm-lm-patient-record.ngsReports.results.copyNumberVariants.localization.system",1,1,"",""
"dnpm-lm-patient-record.ngsReports.results.copyNumberVariants.startRange","dnpm-lm-patient-record.ngsReports.results.copyNumberVariants.startRange","","","",0,1,"","","","BackboneElement {[]} {[]}
","Start position range","Start position range","","","","","","","","","",,,,,"",,,,"dnpm-lm-patient-record.ngsReports.results.copyNumberVariants.startRange",0,1,"","ele-1:All FHIR elements must have a @value or children {hasValue() or (children().count() > id.count())}
"
"dnpm-lm-patient-record.ngsReports.results.copyNumberVariants.startRange.id","dnpm-lm-patient-record.ngsReports.results.copyNumberVariants.startRange.id","","","",0,1,"","","","string {[]} {[]}
","Unique id for inter-element referencing","Unique id for the element within a resource (for internal references). This may be any string value that does not contain spaces.","","","","","","","","","",,,,,"",,,,"Element.id",0,1,"",""
"dnpm-lm-patient-record.ngsReports.results.copyNumberVariants.startRange.extension","dnpm-lm-patient-record.ngsReports.results.copyNumberVariants.startRange.extension","","extensions
user content","",0,*,"","","","Extension {[]} {[]}
","Additional content defined by implementations","May be used to represent additional information that is not part of the basic definition of the element. To make the use of extensions safe and manageable, there is a strict set of governance  applied to the definition and use of extensions. Though any implementer can define an extension, there is a set of requirements that SHALL be met as part of the definition of the extension.","There can be no stigma associated with the use of extensions by any application, project, or standard - regardless of the institution or jurisdiction that uses or defines the extensions.  The use of extensions is what allows the FHIR specification to retain a core level of simplicity for everyone.","","","","","","","","",,,,,"","value:url}
","Extensions are always sliced by (at least) url",,"open","Element.extension",0,*,"","ele-1:All FHIR elements must have a @value or children {hasValue() or (children().count() > id.count())}
ext-1:Must have either extensions or value[x], not both {extension.exists() != value.exists()}"
"dnpm-lm-patient-record.ngsReports.results.copyNumberVariants.startRange.modifierExtension","dnpm-lm-patient-record.ngsReports.results.copyNumberVariants.startRange.modifierExtension","","extensions
user contentmodifiers","",0,*,"","Y","Y","Extension {[]} {[]}
","Extensions that cannot be ignored even if unrecognized","May be used to represent additional information that is not part of the basic definition of the element and that modifies the understanding of the element in which it is contained and/or the understanding of the containing element's descendants. Usually modifier elements provide negation or qualification. To make the use of extensions safe and manageable, there is a strict set of governance applied to the definition and use of extensions. Though any implementer can define an extension, there is a set of requirements that SHALL be met as part of the definition of the extension. Applications processing a resource are required to check for modifier extensions.

Modifier extensions SHALL NOT change the meaning of any elements on Resource or DomainResource (including cannot change the meaning of modifierExtension itself).","There can be no stigma associated with the use of extensions by any application, project, or standard - regardless of the institution or jurisdiction that uses or defines the extensions.  The use of extensions is what allows the FHIR specification to retain a core level of simplicity for everyone.","Modifier extensions allow for extensions that *cannot* be safely ignored to be clearly distinguished from the vast majority of extensions which can be safely ignored.  This promotes interoperability by eliminating the need for implementers to prohibit the presence of extensions. For further information, see the [definition of modifier extensions](http://hl7.org/fhir/R4/extensibility.html#modifierExtension).","","","","","","","",,,,,"",,,,"BackboneElement.modifierExtension",0,*,"","ele-1:All FHIR elements must have a @value or children {hasValue() or (children().count() > id.count())}
ext-1:Must have either extensions or value[x], not both {extension.exists() != value.exists()}"
"dnpm-lm-patient-record.ngsReports.results.copyNumberVariants.startRange.start","dnpm-lm-patient-record.ngsReports.results.copyNumberVariants.startRange.start","","","",1,1,"","","","integer {[]} {[]}
","Range start","Range start","","","","","","","","","",,,,,"",,,,"dnpm-lm-patient-record.ngsReports.results.copyNumberVariants.startRange.start",1,1,"",""
"dnpm-lm-patient-record.ngsReports.results.copyNumberVariants.startRange.end","dnpm-lm-patient-record.ngsReports.results.copyNumberVariants.startRange.end","","","",1,1,"","","","integer {[]} {[]}
","Range end","Range end","","","","","","","","","",,,,,"",,,,"dnpm-lm-patient-record.ngsReports.results.copyNumberVariants.startRange.end",1,1,"",""
"dnpm-lm-patient-record.ngsReports.results.copyNumberVariants.endRange","dnpm-lm-patient-record.ngsReports.results.copyNumberVariants.endRange","","","",0,1,"","","","BackboneElement {[]} {[]}
","End position range","End position range","","","","","","","","","",,,,,"",,,,"dnpm-lm-patient-record.ngsReports.results.copyNumberVariants.endRange",0,1,"","ele-1:All FHIR elements must have a @value or children {hasValue() or (children().count() > id.count())}
"
"dnpm-lm-patient-record.ngsReports.results.copyNumberVariants.endRange.id","dnpm-lm-patient-record.ngsReports.results.copyNumberVariants.endRange.id","","","",0,1,"","","","string {[]} {[]}
","Unique id for inter-element referencing","Unique id for the element within a resource (for internal references). This may be any string value that does not contain spaces.","","","","","","","","","",,,,,"",,,,"Element.id",0,1,"",""
"dnpm-lm-patient-record.ngsReports.results.copyNumberVariants.endRange.extension","dnpm-lm-patient-record.ngsReports.results.copyNumberVariants.endRange.extension","","extensions
user content","",0,*,"","","","Extension {[]} {[]}
","Additional content defined by implementations","May be used to represent additional information that is not part of the basic definition of the element. To make the use of extensions safe and manageable, there is a strict set of governance  applied to the definition and use of extensions. Though any implementer can define an extension, there is a set of requirements that SHALL be met as part of the definition of the extension.","There can be no stigma associated with the use of extensions by any application, project, or standard - regardless of the institution or jurisdiction that uses or defines the extensions.  The use of extensions is what allows the FHIR specification to retain a core level of simplicity for everyone.","","","","","","","","",,,,,"","value:url}
","Extensions are always sliced by (at least) url",,"open","Element.extension",0,*,"","ele-1:All FHIR elements must have a @value or children {hasValue() or (children().count() > id.count())}
ext-1:Must have either extensions or value[x], not both {extension.exists() != value.exists()}"
"dnpm-lm-patient-record.ngsReports.results.copyNumberVariants.endRange.modifierExtension","dnpm-lm-patient-record.ngsReports.results.copyNumberVariants.endRange.modifierExtension","","extensions
user contentmodifiers","",0,*,"","Y","Y","Extension {[]} {[]}
","Extensions that cannot be ignored even if unrecognized","May be used to represent additional information that is not part of the basic definition of the element and that modifies the understanding of the element in which it is contained and/or the understanding of the containing element's descendants. Usually modifier elements provide negation or qualification. To make the use of extensions safe and manageable, there is a strict set of governance applied to the definition and use of extensions. Though any implementer can define an extension, there is a set of requirements that SHALL be met as part of the definition of the extension. Applications processing a resource are required to check for modifier extensions.

Modifier extensions SHALL NOT change the meaning of any elements on Resource or DomainResource (including cannot change the meaning of modifierExtension itself).","There can be no stigma associated with the use of extensions by any application, project, or standard - regardless of the institution or jurisdiction that uses or defines the extensions.  The use of extensions is what allows the FHIR specification to retain a core level of simplicity for everyone.","Modifier extensions allow for extensions that *cannot* be safely ignored to be clearly distinguished from the vast majority of extensions which can be safely ignored.  This promotes interoperability by eliminating the need for implementers to prohibit the presence of extensions. For further information, see the [definition of modifier extensions](http://hl7.org/fhir/R4/extensibility.html#modifierExtension).","","","","","","","",,,,,"",,,,"BackboneElement.modifierExtension",0,*,"","ele-1:All FHIR elements must have a @value or children {hasValue() or (children().count() > id.count())}
ext-1:Must have either extensions or value[x], not both {extension.exists() != value.exists()}"
"dnpm-lm-patient-record.ngsReports.results.copyNumberVariants.endRange.start","dnpm-lm-patient-record.ngsReports.results.copyNumberVariants.endRange.start","","","",1,1,"","","","integer {[]} {[]}
","Range start","Range start","","","","","","","","","",,,,,"",,,,"dnpm-lm-patient-record.ngsReports.results.copyNumberVariants.endRange.start",1,1,"",""
"dnpm-lm-patient-record.ngsReports.results.copyNumberVariants.endRange.end","dnpm-lm-patient-record.ngsReports.results.copyNumberVariants.endRange.end","","","",1,1,"","","","integer {[]} {[]}
","Range end","Range end","","","","","","","","","",,,,,"",,,,"dnpm-lm-patient-record.ngsReports.results.copyNumberVariants.endRange.end",1,1,"",""
"dnpm-lm-patient-record.ngsReports.results.copyNumberVariants.totalCopyNumber","dnpm-lm-patient-record.ngsReports.results.copyNumberVariants.totalCopyNumber","","","",0,1,"","","","integer {[]} {[]}
","Total copy number","Total copy number","","","","","","","","","",,,,,"",,,,"dnpm-lm-patient-record.ngsReports.results.copyNumberVariants.totalCopyNumber",0,1,"",""
"dnpm-lm-patient-record.ngsReports.results.copyNumberVariants.relativeCopyNumber","dnpm-lm-patient-record.ngsReports.results.copyNumberVariants.relativeCopyNumber","","","",0,1,"","","","decimal {[]} {[]}
","Relative copy number","Relative copy number","","","","","","","","","",,,,,"",,,,"dnpm-lm-patient-record.ngsReports.results.copyNumberVariants.relativeCopyNumber",0,1,"",""
"dnpm-lm-patient-record.ngsReports.results.copyNumberVariants.cnA","dnpm-lm-patient-record.ngsReports.results.copyNumberVariants.cnA","","","",0,1,"","","","integer {[]} {[]}
","Copy number allele A","Copy number allele A","","","","","","","","","",,,,,"",,,,"dnpm-lm-patient-record.ngsReports.results.copyNumberVariants.cnA",0,1,"",""
"dnpm-lm-patient-record.ngsReports.results.copyNumberVariants.cnB","dnpm-lm-patient-record.ngsReports.results.copyNumberVariants.cnB","","","",0,1,"","","","integer {[]} {[]}
","Copy number allele B","Copy number allele B","","","","","","","","","",,,,,"",,,,"dnpm-lm-patient-record.ngsReports.results.copyNumberVariants.cnB",0,1,"",""
"dnpm-lm-patient-record.ngsReports.results.copyNumberVariants.reportedAffectedGenes","dnpm-lm-patient-record.ngsReports.results.copyNumberVariants.reportedAffectedGenes","","","",0,*,"","","","BackboneElement {[]} {[]}
","Affected genes","Affected genes","","","","","","","","","",,,,,"",,,,"dnpm-lm-patient-record.ngsReports.results.copyNumberVariants.reportedAffectedGenes",0,*,"","ele-1:All FHIR elements must have a @value or children {hasValue() or (children().count() > id.count())}
"
"dnpm-lm-patient-record.ngsReports.results.copyNumberVariants.reportedAffectedGenes.id","dnpm-lm-patient-record.ngsReports.results.copyNumberVariants.reportedAffectedGenes.id","","","",0,1,"","","","string {[]} {[]}
","Unique id for inter-element referencing","Unique id for the element within a resource (for internal references). This may be any string value that does not contain spaces.","","","","","","","","","",,,,,"",,,,"Element.id",0,1,"",""
"dnpm-lm-patient-record.ngsReports.results.copyNumberVariants.reportedAffectedGenes.extension","dnpm-lm-patient-record.ngsReports.results.copyNumberVariants.reportedAffectedGenes.extension","","extensions
user content","",0,*,"","","","Extension {[]} {[]}
","Additional content defined by implementations","May be used to represent additional information that is not part of the basic definition of the element. To make the use of extensions safe and manageable, there is a strict set of governance  applied to the definition and use of extensions. Though any implementer can define an extension, there is a set of requirements that SHALL be met as part of the definition of the extension.","There can be no stigma associated with the use of extensions by any application, project, or standard - regardless of the institution or jurisdiction that uses or defines the extensions.  The use of extensions is what allows the FHIR specification to retain a core level of simplicity for everyone.","","","","","","","","",,,,,"","value:url}
","Extensions are always sliced by (at least) url",,"open","Element.extension",0,*,"","ele-1:All FHIR elements must have a @value or children {hasValue() or (children().count() > id.count())}
ext-1:Must have either extensions or value[x], not both {extension.exists() != value.exists()}"
"dnpm-lm-patient-record.ngsReports.results.copyNumberVariants.reportedAffectedGenes.modifierExtension","dnpm-lm-patient-record.ngsReports.results.copyNumberVariants.reportedAffectedGenes.modifierExtension","","extensions
user contentmodifiers","",0,*,"","Y","Y","Extension {[]} {[]}
","Extensions that cannot be ignored even if unrecognized","May be used to represent additional information that is not part of the basic definition of the element and that modifies the understanding of the element in which it is contained and/or the understanding of the containing element's descendants. Usually modifier elements provide negation or qualification. To make the use of extensions safe and manageable, there is a strict set of governance applied to the definition and use of extensions. Though any implementer can define an extension, there is a set of requirements that SHALL be met as part of the definition of the extension. Applications processing a resource are required to check for modifier extensions.

Modifier extensions SHALL NOT change the meaning of any elements on Resource or DomainResource (including cannot change the meaning of modifierExtension itself).","There can be no stigma associated with the use of extensions by any application, project, or standard - regardless of the institution or jurisdiction that uses or defines the extensions.  The use of extensions is what allows the FHIR specification to retain a core level of simplicity for everyone.","Modifier extensions allow for extensions that *cannot* be safely ignored to be clearly distinguished from the vast majority of extensions which can be safely ignored.  This promotes interoperability by eliminating the need for implementers to prohibit the presence of extensions. For further information, see the [definition of modifier extensions](http://hl7.org/fhir/R4/extensibility.html#modifierExtension).","","","","","","","",,,,,"",,,,"BackboneElement.modifierExtension",0,*,"","ele-1:All FHIR elements must have a @value or children {hasValue() or (children().count() > id.count())}
ext-1:Must have either extensions or value[x], not both {extension.exists() != value.exists()}"
"dnpm-lm-patient-record.ngsReports.results.copyNumberVariants.reportedAffectedGenes.code","dnpm-lm-patient-record.ngsReports.results.copyNumberVariants.reportedAffectedGenes.code","","","",1,1,"","","","string {[]} {[]}
","HGNC gene code","HGNC gene code","","","","","","","","","",,,,,"",,,,"dnpm-lm-patient-record.ngsReports.results.copyNumberVariants.reportedAffectedGenes.code",1,1,"",""
"dnpm-lm-patient-record.ngsReports.results.copyNumberVariants.reportedAffectedGenes.display","dnpm-lm-patient-record.ngsReports.results.copyNumberVariants.reportedAffectedGenes.display","","","",0,1,"","","","string {[]} {[]}
","Gene symbol","Gene symbol","","","","","","","","","",,,,,"",,,,"dnpm-lm-patient-record.ngsReports.results.copyNumberVariants.reportedAffectedGenes.display",0,1,"",""
"dnpm-lm-patient-record.ngsReports.results.copyNumberVariants.reportedAffectedGenes.system","dnpm-lm-patient-record.ngsReports.results.copyNumberVariants.reportedAffectedGenes.system","","","",1,1,"","","","string {[]} {[]}
","Gene nomenclature system URI","Gene nomenclature system URI","","","","","","","","","",,,,,"",,,,"dnpm-lm-patient-record.ngsReports.results.copyNumberVariants.reportedAffectedGenes.system",1,1,"",""
"dnpm-lm-patient-record.ngsReports.results.copyNumberVariants.focality","dnpm-lm-patient-record.ngsReports.results.copyNumberVariants.focality","","","",0,1,"","","","BackboneElement {[]} {[]}
","CNV focality","CNV focality","","","","","","","","","",,,,,"",,,,"dnpm-lm-patient-record.ngsReports.results.copyNumberVariants.focality",0,1,"","ele-1:All FHIR elements must have a @value or children {hasValue() or (children().count() > id.count())}
"
"dnpm-lm-patient-record.ngsReports.results.copyNumberVariants.focality.id","dnpm-lm-patient-record.ngsReports.results.copyNumberVariants.focality.id","","","",0,1,"","","","string {[]} {[]}
","Unique id for inter-element referencing","Unique id for the element within a resource (for internal references). This may be any string value that does not contain spaces.","","","","","","","","","",,,,,"",,,,"Element.id",0,1,"",""
"dnpm-lm-patient-record.ngsReports.results.copyNumberVariants.focality.extension","dnpm-lm-patient-record.ngsReports.results.copyNumberVariants.focality.extension","","extensions
user content","",0,*,"","","","Extension {[]} {[]}
","Additional content defined by implementations","May be used to represent additional information that is not part of the basic definition of the element. To make the use of extensions safe and manageable, there is a strict set of governance  applied to the definition and use of extensions. Though any implementer can define an extension, there is a set of requirements that SHALL be met as part of the definition of the extension.","There can be no stigma associated with the use of extensions by any application, project, or standard - regardless of the institution or jurisdiction that uses or defines the extensions.  The use of extensions is what allows the FHIR specification to retain a core level of simplicity for everyone.","","","","","","","","",,,,,"","value:url}
","Extensions are always sliced by (at least) url",,"open","Element.extension",0,*,"","ele-1:All FHIR elements must have a @value or children {hasValue() or (children().count() > id.count())}
ext-1:Must have either extensions or value[x], not both {extension.exists() != value.exists()}"
"dnpm-lm-patient-record.ngsReports.results.copyNumberVariants.focality.modifierExtension","dnpm-lm-patient-record.ngsReports.results.copyNumberVariants.focality.modifierExtension","","extensions
user contentmodifiers","",0,*,"","Y","Y","Extension {[]} {[]}
","Extensions that cannot be ignored even if unrecognized","May be used to represent additional information that is not part of the basic definition of the element and that modifies the understanding of the element in which it is contained and/or the understanding of the containing element's descendants. Usually modifier elements provide negation or qualification. To make the use of extensions safe and manageable, there is a strict set of governance applied to the definition and use of extensions. Though any implementer can define an extension, there is a set of requirements that SHALL be met as part of the definition of the extension. Applications processing a resource are required to check for modifier extensions.

Modifier extensions SHALL NOT change the meaning of any elements on Resource or DomainResource (including cannot change the meaning of modifierExtension itself).","There can be no stigma associated with the use of extensions by any application, project, or standard - regardless of the institution or jurisdiction that uses or defines the extensions.  The use of extensions is what allows the FHIR specification to retain a core level of simplicity for everyone.","Modifier extensions allow for extensions that *cannot* be safely ignored to be clearly distinguished from the vast majority of extensions which can be safely ignored.  This promotes interoperability by eliminating the need for implementers to prohibit the presence of extensions. For further information, see the [definition of modifier extensions](http://hl7.org/fhir/R4/extensibility.html#modifierExtension).","","","","","","","",,,,,"",,,,"BackboneElement.modifierExtension",0,*,"","ele-1:All FHIR elements must have a @value or children {hasValue() or (children().count() > id.count())}
ext-1:Must have either extensions or value[x], not both {extension.exists() != value.exists()}"
"dnpm-lm-patient-record.ngsReports.results.copyNumberVariants.focality.code","dnpm-lm-patient-record.ngsReports.results.copyNumberVariants.focality.code","","","",1,1,"","","","string {[]} {[]}
","Focality code (e.g. focal)","Focality code (e.g. focal)","","","","","","","","","",,,,,"",,,,"dnpm-lm-patient-record.ngsReports.results.copyNumberVariants.focality.code",1,1,"",""
"dnpm-lm-patient-record.ngsReports.results.copyNumberVariants.focality.display","dnpm-lm-patient-record.ngsReports.results.copyNumberVariants.focality.display","","","",0,1,"","","","string {[]} {[]}
","Focality display","Focality display","","","","","","","","","",,,,,"",,,,"dnpm-lm-patient-record.ngsReports.results.copyNumberVariants.focality.display",0,1,"",""
"dnpm-lm-patient-record.ngsReports.results.copyNumberVariants.focality.system","dnpm-lm-patient-record.ngsReports.results.copyNumberVariants.focality.system","","","",1,1,"","","","string {[]} {[]}
","Focality system URI","Focality system URI","","","","","","","","","",,,,,"",,,,"dnpm-lm-patient-record.ngsReports.results.copyNumberVariants.focality.system",1,1,"",""
"dnpm-lm-patient-record.ngsReports.results.copyNumberVariants.type","dnpm-lm-patient-record.ngsReports.results.copyNumberVariants.type","","","",1,1,"","","","BackboneElement {[]} {[]}
","CNV type","CNV type","","","","","","","","","",,,,,"",,,,"dnpm-lm-patient-record.ngsReports.results.copyNumberVariants.type",1,1,"","ele-1:All FHIR elements must have a @value or children {hasValue() or (children().count() > id.count())}
"
"dnpm-lm-patient-record.ngsReports.results.copyNumberVariants.type.id","dnpm-lm-patient-record.ngsReports.results.copyNumberVariants.type.id","","","",0,1,"","","","string {[]} {[]}
","Unique id for inter-element referencing","Unique id for the element within a resource (for internal references). This may be any string value that does not contain spaces.","","","","","","","","","",,,,,"",,,,"Element.id",0,1,"",""
"dnpm-lm-patient-record.ngsReports.results.copyNumberVariants.type.extension","dnpm-lm-patient-record.ngsReports.results.copyNumberVariants.type.extension","","extensions
user content","",0,*,"","","","Extension {[]} {[]}
","Additional content defined by implementations","May be used to represent additional information that is not part of the basic definition of the element. To make the use of extensions safe and manageable, there is a strict set of governance  applied to the definition and use of extensions. Though any implementer can define an extension, there is a set of requirements that SHALL be met as part of the definition of the extension.","There can be no stigma associated with the use of extensions by any application, project, or standard - regardless of the institution or jurisdiction that uses or defines the extensions.  The use of extensions is what allows the FHIR specification to retain a core level of simplicity for everyone.","","","","","","","","",,,,,"","value:url}
","Extensions are always sliced by (at least) url",,"open","Element.extension",0,*,"","ele-1:All FHIR elements must have a @value or children {hasValue() or (children().count() > id.count())}
ext-1:Must have either extensions or value[x], not both {extension.exists() != value.exists()}"
"dnpm-lm-patient-record.ngsReports.results.copyNumberVariants.type.modifierExtension","dnpm-lm-patient-record.ngsReports.results.copyNumberVariants.type.modifierExtension","","extensions
user contentmodifiers","",0,*,"","Y","Y","Extension {[]} {[]}
","Extensions that cannot be ignored even if unrecognized","May be used to represent additional information that is not part of the basic definition of the element and that modifies the understanding of the element in which it is contained and/or the understanding of the containing element's descendants. Usually modifier elements provide negation or qualification. To make the use of extensions safe and manageable, there is a strict set of governance applied to the definition and use of extensions. Though any implementer can define an extension, there is a set of requirements that SHALL be met as part of the definition of the extension. Applications processing a resource are required to check for modifier extensions.

Modifier extensions SHALL NOT change the meaning of any elements on Resource or DomainResource (including cannot change the meaning of modifierExtension itself).","There can be no stigma associated with the use of extensions by any application, project, or standard - regardless of the institution or jurisdiction that uses or defines the extensions.  The use of extensions is what allows the FHIR specification to retain a core level of simplicity for everyone.","Modifier extensions allow for extensions that *cannot* be safely ignored to be clearly distinguished from the vast majority of extensions which can be safely ignored.  This promotes interoperability by eliminating the need for implementers to prohibit the presence of extensions. For further information, see the [definition of modifier extensions](http://hl7.org/fhir/R4/extensibility.html#modifierExtension).","","","","","","","",,,,,"",,,,"BackboneElement.modifierExtension",0,*,"","ele-1:All FHIR elements must have a @value or children {hasValue() or (children().count() > id.count())}
ext-1:Must have either extensions or value[x], not both {extension.exists() != value.exists()}"
"dnpm-lm-patient-record.ngsReports.results.copyNumberVariants.type.code","dnpm-lm-patient-record.ngsReports.results.copyNumberVariants.type.code","","","",1,1,"","","","string {[]} {[]}
","CNV type code (e.g. gain)","CNV type code (e.g. gain)","","","","","","","","","",,,,,"",,,,"dnpm-lm-patient-record.ngsReports.results.copyNumberVariants.type.code",1,1,"",""
"dnpm-lm-patient-record.ngsReports.results.copyNumberVariants.type.display","dnpm-lm-patient-record.ngsReports.results.copyNumberVariants.type.display","","","",0,1,"","","","string {[]} {[]}
","CNV type display","CNV type display","","","","","","","","","",,,,,"",,,,"dnpm-lm-patient-record.ngsReports.results.copyNumberVariants.type.display",0,1,"",""
"dnpm-lm-patient-record.ngsReports.results.copyNumberVariants.type.system","dnpm-lm-patient-record.ngsReports.results.copyNumberVariants.type.system","","","",1,1,"","","","string {[]} {[]}
","CNV type system URI","CNV type system URI","","","","","","","","","",,,,,"",,,,"dnpm-lm-patient-record.ngsReports.results.copyNumberVariants.type.system",1,1,"",""
"dnpm-lm-patient-record.ngsReports.results.dnaFusions","dnpm-lm-patient-record.ngsReports.results.dnaFusions","","","",0,*,"","","","BackboneElement {[]} {[]}
","DNA-level gene fusions","DNA-level gene fusions","","","","","","","","","",,,,,"",,,,"dnpm-lm-patient-record.ngsReports.results.dnaFusions",0,*,"","ele-1:All FHIR elements must have a @value or children {hasValue() or (children().count() > id.count())}
","MTB: DNA Fusion (Observation)"
"dnpm-lm-patient-record.ngsReports.results.dnaFusions.id","dnpm-lm-patient-record.ngsReports.results.dnaFusions.id","","","",1,1,"","","","string {[]} {[]}
","DNA fusion UUID","DNA fusion UUID","","","","","","","","","",,,,,"",,,,"Element.id",0,1,"",""
"dnpm-lm-patient-record.ngsReports.results.dnaFusions.extension","dnpm-lm-patient-record.ngsReports.results.dnaFusions.extension","","extensions
user content","",0,*,"","","","Extension {[]} {[]}
","Additional content defined by implementations","May be used to represent additional information that is not part of the basic definition of the element. To make the use of extensions safe and manageable, there is a strict set of governance  applied to the definition and use of extensions. Though any implementer can define an extension, there is a set of requirements that SHALL be met as part of the definition of the extension.","There can be no stigma associated with the use of extensions by any application, project, or standard - regardless of the institution or jurisdiction that uses or defines the extensions.  The use of extensions is what allows the FHIR specification to retain a core level of simplicity for everyone.","","","","","","","","",,,,,"","value:url}
","Extensions are always sliced by (at least) url",,"open","Element.extension",0,*,"","ele-1:All FHIR elements must have a @value or children {hasValue() or (children().count() > id.count())}
ext-1:Must have either extensions or value[x], not both {extension.exists() != value.exists()}"
"dnpm-lm-patient-record.ngsReports.results.dnaFusions.modifierExtension","dnpm-lm-patient-record.ngsReports.results.dnaFusions.modifierExtension","","extensions
user contentmodifiers","",0,*,"","Y","Y","Extension {[]} {[]}
","Extensions that cannot be ignored even if unrecognized","May be used to represent additional information that is not part of the basic definition of the element and that modifies the understanding of the element in which it is contained and/or the understanding of the containing element's descendants. Usually modifier elements provide negation or qualification. To make the use of extensions safe and manageable, there is a strict set of governance applied to the definition and use of extensions. Though any implementer can define an extension, there is a set of requirements that SHALL be met as part of the definition of the extension. Applications processing a resource are required to check for modifier extensions.

Modifier extensions SHALL NOT change the meaning of any elements on Resource or DomainResource (including cannot change the meaning of modifierExtension itself).","There can be no stigma associated with the use of extensions by any application, project, or standard - regardless of the institution or jurisdiction that uses or defines the extensions.  The use of extensions is what allows the FHIR specification to retain a core level of simplicity for everyone.","Modifier extensions allow for extensions that *cannot* be safely ignored to be clearly distinguished from the vast majority of extensions which can be safely ignored.  This promotes interoperability by eliminating the need for implementers to prohibit the presence of extensions. For further information, see the [definition of modifier extensions](http://hl7.org/fhir/R4/extensibility.html#modifierExtension).","","","","","","","",,,,,"",,,,"BackboneElement.modifierExtension",0,*,"","ele-1:All FHIR elements must have a @value or children {hasValue() or (children().count() > id.count())}
ext-1:Must have either extensions or value[x], not both {extension.exists() != value.exists()}"
"dnpm-lm-patient-record.ngsReports.results.dnaFusions.patient","dnpm-lm-patient-record.ngsReports.results.dnaFusions.patient","","","",1,1,"","","","BackboneElement {[]} {[]}
","Patient reference","Patient reference","","","","","","","","","",,,,,"",,,,"dnpm-lm-patient-record.ngsReports.results.dnaFusions.patient",1,1,"","ele-1:All FHIR elements must have a @value or children {hasValue() or (children().count() > id.count())}
"
"dnpm-lm-patient-record.ngsReports.results.dnaFusions.patient.id","dnpm-lm-patient-record.ngsReports.results.dnaFusions.patient.id","","","",1,1,"","","","string {[]} {[]}
","Patient ID","Patient ID","","","","","","","","","",,,,,"",,,,"Element.id",0,1,"",""
"dnpm-lm-patient-record.ngsReports.results.dnaFusions.patient.extension","dnpm-lm-patient-record.ngsReports.results.dnaFusions.patient.extension","","extensions
user content","",0,*,"","","","Extension {[]} {[]}
","Additional content defined by implementations","May be used to represent additional information that is not part of the basic definition of the element. To make the use of extensions safe and manageable, there is a strict set of governance  applied to the definition and use of extensions. Though any implementer can define an extension, there is a set of requirements that SHALL be met as part of the definition of the extension.","There can be no stigma associated with the use of extensions by any application, project, or standard - regardless of the institution or jurisdiction that uses or defines the extensions.  The use of extensions is what allows the FHIR specification to retain a core level of simplicity for everyone.","","","","","","","","",,,,,"","value:url}
","Extensions are always sliced by (at least) url",,"open","Element.extension",0,*,"","ele-1:All FHIR elements must have a @value or children {hasValue() or (children().count() > id.count())}
ext-1:Must have either extensions or value[x], not both {extension.exists() != value.exists()}"
"dnpm-lm-patient-record.ngsReports.results.dnaFusions.patient.modifierExtension","dnpm-lm-patient-record.ngsReports.results.dnaFusions.patient.modifierExtension","","extensions
user contentmodifiers","",0,*,"","Y","Y","Extension {[]} {[]}
","Extensions that cannot be ignored even if unrecognized","May be used to represent additional information that is not part of the basic definition of the element and that modifies the understanding of the element in which it is contained and/or the understanding of the containing element's descendants. Usually modifier elements provide negation or qualification. To make the use of extensions safe and manageable, there is a strict set of governance applied to the definition and use of extensions. Though any implementer can define an extension, there is a set of requirements that SHALL be met as part of the definition of the extension. Applications processing a resource are required to check for modifier extensions.

Modifier extensions SHALL NOT change the meaning of any elements on Resource or DomainResource (including cannot change the meaning of modifierExtension itself).","There can be no stigma associated with the use of extensions by any application, project, or standard - regardless of the institution or jurisdiction that uses or defines the extensions.  The use of extensions is what allows the FHIR specification to retain a core level of simplicity for everyone.","Modifier extensions allow for extensions that *cannot* be safely ignored to be clearly distinguished from the vast majority of extensions which can be safely ignored.  This promotes interoperability by eliminating the need for implementers to prohibit the presence of extensions. For further information, see the [definition of modifier extensions](http://hl7.org/fhir/R4/extensibility.html#modifierExtension).","","","","","","","",,,,,"",,,,"BackboneElement.modifierExtension",0,*,"","ele-1:All FHIR elements must have a @value or children {hasValue() or (children().count() > id.count())}
ext-1:Must have either extensions or value[x], not both {extension.exists() != value.exists()}"
"dnpm-lm-patient-record.ngsReports.results.dnaFusions.patient.type","dnpm-lm-patient-record.ngsReports.results.dnaFusions.patient.type","","","",1,1,"","","","string {[]} {[]}
","Reference type","Reference type","","","","","","","","","",,,,,"",,,,"dnpm-lm-patient-record.ngsReports.results.dnaFusions.patient.type",1,1,"",""
"dnpm-lm-patient-record.ngsReports.results.dnaFusions.localization","dnpm-lm-patient-record.ngsReports.results.dnaFusions.localization","","","",0,*,"","","","BackboneElement {[]} {[]}
","Fusion localization","Fusion localization","","","","","","","","","",,,,,"",,,,"dnpm-lm-patient-record.ngsReports.results.dnaFusions.localization",0,*,"","ele-1:All FHIR elements must have a @value or children {hasValue() or (children().count() > id.count())}
"
"dnpm-lm-patient-record.ngsReports.results.dnaFusions.localization.id","dnpm-lm-patient-record.ngsReports.results.dnaFusions.localization.id","","","",0,1,"","","","string {[]} {[]}
","Unique id for inter-element referencing","Unique id for the element within a resource (for internal references). This may be any string value that does not contain spaces.","","","","","","","","","",,,,,"",,,,"Element.id",0,1,"",""
"dnpm-lm-patient-record.ngsReports.results.dnaFusions.localization.extension","dnpm-lm-patient-record.ngsReports.results.dnaFusions.localization.extension","","extensions
user content","",0,*,"","","","Extension {[]} {[]}
","Additional content defined by implementations","May be used to represent additional information that is not part of the basic definition of the element. To make the use of extensions safe and manageable, there is a strict set of governance  applied to the definition and use of extensions. Though any implementer can define an extension, there is a set of requirements that SHALL be met as part of the definition of the extension.","There can be no stigma associated with the use of extensions by any application, project, or standard - regardless of the institution or jurisdiction that uses or defines the extensions.  The use of extensions is what allows the FHIR specification to retain a core level of simplicity for everyone.","","","","","","","","",,,,,"","value:url}
","Extensions are always sliced by (at least) url",,"open","Element.extension",0,*,"","ele-1:All FHIR elements must have a @value or children {hasValue() or (children().count() > id.count())}
ext-1:Must have either extensions or value[x], not both {extension.exists() != value.exists()}"
"dnpm-lm-patient-record.ngsReports.results.dnaFusions.localization.modifierExtension","dnpm-lm-patient-record.ngsReports.results.dnaFusions.localization.modifierExtension","","extensions
user contentmodifiers","",0,*,"","Y","Y","Extension {[]} {[]}
","Extensions that cannot be ignored even if unrecognized","May be used to represent additional information that is not part of the basic definition of the element and that modifies the understanding of the element in which it is contained and/or the understanding of the containing element's descendants. Usually modifier elements provide negation or qualification. To make the use of extensions safe and manageable, there is a strict set of governance applied to the definition and use of extensions. Though any implementer can define an extension, there is a set of requirements that SHALL be met as part of the definition of the extension. Applications processing a resource are required to check for modifier extensions.

Modifier extensions SHALL NOT change the meaning of any elements on Resource or DomainResource (including cannot change the meaning of modifierExtension itself).","There can be no stigma associated with the use of extensions by any application, project, or standard - regardless of the institution or jurisdiction that uses or defines the extensions.  The use of extensions is what allows the FHIR specification to retain a core level of simplicity for everyone.","Modifier extensions allow for extensions that *cannot* be safely ignored to be clearly distinguished from the vast majority of extensions which can be safely ignored.  This promotes interoperability by eliminating the need for implementers to prohibit the presence of extensions. For further information, see the [definition of modifier extensions](http://hl7.org/fhir/R4/extensibility.html#modifierExtension).","","","","","","","",,,,,"",,,,"BackboneElement.modifierExtension",0,*,"","ele-1:All FHIR elements must have a @value or children {hasValue() or (children().count() > id.count())}
ext-1:Must have either extensions or value[x], not both {extension.exists() != value.exists()}"
"dnpm-lm-patient-record.ngsReports.results.dnaFusions.localization.code","dnpm-lm-patient-record.ngsReports.results.dnaFusions.localization.code","","","",1,1,"","","","string {[]} {[]}
","Localization code","Localization code","","","","","","","","","",,,,,"",,,,"dnpm-lm-patient-record.ngsReports.results.dnaFusions.localization.code",1,1,"",""
"dnpm-lm-patient-record.ngsReports.results.dnaFusions.localization.display","dnpm-lm-patient-record.ngsReports.results.dnaFusions.localization.display","","","",0,1,"","","","string {[]} {[]}
","Localization display","Localization display","","","","","","","","","",,,,,"",,,,"dnpm-lm-patient-record.ngsReports.results.dnaFusions.localization.display",0,1,"",""
"dnpm-lm-patient-record.ngsReports.results.dnaFusions.localization.system","dnpm-lm-patient-record.ngsReports.results.dnaFusions.localization.system","","","",1,1,"","","","string {[]} {[]}
","Localization system URI","Localization system URI","","","","","","","","","",,,,,"",,,,"dnpm-lm-patient-record.ngsReports.results.dnaFusions.localization.system",1,1,"",""
"dnpm-lm-patient-record.ngsReports.results.dnaFusions.fusionPartner5prime","dnpm-lm-patient-record.ngsReports.results.dnaFusions.fusionPartner5prime","","","",0,1,"","","","BackboneElement {[]} {[]}
","5-prime fusion partner","5-prime fusion partner","","","","","","","","","",,,,,"",,,,"dnpm-lm-patient-record.ngsReports.results.dnaFusions.fusionPartner5prime",0,1,"","ele-1:All FHIR elements must have a @value or children {hasValue() or (children().count() > id.count())}
"
"dnpm-lm-patient-record.ngsReports.results.dnaFusions.fusionPartner5prime.id","dnpm-lm-patient-record.ngsReports.results.dnaFusions.fusionPartner5prime.id","","","",0,1,"","","","string {[]} {[]}
","Unique id for inter-element referencing","Unique id for the element within a resource (for internal references). This may be any string value that does not contain spaces.","","","","","","","","","",,,,,"",,,,"Element.id",0,1,"",""
"dnpm-lm-patient-record.ngsReports.results.dnaFusions.fusionPartner5prime.extension","dnpm-lm-patient-record.ngsReports.results.dnaFusions.fusionPartner5prime.extension","","extensions
user content","",0,*,"","","","Extension {[]} {[]}
","Additional content defined by implementations","May be used to represent additional information that is not part of the basic definition of the element. To make the use of extensions safe and manageable, there is a strict set of governance  applied to the definition and use of extensions. Though any implementer can define an extension, there is a set of requirements that SHALL be met as part of the definition of the extension.","There can be no stigma associated with the use of extensions by any application, project, or standard - regardless of the institution or jurisdiction that uses or defines the extensions.  The use of extensions is what allows the FHIR specification to retain a core level of simplicity for everyone.","","","","","","","","",,,,,"","value:url}
","Extensions are always sliced by (at least) url",,"open","Element.extension",0,*,"","ele-1:All FHIR elements must have a @value or children {hasValue() or (children().count() > id.count())}
ext-1:Must have either extensions or value[x], not both {extension.exists() != value.exists()}"
"dnpm-lm-patient-record.ngsReports.results.dnaFusions.fusionPartner5prime.modifierExtension","dnpm-lm-patient-record.ngsReports.results.dnaFusions.fusionPartner5prime.modifierExtension","","extensions
user contentmodifiers","",0,*,"","Y","Y","Extension {[]} {[]}
","Extensions that cannot be ignored even if unrecognized","May be used to represent additional information that is not part of the basic definition of the element and that modifies the understanding of the element in which it is contained and/or the understanding of the containing element's descendants. Usually modifier elements provide negation or qualification. To make the use of extensions safe and manageable, there is a strict set of governance applied to the definition and use of extensions. Though any implementer can define an extension, there is a set of requirements that SHALL be met as part of the definition of the extension. Applications processing a resource are required to check for modifier extensions.

Modifier extensions SHALL NOT change the meaning of any elements on Resource or DomainResource (including cannot change the meaning of modifierExtension itself).","There can be no stigma associated with the use of extensions by any application, project, or standard - regardless of the institution or jurisdiction that uses or defines the extensions.  The use of extensions is what allows the FHIR specification to retain a core level of simplicity for everyone.","Modifier extensions allow for extensions that *cannot* be safely ignored to be clearly distinguished from the vast majority of extensions which can be safely ignored.  This promotes interoperability by eliminating the need for implementers to prohibit the presence of extensions. For further information, see the [definition of modifier extensions](http://hl7.org/fhir/R4/extensibility.html#modifierExtension).","","","","","","","",,,,,"",,,,"BackboneElement.modifierExtension",0,*,"","ele-1:All FHIR elements must have a @value or children {hasValue() or (children().count() > id.count())}
ext-1:Must have either extensions or value[x], not both {extension.exists() != value.exists()}"
"dnpm-lm-patient-record.ngsReports.results.dnaFusions.fusionPartner5prime.gene","dnpm-lm-patient-record.ngsReports.results.dnaFusions.fusionPartner5prime.gene","","","",1,1,"","","","BackboneElement {[]} {[]}
","5-prime partner gene","5-prime partner gene","","","","","","","","","",,,,,"",,,,"dnpm-lm-patient-record.ngsReports.results.dnaFusions.fusionPartner5prime.gene",1,1,"","ele-1:All FHIR elements must have a @value or children {hasValue() or (children().count() > id.count())}
"
"dnpm-lm-patient-record.ngsReports.results.dnaFusions.fusionPartner5prime.gene.id","dnpm-lm-patient-record.ngsReports.results.dnaFusions.fusionPartner5prime.gene.id","","","",0,1,"","","","string {[]} {[]}
","Unique id for inter-element referencing","Unique id for the element within a resource (for internal references). This may be any string value that does not contain spaces.","","","","","","","","","",,,,,"",,,,"Element.id",0,1,"",""
"dnpm-lm-patient-record.ngsReports.results.dnaFusions.fusionPartner5prime.gene.extension","dnpm-lm-patient-record.ngsReports.results.dnaFusions.fusionPartner5prime.gene.extension","","extensions
user content","",0,*,"","","","Extension {[]} {[]}
","Additional content defined by implementations","May be used to represent additional information that is not part of the basic definition of the element. To make the use of extensions safe and manageable, there is a strict set of governance  applied to the definition and use of extensions. Though any implementer can define an extension, there is a set of requirements that SHALL be met as part of the definition of the extension.","There can be no stigma associated with the use of extensions by any application, project, or standard - regardless of the institution or jurisdiction that uses or defines the extensions.  The use of extensions is what allows the FHIR specification to retain a core level of simplicity for everyone.","","","","","","","","",,,,,"","value:url}
","Extensions are always sliced by (at least) url",,"open","Element.extension",0,*,"","ele-1:All FHIR elements must have a @value or children {hasValue() or (children().count() > id.count())}
ext-1:Must have either extensions or value[x], not both {extension.exists() != value.exists()}"
"dnpm-lm-patient-record.ngsReports.results.dnaFusions.fusionPartner5prime.gene.modifierExtension","dnpm-lm-patient-record.ngsReports.results.dnaFusions.fusionPartner5prime.gene.modifierExtension","","extensions
user contentmodifiers","",0,*,"","Y","Y","Extension {[]} {[]}
","Extensions that cannot be ignored even if unrecognized","May be used to represent additional information that is not part of the basic definition of the element and that modifies the understanding of the element in which it is contained and/or the understanding of the containing element's descendants. Usually modifier elements provide negation or qualification. To make the use of extensions safe and manageable, there is a strict set of governance applied to the definition and use of extensions. Though any implementer can define an extension, there is a set of requirements that SHALL be met as part of the definition of the extension. Applications processing a resource are required to check for modifier extensions.

Modifier extensions SHALL NOT change the meaning of any elements on Resource or DomainResource (including cannot change the meaning of modifierExtension itself).","There can be no stigma associated with the use of extensions by any application, project, or standard - regardless of the institution or jurisdiction that uses or defines the extensions.  The use of extensions is what allows the FHIR specification to retain a core level of simplicity for everyone.","Modifier extensions allow for extensions that *cannot* be safely ignored to be clearly distinguished from the vast majority of extensions which can be safely ignored.  This promotes interoperability by eliminating the need for implementers to prohibit the presence of extensions. For further information, see the [definition of modifier extensions](http://hl7.org/fhir/R4/extensibility.html#modifierExtension).","","","","","","","",,,,,"",,,,"BackboneElement.modifierExtension",0,*,"","ele-1:All FHIR elements must have a @value or children {hasValue() or (children().count() > id.count())}
ext-1:Must have either extensions or value[x], not both {extension.exists() != value.exists()}"
"dnpm-lm-patient-record.ngsReports.results.dnaFusions.fusionPartner5prime.gene.code","dnpm-lm-patient-record.ngsReports.results.dnaFusions.fusionPartner5prime.gene.code","","","",1,1,"","","","string {[]} {[]}
","HGNC gene code","HGNC gene code","","","","","","","","","",,,,,"",,,,"dnpm-lm-patient-record.ngsReports.results.dnaFusions.fusionPartner5prime.gene.code",1,1,"",""
"dnpm-lm-patient-record.ngsReports.results.dnaFusions.fusionPartner5prime.gene.display","dnpm-lm-patient-record.ngsReports.results.dnaFusions.fusionPartner5prime.gene.display","","","",0,1,"","","","string {[]} {[]}
","Gene symbol","Gene symbol","","","","","","","","","",,,,,"",,,,"dnpm-lm-patient-record.ngsReports.results.dnaFusions.fusionPartner5prime.gene.display",0,1,"",""
"dnpm-lm-patient-record.ngsReports.results.dnaFusions.fusionPartner5prime.gene.system","dnpm-lm-patient-record.ngsReports.results.dnaFusions.fusionPartner5prime.gene.system","","","",1,1,"","","","string {[]} {[]}
","Gene nomenclature system URI","Gene nomenclature system URI","","","","","","","","","",,,,,"",,,,"dnpm-lm-patient-record.ngsReports.results.dnaFusions.fusionPartner5prime.gene.system",1,1,"",""
"dnpm-lm-patient-record.ngsReports.results.dnaFusions.fusionPartner5prime.position","dnpm-lm-patient-record.ngsReports.results.dnaFusions.fusionPartner5prime.position","","","",1,1,"","","","integer {[]} {[]}
","Breakpoint position","Breakpoint position","","","","","","","","","",,,,,"",,,,"dnpm-lm-patient-record.ngsReports.results.dnaFusions.fusionPartner5prime.position",1,1,"",""
"dnpm-lm-patient-record.ngsReports.results.dnaFusions.fusionPartner3prime","dnpm-lm-patient-record.ngsReports.results.dnaFusions.fusionPartner3prime","","","",0,1,"","","","BackboneElement {[]} {[]}
","3-prime fusion partner","3-prime fusion partner","","","","","","","","","",,,,,"",,,,"dnpm-lm-patient-record.ngsReports.results.dnaFusions.fusionPartner3prime",0,1,"","ele-1:All FHIR elements must have a @value or children {hasValue() or (children().count() > id.count())}
"
"dnpm-lm-patient-record.ngsReports.results.dnaFusions.fusionPartner3prime.id","dnpm-lm-patient-record.ngsReports.results.dnaFusions.fusionPartner3prime.id","","","",0,1,"","","","string {[]} {[]}
","Unique id for inter-element referencing","Unique id for the element within a resource (for internal references). This may be any string value that does not contain spaces.","","","","","","","","","",,,,,"",,,,"Element.id",0,1,"",""
"dnpm-lm-patient-record.ngsReports.results.dnaFusions.fusionPartner3prime.extension","dnpm-lm-patient-record.ngsReports.results.dnaFusions.fusionPartner3prime.extension","","extensions
user content","",0,*,"","","","Extension {[]} {[]}
","Additional content defined by implementations","May be used to represent additional information that is not part of the basic definition of the element. To make the use of extensions safe and manageable, there is a strict set of governance  applied to the definition and use of extensions. Though any implementer can define an extension, there is a set of requirements that SHALL be met as part of the definition of the extension.","There can be no stigma associated with the use of extensions by any application, project, or standard - regardless of the institution or jurisdiction that uses or defines the extensions.  The use of extensions is what allows the FHIR specification to retain a core level of simplicity for everyone.","","","","","","","","",,,,,"","value:url}
","Extensions are always sliced by (at least) url",,"open","Element.extension",0,*,"","ele-1:All FHIR elements must have a @value or children {hasValue() or (children().count() > id.count())}
ext-1:Must have either extensions or value[x], not both {extension.exists() != value.exists()}"
"dnpm-lm-patient-record.ngsReports.results.dnaFusions.fusionPartner3prime.modifierExtension","dnpm-lm-patient-record.ngsReports.results.dnaFusions.fusionPartner3prime.modifierExtension","","extensions
user contentmodifiers","",0,*,"","Y","Y","Extension {[]} {[]}
","Extensions that cannot be ignored even if unrecognized","May be used to represent additional information that is not part of the basic definition of the element and that modifies the understanding of the element in which it is contained and/or the understanding of the containing element's descendants. Usually modifier elements provide negation or qualification. To make the use of extensions safe and manageable, there is a strict set of governance applied to the definition and use of extensions. Though any implementer can define an extension, there is a set of requirements that SHALL be met as part of the definition of the extension. Applications processing a resource are required to check for modifier extensions.

Modifier extensions SHALL NOT change the meaning of any elements on Resource or DomainResource (including cannot change the meaning of modifierExtension itself).","There can be no stigma associated with the use of extensions by any application, project, or standard - regardless of the institution or jurisdiction that uses or defines the extensions.  The use of extensions is what allows the FHIR specification to retain a core level of simplicity for everyone.","Modifier extensions allow for extensions that *cannot* be safely ignored to be clearly distinguished from the vast majority of extensions which can be safely ignored.  This promotes interoperability by eliminating the need for implementers to prohibit the presence of extensions. For further information, see the [definition of modifier extensions](http://hl7.org/fhir/R4/extensibility.html#modifierExtension).","","","","","","","",,,,,"",,,,"BackboneElement.modifierExtension",0,*,"","ele-1:All FHIR elements must have a @value or children {hasValue() or (children().count() > id.count())}
ext-1:Must have either extensions or value[x], not both {extension.exists() != value.exists()}"
"dnpm-lm-patient-record.ngsReports.results.dnaFusions.fusionPartner3prime.gene","dnpm-lm-patient-record.ngsReports.results.dnaFusions.fusionPartner3prime.gene","","","",1,1,"","","","BackboneElement {[]} {[]}
","3-prime partner gene","3-prime partner gene","","","","","","","","","",,,,,"",,,,"dnpm-lm-patient-record.ngsReports.results.dnaFusions.fusionPartner3prime.gene",1,1,"","ele-1:All FHIR elements must have a @value or children {hasValue() or (children().count() > id.count())}
"
"dnpm-lm-patient-record.ngsReports.results.dnaFusions.fusionPartner3prime.gene.id","dnpm-lm-patient-record.ngsReports.results.dnaFusions.fusionPartner3prime.gene.id","","","",0,1,"","","","string {[]} {[]}
","Unique id for inter-element referencing","Unique id for the element within a resource (for internal references). This may be any string value that does not contain spaces.","","","","","","","","","",,,,,"",,,,"Element.id",0,1,"",""
"dnpm-lm-patient-record.ngsReports.results.dnaFusions.fusionPartner3prime.gene.extension","dnpm-lm-patient-record.ngsReports.results.dnaFusions.fusionPartner3prime.gene.extension","","extensions
user content","",0,*,"","","","Extension {[]} {[]}
","Additional content defined by implementations","May be used to represent additional information that is not part of the basic definition of the element. To make the use of extensions safe and manageable, there is a strict set of governance  applied to the definition and use of extensions. Though any implementer can define an extension, there is a set of requirements that SHALL be met as part of the definition of the extension.","There can be no stigma associated with the use of extensions by any application, project, or standard - regardless of the institution or jurisdiction that uses or defines the extensions.  The use of extensions is what allows the FHIR specification to retain a core level of simplicity for everyone.","","","","","","","","",,,,,"","value:url}
","Extensions are always sliced by (at least) url",,"open","Element.extension",0,*,"","ele-1:All FHIR elements must have a @value or children {hasValue() or (children().count() > id.count())}
ext-1:Must have either extensions or value[x], not both {extension.exists() != value.exists()}"
"dnpm-lm-patient-record.ngsReports.results.dnaFusions.fusionPartner3prime.gene.modifierExtension","dnpm-lm-patient-record.ngsReports.results.dnaFusions.fusionPartner3prime.gene.modifierExtension","","extensions
user contentmodifiers","",0,*,"","Y","Y","Extension {[]} {[]}
","Extensions that cannot be ignored even if unrecognized","May be used to represent additional information that is not part of the basic definition of the element and that modifies the understanding of the element in which it is contained and/or the understanding of the containing element's descendants. Usually modifier elements provide negation or qualification. To make the use of extensions safe and manageable, there is a strict set of governance applied to the definition and use of extensions. Though any implementer can define an extension, there is a set of requirements that SHALL be met as part of the definition of the extension. Applications processing a resource are required to check for modifier extensions.

Modifier extensions SHALL NOT change the meaning of any elements on Resource or DomainResource (including cannot change the meaning of modifierExtension itself).","There can be no stigma associated with the use of extensions by any application, project, or standard - regardless of the institution or jurisdiction that uses or defines the extensions.  The use of extensions is what allows the FHIR specification to retain a core level of simplicity for everyone.","Modifier extensions allow for extensions that *cannot* be safely ignored to be clearly distinguished from the vast majority of extensions which can be safely ignored.  This promotes interoperability by eliminating the need for implementers to prohibit the presence of extensions. For further information, see the [definition of modifier extensions](http://hl7.org/fhir/R4/extensibility.html#modifierExtension).","","","","","","","",,,,,"",,,,"BackboneElement.modifierExtension",0,*,"","ele-1:All FHIR elements must have a @value or children {hasValue() or (children().count() > id.count())}
ext-1:Must have either extensions or value[x], not both {extension.exists() != value.exists()}"
"dnpm-lm-patient-record.ngsReports.results.dnaFusions.fusionPartner3prime.gene.code","dnpm-lm-patient-record.ngsReports.results.dnaFusions.fusionPartner3prime.gene.code","","","",1,1,"","","","string {[]} {[]}
","HGNC gene code","HGNC gene code","","","","","","","","","",,,,,"",,,,"dnpm-lm-patient-record.ngsReports.results.dnaFusions.fusionPartner3prime.gene.code",1,1,"",""
"dnpm-lm-patient-record.ngsReports.results.dnaFusions.fusionPartner3prime.gene.display","dnpm-lm-patient-record.ngsReports.results.dnaFusions.fusionPartner3prime.gene.display","","","",0,1,"","","","string {[]} {[]}
","Gene symbol","Gene symbol","","","","","","","","","",,,,,"",,,,"dnpm-lm-patient-record.ngsReports.results.dnaFusions.fusionPartner3prime.gene.display",0,1,"",""
"dnpm-lm-patient-record.ngsReports.results.dnaFusions.fusionPartner3prime.gene.system","dnpm-lm-patient-record.ngsReports.results.dnaFusions.fusionPartner3prime.gene.system","","","",1,1,"","","","string {[]} {[]}
","Gene nomenclature system URI","Gene nomenclature system URI","","","","","","","","","",,,,,"",,,,"dnpm-lm-patient-record.ngsReports.results.dnaFusions.fusionPartner3prime.gene.system",1,1,"",""
"dnpm-lm-patient-record.ngsReports.results.dnaFusions.fusionPartner3prime.position","dnpm-lm-patient-record.ngsReports.results.dnaFusions.fusionPartner3prime.position","","","",1,1,"","","","integer {[]} {[]}
","Breakpoint position","Breakpoint position","","","","","","","","","",,,,,"",,,,"dnpm-lm-patient-record.ngsReports.results.dnaFusions.fusionPartner3prime.position",1,1,"",""
"dnpm-lm-patient-record.ngsReports.results.dnaFusions.reportedNumReads","dnpm-lm-patient-record.ngsReports.results.dnaFusions.reportedNumReads","","","",0,1,"","","","integer {[]} {[]}
","Supporting read count","Supporting read count","","","","","","","","","",,,,,"",,,,"dnpm-lm-patient-record.ngsReports.results.dnaFusions.reportedNumReads",0,1,"",""
"dnpm-lm-patient-record.ngsReports.results.rnaFusions","dnpm-lm-patient-record.ngsReports.results.rnaFusions","","","",0,*,"","","","BackboneElement {[]} {[]}
","RNA-level gene fusions","RNA-level gene fusions","","","","","","","","","",,,,,"",,,,"dnpm-lm-patient-record.ngsReports.results.rnaFusions",0,*,"","ele-1:All FHIR elements must have a @value or children {hasValue() or (children().count() > id.count())}
","MTB: RNA Fusion (Observation)"
"dnpm-lm-patient-record.ngsReports.results.rnaFusions.id","dnpm-lm-patient-record.ngsReports.results.rnaFusions.id","","","",1,1,"","","","string {[]} {[]}
","RNA fusion UUID","RNA fusion UUID","","","","","","","","","",,,,,"",,,,"Element.id",0,1,"",""
"dnpm-lm-patient-record.ngsReports.results.rnaFusions.extension","dnpm-lm-patient-record.ngsReports.results.rnaFusions.extension","","extensions
user content","",0,*,"","","","Extension {[]} {[]}
","Additional content defined by implementations","May be used to represent additional information that is not part of the basic definition of the element. To make the use of extensions safe and manageable, there is a strict set of governance  applied to the definition and use of extensions. Though any implementer can define an extension, there is a set of requirements that SHALL be met as part of the definition of the extension.","There can be no stigma associated with the use of extensions by any application, project, or standard - regardless of the institution or jurisdiction that uses or defines the extensions.  The use of extensions is what allows the FHIR specification to retain a core level of simplicity for everyone.","","","","","","","","",,,,,"","value:url}
","Extensions are always sliced by (at least) url",,"open","Element.extension",0,*,"","ele-1:All FHIR elements must have a @value or children {hasValue() or (children().count() > id.count())}
ext-1:Must have either extensions or value[x], not both {extension.exists() != value.exists()}"
"dnpm-lm-patient-record.ngsReports.results.rnaFusions.modifierExtension","dnpm-lm-patient-record.ngsReports.results.rnaFusions.modifierExtension","","extensions
user contentmodifiers","",0,*,"","Y","Y","Extension {[]} {[]}
","Extensions that cannot be ignored even if unrecognized","May be used to represent additional information that is not part of the basic definition of the element and that modifies the understanding of the element in which it is contained and/or the understanding of the containing element's descendants. Usually modifier elements provide negation or qualification. To make the use of extensions safe and manageable, there is a strict set of governance applied to the definition and use of extensions. Though any implementer can define an extension, there is a set of requirements that SHALL be met as part of the definition of the extension. Applications processing a resource are required to check for modifier extensions.

Modifier extensions SHALL NOT change the meaning of any elements on Resource or DomainResource (including cannot change the meaning of modifierExtension itself).","There can be no stigma associated with the use of extensions by any application, project, or standard - regardless of the institution or jurisdiction that uses or defines the extensions.  The use of extensions is what allows the FHIR specification to retain a core level of simplicity for everyone.","Modifier extensions allow for extensions that *cannot* be safely ignored to be clearly distinguished from the vast majority of extensions which can be safely ignored.  This promotes interoperability by eliminating the need for implementers to prohibit the presence of extensions. For further information, see the [definition of modifier extensions](http://hl7.org/fhir/R4/extensibility.html#modifierExtension).","","","","","","","",,,,,"",,,,"BackboneElement.modifierExtension",0,*,"","ele-1:All FHIR elements must have a @value or children {hasValue() or (children().count() > id.count())}
ext-1:Must have either extensions or value[x], not both {extension.exists() != value.exists()}"
"dnpm-lm-patient-record.ngsReports.results.rnaFusions.patient","dnpm-lm-patient-record.ngsReports.results.rnaFusions.patient","","","",1,1,"","","","BackboneElement {[]} {[]}
","Patient reference","Patient reference","","","","","","","","","",,,,,"",,,,"dnpm-lm-patient-record.ngsReports.results.rnaFusions.patient",1,1,"","ele-1:All FHIR elements must have a @value or children {hasValue() or (children().count() > id.count())}
"
"dnpm-lm-patient-record.ngsReports.results.rnaFusions.patient.id","dnpm-lm-patient-record.ngsReports.results.rnaFusions.patient.id","","","",1,1,"","","","string {[]} {[]}
","Patient ID","Patient ID","","","","","","","","","",,,,,"",,,,"Element.id",0,1,"",""
"dnpm-lm-patient-record.ngsReports.results.rnaFusions.patient.extension","dnpm-lm-patient-record.ngsReports.results.rnaFusions.patient.extension","","extensions
user content","",0,*,"","","","Extension {[]} {[]}
","Additional content defined by implementations","May be used to represent additional information that is not part of the basic definition of the element. To make the use of extensions safe and manageable, there is a strict set of governance  applied to the definition and use of extensions. Though any implementer can define an extension, there is a set of requirements that SHALL be met as part of the definition of the extension.","There can be no stigma associated with the use of extensions by any application, project, or standard - regardless of the institution or jurisdiction that uses or defines the extensions.  The use of extensions is what allows the FHIR specification to retain a core level of simplicity for everyone.","","","","","","","","",,,,,"","value:url}
","Extensions are always sliced by (at least) url",,"open","Element.extension",0,*,"","ele-1:All FHIR elements must have a @value or children {hasValue() or (children().count() > id.count())}
ext-1:Must have either extensions or value[x], not both {extension.exists() != value.exists()}"
"dnpm-lm-patient-record.ngsReports.results.rnaFusions.patient.modifierExtension","dnpm-lm-patient-record.ngsReports.results.rnaFusions.patient.modifierExtension","","extensions
user contentmodifiers","",0,*,"","Y","Y","Extension {[]} {[]}
","Extensions that cannot be ignored even if unrecognized","May be used to represent additional information that is not part of the basic definition of the element and that modifies the understanding of the element in which it is contained and/or the understanding of the containing element's descendants. Usually modifier elements provide negation or qualification. To make the use of extensions safe and manageable, there is a strict set of governance applied to the definition and use of extensions. Though any implementer can define an extension, there is a set of requirements that SHALL be met as part of the definition of the extension. Applications processing a resource are required to check for modifier extensions.

Modifier extensions SHALL NOT change the meaning of any elements on Resource or DomainResource (including cannot change the meaning of modifierExtension itself).","There can be no stigma associated with the use of extensions by any application, project, or standard - regardless of the institution or jurisdiction that uses or defines the extensions.  The use of extensions is what allows the FHIR specification to retain a core level of simplicity for everyone.","Modifier extensions allow for extensions that *cannot* be safely ignored to be clearly distinguished from the vast majority of extensions which can be safely ignored.  This promotes interoperability by eliminating the need for implementers to prohibit the presence of extensions. For further information, see the [definition of modifier extensions](http://hl7.org/fhir/R4/extensibility.html#modifierExtension).","","","","","","","",,,,,"",,,,"BackboneElement.modifierExtension",0,*,"","ele-1:All FHIR elements must have a @value or children {hasValue() or (children().count() > id.count())}
ext-1:Must have either extensions or value[x], not both {extension.exists() != value.exists()}"
"dnpm-lm-patient-record.ngsReports.results.rnaFusions.patient.type","dnpm-lm-patient-record.ngsReports.results.rnaFusions.patient.type","","","",1,1,"","","","string {[]} {[]}
","Reference type","Reference type","","","","","","","","","",,,,,"",,,,"dnpm-lm-patient-record.ngsReports.results.rnaFusions.patient.type",1,1,"",""
"dnpm-lm-patient-record.ngsReports.results.rnaFusions.externalIds","dnpm-lm-patient-record.ngsReports.results.rnaFusions.externalIds","","","",0,*,"","","","BackboneElement {[]} {[]}
","External identifiers (e.g. COSMIC)","External identifiers (e.g. COSMIC)","","","","","","","","","",,,,,"",,,,"dnpm-lm-patient-record.ngsReports.results.rnaFusions.externalIds",0,*,"","ele-1:All FHIR elements must have a @value or children {hasValue() or (children().count() > id.count())}
"
"dnpm-lm-patient-record.ngsReports.results.rnaFusions.externalIds.id","dnpm-lm-patient-record.ngsReports.results.rnaFusions.externalIds.id","","","",0,1,"","","","string {[]} {[]}
","Unique id for inter-element referencing","Unique id for the element within a resource (for internal references). This may be any string value that does not contain spaces.","","","","","","","","","",,,,,"",,,,"Element.id",0,1,"",""
"dnpm-lm-patient-record.ngsReports.results.rnaFusions.externalIds.extension","dnpm-lm-patient-record.ngsReports.results.rnaFusions.externalIds.extension","","extensions
user content","",0,*,"","","","Extension {[]} {[]}
","Additional content defined by implementations","May be used to represent additional information that is not part of the basic definition of the element. To make the use of extensions safe and manageable, there is a strict set of governance  applied to the definition and use of extensions. Though any implementer can define an extension, there is a set of requirements that SHALL be met as part of the definition of the extension.","There can be no stigma associated with the use of extensions by any application, project, or standard - regardless of the institution or jurisdiction that uses or defines the extensions.  The use of extensions is what allows the FHIR specification to retain a core level of simplicity for everyone.","","","","","","","","",,,,,"","value:url}
","Extensions are always sliced by (at least) url",,"open","Element.extension",0,*,"","ele-1:All FHIR elements must have a @value or children {hasValue() or (children().count() > id.count())}
ext-1:Must have either extensions or value[x], not both {extension.exists() != value.exists()}"
"dnpm-lm-patient-record.ngsReports.results.rnaFusions.externalIds.modifierExtension","dnpm-lm-patient-record.ngsReports.results.rnaFusions.externalIds.modifierExtension","","extensions
user contentmodifiers","",0,*,"","Y","Y","Extension {[]} {[]}
","Extensions that cannot be ignored even if unrecognized","May be used to represent additional information that is not part of the basic definition of the element and that modifies the understanding of the element in which it is contained and/or the understanding of the containing element's descendants. Usually modifier elements provide negation or qualification. To make the use of extensions safe and manageable, there is a strict set of governance applied to the definition and use of extensions. Though any implementer can define an extension, there is a set of requirements that SHALL be met as part of the definition of the extension. Applications processing a resource are required to check for modifier extensions.

Modifier extensions SHALL NOT change the meaning of any elements on Resource or DomainResource (including cannot change the meaning of modifierExtension itself).","There can be no stigma associated with the use of extensions by any application, project, or standard - regardless of the institution or jurisdiction that uses or defines the extensions.  The use of extensions is what allows the FHIR specification to retain a core level of simplicity for everyone.","Modifier extensions allow for extensions that *cannot* be safely ignored to be clearly distinguished from the vast majority of extensions which can be safely ignored.  This promotes interoperability by eliminating the need for implementers to prohibit the presence of extensions. For further information, see the [definition of modifier extensions](http://hl7.org/fhir/R4/extensibility.html#modifierExtension).","","","","","","","",,,,,"",,,,"BackboneElement.modifierExtension",0,*,"","ele-1:All FHIR elements must have a @value or children {hasValue() or (children().count() > id.count())}
ext-1:Must have either extensions or value[x], not both {extension.exists() != value.exists()}"
"dnpm-lm-patient-record.ngsReports.results.rnaFusions.externalIds.value","dnpm-lm-patient-record.ngsReports.results.rnaFusions.externalIds.value","","","",1,1,"","","","string {[]} {[]}
","Identifier value","Identifier value","","","","","","","","","",,,,,"",,,,"dnpm-lm-patient-record.ngsReports.results.rnaFusions.externalIds.value",1,1,"",""
"dnpm-lm-patient-record.ngsReports.results.rnaFusions.externalIds.system","dnpm-lm-patient-record.ngsReports.results.rnaFusions.externalIds.system","","","",1,1,"","","","string {[]} {[]}
","Identifier system URI","Identifier system URI","","","","","","","","","",,,,,"",,,,"dnpm-lm-patient-record.ngsReports.results.rnaFusions.externalIds.system",1,1,"",""
"dnpm-lm-patient-record.ngsReports.results.rnaFusions.localization","dnpm-lm-patient-record.ngsReports.results.rnaFusions.localization","","","",0,*,"","","","BackboneElement {[]} {[]}
","Fusion localization","Fusion localization","","","","","","","","","",,,,,"",,,,"dnpm-lm-patient-record.ngsReports.results.rnaFusions.localization",0,*,"","ele-1:All FHIR elements must have a @value or children {hasValue() or (children().count() > id.count())}
"
"dnpm-lm-patient-record.ngsReports.results.rnaFusions.localization.id","dnpm-lm-patient-record.ngsReports.results.rnaFusions.localization.id","","","",0,1,"","","","string {[]} {[]}
","Unique id for inter-element referencing","Unique id for the element within a resource (for internal references). This may be any string value that does not contain spaces.","","","","","","","","","",,,,,"",,,,"Element.id",0,1,"",""
"dnpm-lm-patient-record.ngsReports.results.rnaFusions.localization.extension","dnpm-lm-patient-record.ngsReports.results.rnaFusions.localization.extension","","extensions
user content","",0,*,"","","","Extension {[]} {[]}
","Additional content defined by implementations","May be used to represent additional information that is not part of the basic definition of the element. To make the use of extensions safe and manageable, there is a strict set of governance  applied to the definition and use of extensions. Though any implementer can define an extension, there is a set of requirements that SHALL be met as part of the definition of the extension.","There can be no stigma associated with the use of extensions by any application, project, or standard - regardless of the institution or jurisdiction that uses or defines the extensions.  The use of extensions is what allows the FHIR specification to retain a core level of simplicity for everyone.","","","","","","","","",,,,,"","value:url}
","Extensions are always sliced by (at least) url",,"open","Element.extension",0,*,"","ele-1:All FHIR elements must have a @value or children {hasValue() or (children().count() > id.count())}
ext-1:Must have either extensions or value[x], not both {extension.exists() != value.exists()}"
"dnpm-lm-patient-record.ngsReports.results.rnaFusions.localization.modifierExtension","dnpm-lm-patient-record.ngsReports.results.rnaFusions.localization.modifierExtension","","extensions
user contentmodifiers","",0,*,"","Y","Y","Extension {[]} {[]}
","Extensions that cannot be ignored even if unrecognized","May be used to represent additional information that is not part of the basic definition of the element and that modifies the understanding of the element in which it is contained and/or the understanding of the containing element's descendants. Usually modifier elements provide negation or qualification. To make the use of extensions safe and manageable, there is a strict set of governance applied to the definition and use of extensions. Though any implementer can define an extension, there is a set of requirements that SHALL be met as part of the definition of the extension. Applications processing a resource are required to check for modifier extensions.

Modifier extensions SHALL NOT change the meaning of any elements on Resource or DomainResource (including cannot change the meaning of modifierExtension itself).","There can be no stigma associated with the use of extensions by any application, project, or standard - regardless of the institution or jurisdiction that uses or defines the extensions.  The use of extensions is what allows the FHIR specification to retain a core level of simplicity for everyone.","Modifier extensions allow for extensions that *cannot* be safely ignored to be clearly distinguished from the vast majority of extensions which can be safely ignored.  This promotes interoperability by eliminating the need for implementers to prohibit the presence of extensions. For further information, see the [definition of modifier extensions](http://hl7.org/fhir/R4/extensibility.html#modifierExtension).","","","","","","","",,,,,"",,,,"BackboneElement.modifierExtension",0,*,"","ele-1:All FHIR elements must have a @value or children {hasValue() or (children().count() > id.count())}
ext-1:Must have either extensions or value[x], not both {extension.exists() != value.exists()}"
"dnpm-lm-patient-record.ngsReports.results.rnaFusions.localization.code","dnpm-lm-patient-record.ngsReports.results.rnaFusions.localization.code","","","",1,1,"","","","string {[]} {[]}
","Localization code","Localization code","","","","","","","","","",,,,,"",,,,"dnpm-lm-patient-record.ngsReports.results.rnaFusions.localization.code",1,1,"",""
"dnpm-lm-patient-record.ngsReports.results.rnaFusions.localization.display","dnpm-lm-patient-record.ngsReports.results.rnaFusions.localization.display","","","",0,1,"","","","string {[]} {[]}
","Localization display","Localization display","","","","","","","","","",,,,,"",,,,"dnpm-lm-patient-record.ngsReports.results.rnaFusions.localization.display",0,1,"",""
"dnpm-lm-patient-record.ngsReports.results.rnaFusions.localization.system","dnpm-lm-patient-record.ngsReports.results.rnaFusions.localization.system","","","",1,1,"","","","string {[]} {[]}
","Localization system URI","Localization system URI","","","","","","","","","",,,,,"",,,,"dnpm-lm-patient-record.ngsReports.results.rnaFusions.localization.system",1,1,"",""
"dnpm-lm-patient-record.ngsReports.results.rnaFusions.fusionPartner5prime","dnpm-lm-patient-record.ngsReports.results.rnaFusions.fusionPartner5prime","","","",0,1,"","","","BackboneElement {[]} {[]}
","5-prime fusion partner","5-prime fusion partner","","","","","","","","","",,,,,"",,,,"dnpm-lm-patient-record.ngsReports.results.rnaFusions.fusionPartner5prime",0,1,"","ele-1:All FHIR elements must have a @value or children {hasValue() or (children().count() > id.count())}
"
"dnpm-lm-patient-record.ngsReports.results.rnaFusions.fusionPartner5prime.id","dnpm-lm-patient-record.ngsReports.results.rnaFusions.fusionPartner5prime.id","","","",0,1,"","","","string {[]} {[]}
","Unique id for inter-element referencing","Unique id for the element within a resource (for internal references). This may be any string value that does not contain spaces.","","","","","","","","","",,,,,"",,,,"Element.id",0,1,"",""
"dnpm-lm-patient-record.ngsReports.results.rnaFusions.fusionPartner5prime.extension","dnpm-lm-patient-record.ngsReports.results.rnaFusions.fusionPartner5prime.extension","","extensions
user content","",0,*,"","","","Extension {[]} {[]}
","Additional content defined by implementations","May be used to represent additional information that is not part of the basic definition of the element. To make the use of extensions safe and manageable, there is a strict set of governance  applied to the definition and use of extensions. Though any implementer can define an extension, there is a set of requirements that SHALL be met as part of the definition of the extension.","There can be no stigma associated with the use of extensions by any application, project, or standard - regardless of the institution or jurisdiction that uses or defines the extensions.  The use of extensions is what allows the FHIR specification to retain a core level of simplicity for everyone.","","","","","","","","",,,,,"","value:url}
","Extensions are always sliced by (at least) url",,"open","Element.extension",0,*,"","ele-1:All FHIR elements must have a @value or children {hasValue() or (children().count() > id.count())}
ext-1:Must have either extensions or value[x], not both {extension.exists() != value.exists()}"
"dnpm-lm-patient-record.ngsReports.results.rnaFusions.fusionPartner5prime.modifierExtension","dnpm-lm-patient-record.ngsReports.results.rnaFusions.fusionPartner5prime.modifierExtension","","extensions
user contentmodifiers","",0,*,"","Y","Y","Extension {[]} {[]}
","Extensions that cannot be ignored even if unrecognized","May be used to represent additional information that is not part of the basic definition of the element and that modifies the understanding of the element in which it is contained and/or the understanding of the containing element's descendants. Usually modifier elements provide negation or qualification. To make the use of extensions safe and manageable, there is a strict set of governance applied to the definition and use of extensions. Though any implementer can define an extension, there is a set of requirements that SHALL be met as part of the definition of the extension. Applications processing a resource are required to check for modifier extensions.

Modifier extensions SHALL NOT change the meaning of any elements on Resource or DomainResource (including cannot change the meaning of modifierExtension itself).","There can be no stigma associated with the use of extensions by any application, project, or standard - regardless of the institution or jurisdiction that uses or defines the extensions.  The use of extensions is what allows the FHIR specification to retain a core level of simplicity for everyone.","Modifier extensions allow for extensions that *cannot* be safely ignored to be clearly distinguished from the vast majority of extensions which can be safely ignored.  This promotes interoperability by eliminating the need for implementers to prohibit the presence of extensions. For further information, see the [definition of modifier extensions](http://hl7.org/fhir/R4/extensibility.html#modifierExtension).","","","","","","","",,,,,"",,,,"BackboneElement.modifierExtension",0,*,"","ele-1:All FHIR elements must have a @value or children {hasValue() or (children().count() > id.count())}
ext-1:Must have either extensions or value[x], not both {extension.exists() != value.exists()}"
"dnpm-lm-patient-record.ngsReports.results.rnaFusions.fusionPartner5prime.gene","dnpm-lm-patient-record.ngsReports.results.rnaFusions.fusionPartner5prime.gene","","","",1,1,"","","","BackboneElement {[]} {[]}
","5-prime partner gene","5-prime partner gene","","","","","","","","","",,,,,"",,,,"dnpm-lm-patient-record.ngsReports.results.rnaFusions.fusionPartner5prime.gene",1,1,"","ele-1:All FHIR elements must have a @value or children {hasValue() or (children().count() > id.count())}
"
"dnpm-lm-patient-record.ngsReports.results.rnaFusions.fusionPartner5prime.gene.id","dnpm-lm-patient-record.ngsReports.results.rnaFusions.fusionPartner5prime.gene.id","","","",0,1,"","","","string {[]} {[]}
","Unique id for inter-element referencing","Unique id for the element within a resource (for internal references). This may be any string value that does not contain spaces.","","","","","","","","","",,,,,"",,,,"Element.id",0,1,"",""
"dnpm-lm-patient-record.ngsReports.results.rnaFusions.fusionPartner5prime.gene.extension","dnpm-lm-patient-record.ngsReports.results.rnaFusions.fusionPartner5prime.gene.extension","","extensions
user content","",0,*,"","","","Extension {[]} {[]}
","Additional content defined by implementations","May be used to represent additional information that is not part of the basic definition of the element. To make the use of extensions safe and manageable, there is a strict set of governance  applied to the definition and use of extensions. Though any implementer can define an extension, there is a set of requirements that SHALL be met as part of the definition of the extension.","There can be no stigma associated with the use of extensions by any application, project, or standard - regardless of the institution or jurisdiction that uses or defines the extensions.  The use of extensions is what allows the FHIR specification to retain a core level of simplicity for everyone.","","","","","","","","",,,,,"","value:url}
","Extensions are always sliced by (at least) url",,"open","Element.extension",0,*,"","ele-1:All FHIR elements must have a @value or children {hasValue() or (children().count() > id.count())}
ext-1:Must have either extensions or value[x], not both {extension.exists() != value.exists()}"
"dnpm-lm-patient-record.ngsReports.results.rnaFusions.fusionPartner5prime.gene.modifierExtension","dnpm-lm-patient-record.ngsReports.results.rnaFusions.fusionPartner5prime.gene.modifierExtension","","extensions
user contentmodifiers","",0,*,"","Y","Y","Extension {[]} {[]}
","Extensions that cannot be ignored even if unrecognized","May be used to represent additional information that is not part of the basic definition of the element and that modifies the understanding of the element in which it is contained and/or the understanding of the containing element's descendants. Usually modifier elements provide negation or qualification. To make the use of extensions safe and manageable, there is a strict set of governance applied to the definition and use of extensions. Though any implementer can define an extension, there is a set of requirements that SHALL be met as part of the definition of the extension. Applications processing a resource are required to check for modifier extensions.

Modifier extensions SHALL NOT change the meaning of any elements on Resource or DomainResource (including cannot change the meaning of modifierExtension itself).","There can be no stigma associated with the use of extensions by any application, project, or standard - regardless of the institution or jurisdiction that uses or defines the extensions.  The use of extensions is what allows the FHIR specification to retain a core level of simplicity for everyone.","Modifier extensions allow for extensions that *cannot* be safely ignored to be clearly distinguished from the vast majority of extensions which can be safely ignored.  This promotes interoperability by eliminating the need for implementers to prohibit the presence of extensions. For further information, see the [definition of modifier extensions](http://hl7.org/fhir/R4/extensibility.html#modifierExtension).","","","","","","","",,,,,"",,,,"BackboneElement.modifierExtension",0,*,"","ele-1:All FHIR elements must have a @value or children {hasValue() or (children().count() > id.count())}
ext-1:Must have either extensions or value[x], not both {extension.exists() != value.exists()}"
"dnpm-lm-patient-record.ngsReports.results.rnaFusions.fusionPartner5prime.gene.code","dnpm-lm-patient-record.ngsReports.results.rnaFusions.fusionPartner5prime.gene.code","","","",1,1,"","","","string {[]} {[]}
","HGNC gene code","HGNC gene code","","","","","","","","","",,,,,"",,,,"dnpm-lm-patient-record.ngsReports.results.rnaFusions.fusionPartner5prime.gene.code",1,1,"",""
"dnpm-lm-patient-record.ngsReports.results.rnaFusions.fusionPartner5prime.gene.display","dnpm-lm-patient-record.ngsReports.results.rnaFusions.fusionPartner5prime.gene.display","","","",0,1,"","","","string {[]} {[]}
","Gene symbol","Gene symbol","","","","","","","","","",,,,,"",,,,"dnpm-lm-patient-record.ngsReports.results.rnaFusions.fusionPartner5prime.gene.display",0,1,"",""
"dnpm-lm-patient-record.ngsReports.results.rnaFusions.fusionPartner5prime.gene.system","dnpm-lm-patient-record.ngsReports.results.rnaFusions.fusionPartner5prime.gene.system","","","",1,1,"","","","string {[]} {[]}
","Gene nomenclature system URI","Gene nomenclature system URI","","","","","","","","","",,,,,"",,,,"dnpm-lm-patient-record.ngsReports.results.rnaFusions.fusionPartner5prime.gene.system",1,1,"",""
"dnpm-lm-patient-record.ngsReports.results.rnaFusions.fusionPartner5prime.transcript","dnpm-lm-patient-record.ngsReports.results.rnaFusions.fusionPartner5prime.transcript","","","",0,1,"","","","BackboneElement {[]} {[]}
","5-prime transcript","5-prime transcript","","","","","","","","","",,,,,"",,,,"dnpm-lm-patient-record.ngsReports.results.rnaFusions.fusionPartner5prime.transcript",0,1,"","ele-1:All FHIR elements must have a @value or children {hasValue() or (children().count() > id.count())}
"
"dnpm-lm-patient-record.ngsReports.results.rnaFusions.fusionPartner5prime.transcript.id","dnpm-lm-patient-record.ngsReports.results.rnaFusions.fusionPartner5prime.transcript.id","","","",0,1,"","","","string {[]} {[]}
","Unique id for inter-element referencing","Unique id for the element within a resource (for internal references). This may be any string value that does not contain spaces.","","","","","","","","","",,,,,"",,,,"Element.id",0,1,"",""
"dnpm-lm-patient-record.ngsReports.results.rnaFusions.fusionPartner5prime.transcript.extension","dnpm-lm-patient-record.ngsReports.results.rnaFusions.fusionPartner5prime.transcript.extension","","extensions
user content","",0,*,"","","","Extension {[]} {[]}
","Additional content defined by implementations","May be used to represent additional information that is not part of the basic definition of the element. To make the use of extensions safe and manageable, there is a strict set of governance  applied to the definition and use of extensions. Though any implementer can define an extension, there is a set of requirements that SHALL be met as part of the definition of the extension.","There can be no stigma associated with the use of extensions by any application, project, or standard - regardless of the institution or jurisdiction that uses or defines the extensions.  The use of extensions is what allows the FHIR specification to retain a core level of simplicity for everyone.","","","","","","","","",,,,,"","value:url}
","Extensions are always sliced by (at least) url",,"open","Element.extension",0,*,"","ele-1:All FHIR elements must have a @value or children {hasValue() or (children().count() > id.count())}
ext-1:Must have either extensions or value[x], not both {extension.exists() != value.exists()}"
"dnpm-lm-patient-record.ngsReports.results.rnaFusions.fusionPartner5prime.transcript.modifierExtension","dnpm-lm-patient-record.ngsReports.results.rnaFusions.fusionPartner5prime.transcript.modifierExtension","","extensions
user contentmodifiers","",0,*,"","Y","Y","Extension {[]} {[]}
","Extensions that cannot be ignored even if unrecognized","May be used to represent additional information that is not part of the basic definition of the element and that modifies the understanding of the element in which it is contained and/or the understanding of the containing element's descendants. Usually modifier elements provide negation or qualification. To make the use of extensions safe and manageable, there is a strict set of governance applied to the definition and use of extensions. Though any implementer can define an extension, there is a set of requirements that SHALL be met as part of the definition of the extension. Applications processing a resource are required to check for modifier extensions.

Modifier extensions SHALL NOT change the meaning of any elements on Resource or DomainResource (including cannot change the meaning of modifierExtension itself).","There can be no stigma associated with the use of extensions by any application, project, or standard - regardless of the institution or jurisdiction that uses or defines the extensions.  The use of extensions is what allows the FHIR specification to retain a core level of simplicity for everyone.","Modifier extensions allow for extensions that *cannot* be safely ignored to be clearly distinguished from the vast majority of extensions which can be safely ignored.  This promotes interoperability by eliminating the need for implementers to prohibit the presence of extensions. For further information, see the [definition of modifier extensions](http://hl7.org/fhir/R4/extensibility.html#modifierExtension).","","","","","","","",,,,,"",,,,"BackboneElement.modifierExtension",0,*,"","ele-1:All FHIR elements must have a @value or children {hasValue() or (children().count() > id.count())}
ext-1:Must have either extensions or value[x], not both {extension.exists() != value.exists()}"
"dnpm-lm-patient-record.ngsReports.results.rnaFusions.fusionPartner5prime.transcript.value","dnpm-lm-patient-record.ngsReports.results.rnaFusions.fusionPartner5prime.transcript.value","","","",1,1,"","","","string {[]} {[]}
","Transcript ID (e.g. ENST...)","Transcript ID (e.g. ENST...)","","","","","","","","","",,,,,"",,,,"dnpm-lm-patient-record.ngsReports.results.rnaFusions.fusionPartner5prime.transcript.value",1,1,"",""
"dnpm-lm-patient-record.ngsReports.results.rnaFusions.fusionPartner5prime.transcript.system","dnpm-lm-patient-record.ngsReports.results.rnaFusions.fusionPartner5prime.transcript.system","","","",1,1,"","","","string {[]} {[]}
","Transcript system URI","Transcript system URI","","","","","","","","","",,,,,"",,,,"dnpm-lm-patient-record.ngsReports.results.rnaFusions.fusionPartner5prime.transcript.system",1,1,"",""
"dnpm-lm-patient-record.ngsReports.results.rnaFusions.fusionPartner5prime.exon","dnpm-lm-patient-record.ngsReports.results.rnaFusions.fusionPartner5prime.exon","","","",0,1,"","","","string {[]} {[]}
","Exon identifier","Exon identifier","","","","","","","","","",,,,,"",,,,"dnpm-lm-patient-record.ngsReports.results.rnaFusions.fusionPartner5prime.exon",0,1,"",""
"dnpm-lm-patient-record.ngsReports.results.rnaFusions.fusionPartner5prime.position","dnpm-lm-patient-record.ngsReports.results.rnaFusions.fusionPartner5prime.position","","","",1,1,"","","","integer {[]} {[]}
","Breakpoint position","Breakpoint position","","","","","","","","","",,,,,"",,,,"dnpm-lm-patient-record.ngsReports.results.rnaFusions.fusionPartner5prime.position",1,1,"",""
"dnpm-lm-patient-record.ngsReports.results.rnaFusions.fusionPartner5prime.strand","dnpm-lm-patient-record.ngsReports.results.rnaFusions.fusionPartner5prime.strand","","","",0,1,"","","","string {[]} {[]}
","Strand (+ or -)","Strand (+ or -)","","","","","","","","","",,,,,"",,,,"dnpm-lm-patient-record.ngsReports.results.rnaFusions.fusionPartner5prime.strand",0,1,"",""
"dnpm-lm-patient-record.ngsReports.results.rnaFusions.fusionPartner3prime","dnpm-lm-patient-record.ngsReports.results.rnaFusions.fusionPartner3prime","","","",0,1,"","","","BackboneElement {[]} {[]}
","3-prime fusion partner","3-prime fusion partner","","","","","","","","","",,,,,"",,,,"dnpm-lm-patient-record.ngsReports.results.rnaFusions.fusionPartner3prime",0,1,"","ele-1:All FHIR elements must have a @value or children {hasValue() or (children().count() > id.count())}
"
"dnpm-lm-patient-record.ngsReports.results.rnaFusions.fusionPartner3prime.id","dnpm-lm-patient-record.ngsReports.results.rnaFusions.fusionPartner3prime.id","","","",0,1,"","","","string {[]} {[]}
","Unique id for inter-element referencing","Unique id for the element within a resource (for internal references). This may be any string value that does not contain spaces.","","","","","","","","","",,,,,"",,,,"Element.id",0,1,"",""
"dnpm-lm-patient-record.ngsReports.results.rnaFusions.fusionPartner3prime.extension","dnpm-lm-patient-record.ngsReports.results.rnaFusions.fusionPartner3prime.extension","","extensions
user content","",0,*,"","","","Extension {[]} {[]}
","Additional content defined by implementations","May be used to represent additional information that is not part of the basic definition of the element. To make the use of extensions safe and manageable, there is a strict set of governance  applied to the definition and use of extensions. Though any implementer can define an extension, there is a set of requirements that SHALL be met as part of the definition of the extension.","There can be no stigma associated with the use of extensions by any application, project, or standard - regardless of the institution or jurisdiction that uses or defines the extensions.  The use of extensions is what allows the FHIR specification to retain a core level of simplicity for everyone.","","","","","","","","",,,,,"","value:url}
","Extensions are always sliced by (at least) url",,"open","Element.extension",0,*,"","ele-1:All FHIR elements must have a @value or children {hasValue() or (children().count() > id.count())}
ext-1:Must have either extensions or value[x], not both {extension.exists() != value.exists()}"
"dnpm-lm-patient-record.ngsReports.results.rnaFusions.fusionPartner3prime.modifierExtension","dnpm-lm-patient-record.ngsReports.results.rnaFusions.fusionPartner3prime.modifierExtension","","extensions
user contentmodifiers","",0,*,"","Y","Y","Extension {[]} {[]}
","Extensions that cannot be ignored even if unrecognized","May be used to represent additional information that is not part of the basic definition of the element and that modifies the understanding of the element in which it is contained and/or the understanding of the containing element's descendants. Usually modifier elements provide negation or qualification. To make the use of extensions safe and manageable, there is a strict set of governance applied to the definition and use of extensions. Though any implementer can define an extension, there is a set of requirements that SHALL be met as part of the definition of the extension. Applications processing a resource are required to check for modifier extensions.

Modifier extensions SHALL NOT change the meaning of any elements on Resource or DomainResource (including cannot change the meaning of modifierExtension itself).","There can be no stigma associated with the use of extensions by any application, project, or standard - regardless of the institution or jurisdiction that uses or defines the extensions.  The use of extensions is what allows the FHIR specification to retain a core level of simplicity for everyone.","Modifier extensions allow for extensions that *cannot* be safely ignored to be clearly distinguished from the vast majority of extensions which can be safely ignored.  This promotes interoperability by eliminating the need for implementers to prohibit the presence of extensions. For further information, see the [definition of modifier extensions](http://hl7.org/fhir/R4/extensibility.html#modifierExtension).","","","","","","","",,,,,"",,,,"BackboneElement.modifierExtension",0,*,"","ele-1:All FHIR elements must have a @value or children {hasValue() or (children().count() > id.count())}
ext-1:Must have either extensions or value[x], not both {extension.exists() != value.exists()}"
"dnpm-lm-patient-record.ngsReports.results.rnaFusions.fusionPartner3prime.gene","dnpm-lm-patient-record.ngsReports.results.rnaFusions.fusionPartner3prime.gene","","","",1,1,"","","","BackboneElement {[]} {[]}
","3-prime partner gene","3-prime partner gene","","","","","","","","","",,,,,"",,,,"dnpm-lm-patient-record.ngsReports.results.rnaFusions.fusionPartner3prime.gene",1,1,"","ele-1:All FHIR elements must have a @value or children {hasValue() or (children().count() > id.count())}
"
"dnpm-lm-patient-record.ngsReports.results.rnaFusions.fusionPartner3prime.gene.id","dnpm-lm-patient-record.ngsReports.results.rnaFusions.fusionPartner3prime.gene.id","","","",0,1,"","","","string {[]} {[]}
","Unique id for inter-element referencing","Unique id for the element within a resource (for internal references). This may be any string value that does not contain spaces.","","","","","","","","","",,,,,"",,,,"Element.id",0,1,"",""
"dnpm-lm-patient-record.ngsReports.results.rnaFusions.fusionPartner3prime.gene.extension","dnpm-lm-patient-record.ngsReports.results.rnaFusions.fusionPartner3prime.gene.extension","","extensions
user content","",0,*,"","","","Extension {[]} {[]}
","Additional content defined by implementations","May be used to represent additional information that is not part of the basic definition of the element. To make the use of extensions safe and manageable, there is a strict set of governance  applied to the definition and use of extensions. Though any implementer can define an extension, there is a set of requirements that SHALL be met as part of the definition of the extension.","There can be no stigma associated with the use of extensions by any application, project, or standard - regardless of the institution or jurisdiction that uses or defines the extensions.  The use of extensions is what allows the FHIR specification to retain a core level of simplicity for everyone.","","","","","","","","",,,,,"","value:url}
","Extensions are always sliced by (at least) url",,"open","Element.extension",0,*,"","ele-1:All FHIR elements must have a @value or children {hasValue() or (children().count() > id.count())}
ext-1:Must have either extensions or value[x], not both {extension.exists() != value.exists()}"
"dnpm-lm-patient-record.ngsReports.results.rnaFusions.fusionPartner3prime.gene.modifierExtension","dnpm-lm-patient-record.ngsReports.results.rnaFusions.fusionPartner3prime.gene.modifierExtension","","extensions
user contentmodifiers","",0,*,"","Y","Y","Extension {[]} {[]}
","Extensions that cannot be ignored even if unrecognized","May be used to represent additional information that is not part of the basic definition of the element and that modifies the understanding of the element in which it is contained and/or the understanding of the containing element's descendants. Usually modifier elements provide negation or qualification. To make the use of extensions safe and manageable, there is a strict set of governance applied to the definition and use of extensions. Though any implementer can define an extension, there is a set of requirements that SHALL be met as part of the definition of the extension. Applications processing a resource are required to check for modifier extensions.

Modifier extensions SHALL NOT change the meaning of any elements on Resource or DomainResource (including cannot change the meaning of modifierExtension itself).","There can be no stigma associated with the use of extensions by any application, project, or standard - regardless of the institution or jurisdiction that uses or defines the extensions.  The use of extensions is what allows the FHIR specification to retain a core level of simplicity for everyone.","Modifier extensions allow for extensions that *cannot* be safely ignored to be clearly distinguished from the vast majority of extensions which can be safely ignored.  This promotes interoperability by eliminating the need for implementers to prohibit the presence of extensions. For further information, see the [definition of modifier extensions](http://hl7.org/fhir/R4/extensibility.html#modifierExtension).","","","","","","","",,,,,"",,,,"BackboneElement.modifierExtension",0,*,"","ele-1:All FHIR elements must have a @value or children {hasValue() or (children().count() > id.count())}
ext-1:Must have either extensions or value[x], not both {extension.exists() != value.exists()}"
"dnpm-lm-patient-record.ngsReports.results.rnaFusions.fusionPartner3prime.gene.code","dnpm-lm-patient-record.ngsReports.results.rnaFusions.fusionPartner3prime.gene.code","","","",1,1,"","","","string {[]} {[]}
","HGNC gene code","HGNC gene code","","","","","","","","","",,,,,"",,,,"dnpm-lm-patient-record.ngsReports.results.rnaFusions.fusionPartner3prime.gene.code",1,1,"",""
"dnpm-lm-patient-record.ngsReports.results.rnaFusions.fusionPartner3prime.gene.display","dnpm-lm-patient-record.ngsReports.results.rnaFusions.fusionPartner3prime.gene.display","","","",0,1,"","","","string {[]} {[]}
","Gene symbol","Gene symbol","","","","","","","","","",,,,,"",,,,"dnpm-lm-patient-record.ngsReports.results.rnaFusions.fusionPartner3prime.gene.display",0,1,"",""
"dnpm-lm-patient-record.ngsReports.results.rnaFusions.fusionPartner3prime.gene.system","dnpm-lm-patient-record.ngsReports.results.rnaFusions.fusionPartner3prime.gene.system","","","",1,1,"","","","string {[]} {[]}
","Gene nomenclature system URI","Gene nomenclature system URI","","","","","","","","","",,,,,"",,,,"dnpm-lm-patient-record.ngsReports.results.rnaFusions.fusionPartner3prime.gene.system",1,1,"",""
"dnpm-lm-patient-record.ngsReports.results.rnaFusions.fusionPartner3prime.transcript","dnpm-lm-patient-record.ngsReports.results.rnaFusions.fusionPartner3prime.transcript","","","",0,1,"","","","BackboneElement {[]} {[]}
","3-prime transcript","3-prime transcript","","","","","","","","","",,,,,"",,,,"dnpm-lm-patient-record.ngsReports.results.rnaFusions.fusionPartner3prime.transcript",0,1,"","ele-1:All FHIR elements must have a @value or children {hasValue() or (children().count() > id.count())}
"
"dnpm-lm-patient-record.ngsReports.results.rnaFusions.fusionPartner3prime.transcript.id","dnpm-lm-patient-record.ngsReports.results.rnaFusions.fusionPartner3prime.transcript.id","","","",0,1,"","","","string {[]} {[]}
","Unique id for inter-element referencing","Unique id for the element within a resource (for internal references). This may be any string value that does not contain spaces.","","","","","","","","","",,,,,"",,,,"Element.id",0,1,"",""
"dnpm-lm-patient-record.ngsReports.results.rnaFusions.fusionPartner3prime.transcript.extension","dnpm-lm-patient-record.ngsReports.results.rnaFusions.fusionPartner3prime.transcript.extension","","extensions
user content","",0,*,"","","","Extension {[]} {[]}
","Additional content defined by implementations","May be used to represent additional information that is not part of the basic definition of the element. To make the use of extensions safe and manageable, there is a strict set of governance  applied to the definition and use of extensions. Though any implementer can define an extension, there is a set of requirements that SHALL be met as part of the definition of the extension.","There can be no stigma associated with the use of extensions by any application, project, or standard - regardless of the institution or jurisdiction that uses or defines the extensions.  The use of extensions is what allows the FHIR specification to retain a core level of simplicity for everyone.","","","","","","","","",,,,,"","value:url}
","Extensions are always sliced by (at least) url",,"open","Element.extension",0,*,"","ele-1:All FHIR elements must have a @value or children {hasValue() or (children().count() > id.count())}
ext-1:Must have either extensions or value[x], not both {extension.exists() != value.exists()}"
"dnpm-lm-patient-record.ngsReports.results.rnaFusions.fusionPartner3prime.transcript.modifierExtension","dnpm-lm-patient-record.ngsReports.results.rnaFusions.fusionPartner3prime.transcript.modifierExtension","","extensions
user contentmodifiers","",0,*,"","Y","Y","Extension {[]} {[]}
","Extensions that cannot be ignored even if unrecognized","May be used to represent additional information that is not part of the basic definition of the element and that modifies the understanding of the element in which it is contained and/or the understanding of the containing element's descendants. Usually modifier elements provide negation or qualification. To make the use of extensions safe and manageable, there is a strict set of governance applied to the definition and use of extensions. Though any implementer can define an extension, there is a set of requirements that SHALL be met as part of the definition of the extension. Applications processing a resource are required to check for modifier extensions.

Modifier extensions SHALL NOT change the meaning of any elements on Resource or DomainResource (including cannot change the meaning of modifierExtension itself).","There can be no stigma associated with the use of extensions by any application, project, or standard - regardless of the institution or jurisdiction that uses or defines the extensions.  The use of extensions is what allows the FHIR specification to retain a core level of simplicity for everyone.","Modifier extensions allow for extensions that *cannot* be safely ignored to be clearly distinguished from the vast majority of extensions which can be safely ignored.  This promotes interoperability by eliminating the need for implementers to prohibit the presence of extensions. For further information, see the [definition of modifier extensions](http://hl7.org/fhir/R4/extensibility.html#modifierExtension).","","","","","","","",,,,,"",,,,"BackboneElement.modifierExtension",0,*,"","ele-1:All FHIR elements must have a @value or children {hasValue() or (children().count() > id.count())}
ext-1:Must have either extensions or value[x], not both {extension.exists() != value.exists()}"
"dnpm-lm-patient-record.ngsReports.results.rnaFusions.fusionPartner3prime.transcript.value","dnpm-lm-patient-record.ngsReports.results.rnaFusions.fusionPartner3prime.transcript.value","","","",1,1,"","","","string {[]} {[]}
","Transcript ID (e.g. ENST...)","Transcript ID (e.g. ENST...)","","","","","","","","","",,,,,"",,,,"dnpm-lm-patient-record.ngsReports.results.rnaFusions.fusionPartner3prime.transcript.value",1,1,"",""
"dnpm-lm-patient-record.ngsReports.results.rnaFusions.fusionPartner3prime.transcript.system","dnpm-lm-patient-record.ngsReports.results.rnaFusions.fusionPartner3prime.transcript.system","","","",1,1,"","","","string {[]} {[]}
","Transcript system URI","Transcript system URI","","","","","","","","","",,,,,"",,,,"dnpm-lm-patient-record.ngsReports.results.rnaFusions.fusionPartner3prime.transcript.system",1,1,"",""
"dnpm-lm-patient-record.ngsReports.results.rnaFusions.fusionPartner3prime.exon","dnpm-lm-patient-record.ngsReports.results.rnaFusions.fusionPartner3prime.exon","","","",0,1,"","","","string {[]} {[]}
","Exon identifier","Exon identifier","","","","","","","","","",,,,,"",,,,"dnpm-lm-patient-record.ngsReports.results.rnaFusions.fusionPartner3prime.exon",0,1,"",""
"dnpm-lm-patient-record.ngsReports.results.rnaFusions.fusionPartner3prime.position","dnpm-lm-patient-record.ngsReports.results.rnaFusions.fusionPartner3prime.position","","","",1,1,"","","","integer {[]} {[]}
","Breakpoint position","Breakpoint position","","","","","","","","","",,,,,"",,,,"dnpm-lm-patient-record.ngsReports.results.rnaFusions.fusionPartner3prime.position",1,1,"",""
"dnpm-lm-patient-record.ngsReports.results.rnaFusions.fusionPartner3prime.strand","dnpm-lm-patient-record.ngsReports.results.rnaFusions.fusionPartner3prime.strand","","","",0,1,"","","","string {[]} {[]}
","Strand (+ or -)","Strand (+ or -)","","","","","","","","","",,,,,"",,,,"dnpm-lm-patient-record.ngsReports.results.rnaFusions.fusionPartner3prime.strand",0,1,"",""
"dnpm-lm-patient-record.ngsReports.results.rnaFusions.effect","dnpm-lm-patient-record.ngsReports.results.rnaFusions.effect","","","",0,1,"","","","BackboneElement {[]} {[]}
","RNA fusion effect","RNA fusion effect","","","","","","","","","",,,,,"",,,,"dnpm-lm-patient-record.ngsReports.results.rnaFusions.effect",0,1,"","ele-1:All FHIR elements must have a @value or children {hasValue() or (children().count() > id.count())}
"
"dnpm-lm-patient-record.ngsReports.results.rnaFusions.effect.id","dnpm-lm-patient-record.ngsReports.results.rnaFusions.effect.id","","","",0,1,"","","","string {[]} {[]}
","Unique id for inter-element referencing","Unique id for the element within a resource (for internal references). This may be any string value that does not contain spaces.","","","","","","","","","",,,,,"",,,,"Element.id",0,1,"",""
"dnpm-lm-patient-record.ngsReports.results.rnaFusions.effect.extension","dnpm-lm-patient-record.ngsReports.results.rnaFusions.effect.extension","","extensions
user content","",0,*,"","","","Extension {[]} {[]}
","Additional content defined by implementations","May be used to represent additional information that is not part of the basic definition of the element. To make the use of extensions safe and manageable, there is a strict set of governance  applied to the definition and use of extensions. Though any implementer can define an extension, there is a set of requirements that SHALL be met as part of the definition of the extension.","There can be no stigma associated with the use of extensions by any application, project, or standard - regardless of the institution or jurisdiction that uses or defines the extensions.  The use of extensions is what allows the FHIR specification to retain a core level of simplicity for everyone.","","","","","","","","",,,,,"","value:url}
","Extensions are always sliced by (at least) url",,"open","Element.extension",0,*,"","ele-1:All FHIR elements must have a @value or children {hasValue() or (children().count() > id.count())}
ext-1:Must have either extensions or value[x], not both {extension.exists() != value.exists()}"
"dnpm-lm-patient-record.ngsReports.results.rnaFusions.effect.modifierExtension","dnpm-lm-patient-record.ngsReports.results.rnaFusions.effect.modifierExtension","","extensions
user contentmodifiers","",0,*,"","Y","Y","Extension {[]} {[]}
","Extensions that cannot be ignored even if unrecognized","May be used to represent additional information that is not part of the basic definition of the element and that modifies the understanding of the element in which it is contained and/or the understanding of the containing element's descendants. Usually modifier elements provide negation or qualification. To make the use of extensions safe and manageable, there is a strict set of governance applied to the definition and use of extensions. Though any implementer can define an extension, there is a set of requirements that SHALL be met as part of the definition of the extension. Applications processing a resource are required to check for modifier extensions.

Modifier extensions SHALL NOT change the meaning of any elements on Resource or DomainResource (including cannot change the meaning of modifierExtension itself).","There can be no stigma associated with the use of extensions by any application, project, or standard - regardless of the institution or jurisdiction that uses or defines the extensions.  The use of extensions is what allows the FHIR specification to retain a core level of simplicity for everyone.","Modifier extensions allow for extensions that *cannot* be safely ignored to be clearly distinguished from the vast majority of extensions which can be safely ignored.  This promotes interoperability by eliminating the need for implementers to prohibit the presence of extensions. For further information, see the [definition of modifier extensions](http://hl7.org/fhir/R4/extensibility.html#modifierExtension).","","","","","","","",,,,,"",,,,"BackboneElement.modifierExtension",0,*,"","ele-1:All FHIR elements must have a @value or children {hasValue() or (children().count() > id.count())}
ext-1:Must have either extensions or value[x], not both {extension.exists() != value.exists()}"
"dnpm-lm-patient-record.ngsReports.results.rnaFusions.effect.code","dnpm-lm-patient-record.ngsReports.results.rnaFusions.effect.code","","","",1,1,"","","","string {[]} {[]}
","Effect code (e.g. in-frame)","Effect code (e.g. in-frame)","","","","","","","","","",,,,,"",,,,"dnpm-lm-patient-record.ngsReports.results.rnaFusions.effect.code",1,1,"",""
"dnpm-lm-patient-record.ngsReports.results.rnaFusions.effect.display","dnpm-lm-patient-record.ngsReports.results.rnaFusions.effect.display","","","",0,1,"","","","string {[]} {[]}
","Effect display","Effect display","","","","","","","","","",,,,,"",,,,"dnpm-lm-patient-record.ngsReports.results.rnaFusions.effect.display",0,1,"",""
"dnpm-lm-patient-record.ngsReports.results.rnaFusions.effect.system","dnpm-lm-patient-record.ngsReports.results.rnaFusions.effect.system","","","",1,1,"","","","string {[]} {[]}
","Effect system URI","Effect system URI","","","","","","","","","",,,,,"",,,,"dnpm-lm-patient-record.ngsReports.results.rnaFusions.effect.system",1,1,"",""
"dnpm-lm-patient-record.ngsReports.results.rnaFusions.reportedNumReads","dnpm-lm-patient-record.ngsReports.results.rnaFusions.reportedNumReads","","","",0,1,"","","","integer {[]} {[]}
","Supporting read count","Supporting read count","","","","","","","","","",,,,,"",,,,"dnpm-lm-patient-record.ngsReports.results.rnaFusions.reportedNumReads",0,1,"",""
"dnpm-lm-patient-record.carePlans","dnpm-lm-patient-record.carePlans","","","",0,*,"","","","BackboneElement {[]} {[]}
","MTB care plans","MTB care plans","","","","","","","","","",,,,,"",,,,"dnpm-lm-patient-record.carePlans",0,*,"","ele-1:All FHIR elements must have a @value or children {hasValue() or (children().count() > id.count())}
","MTB: Therapieplan (CarePlan)"
"dnpm-lm-patient-record.carePlans.id","dnpm-lm-patient-record.carePlans.id","","","",1,1,"","","","string {[]} {[]}
","Care plan UUID","Care plan UUID","","","","","","","","","",,,,,"",,,,"Element.id",0,1,"","","MTB: CarePlan.identifier"
"dnpm-lm-patient-record.carePlans.extension","dnpm-lm-patient-record.carePlans.extension","","extensions
user content","",0,*,"","","","Extension {[]} {[]}
","Additional content defined by implementations","May be used to represent additional information that is not part of the basic definition of the element. To make the use of extensions safe and manageable, there is a strict set of governance  applied to the definition and use of extensions. Though any implementer can define an extension, there is a set of requirements that SHALL be met as part of the definition of the extension.","There can be no stigma associated with the use of extensions by any application, project, or standard - regardless of the institution or jurisdiction that uses or defines the extensions.  The use of extensions is what allows the FHIR specification to retain a core level of simplicity for everyone.","","","","","","","","",,,,,"","value:url}
","Extensions are always sliced by (at least) url",,"open","Element.extension",0,*,"","ele-1:All FHIR elements must have a @value or children {hasValue() or (children().count() > id.count())}
ext-1:Must have either extensions or value[x], not both {extension.exists() != value.exists()}"
"dnpm-lm-patient-record.carePlans.modifierExtension","dnpm-lm-patient-record.carePlans.modifierExtension","","extensions
user contentmodifiers","",0,*,"","Y","Y","Extension {[]} {[]}
","Extensions that cannot be ignored even if unrecognized","May be used to represent additional information that is not part of the basic definition of the element and that modifies the understanding of the element in which it is contained and/or the understanding of the containing element's descendants. Usually modifier elements provide negation or qualification. To make the use of extensions safe and manageable, there is a strict set of governance applied to the definition and use of extensions. Though any implementer can define an extension, there is a set of requirements that SHALL be met as part of the definition of the extension. Applications processing a resource are required to check for modifier extensions.

Modifier extensions SHALL NOT change the meaning of any elements on Resource or DomainResource (including cannot change the meaning of modifierExtension itself).","There can be no stigma associated with the use of extensions by any application, project, or standard - regardless of the institution or jurisdiction that uses or defines the extensions.  The use of extensions is what allows the FHIR specification to retain a core level of simplicity for everyone.","Modifier extensions allow for extensions that *cannot* be safely ignored to be clearly distinguished from the vast majority of extensions which can be safely ignored.  This promotes interoperability by eliminating the need for implementers to prohibit the presence of extensions. For further information, see the [definition of modifier extensions](http://hl7.org/fhir/R4/extensibility.html#modifierExtension).","","","","","","","",,,,,"",,,,"BackboneElement.modifierExtension",0,*,"","ele-1:All FHIR elements must have a @value or children {hasValue() or (children().count() > id.count())}
ext-1:Must have either extensions or value[x], not both {extension.exists() != value.exists()}"
"dnpm-lm-patient-record.carePlans.patient","dnpm-lm-patient-record.carePlans.patient","","","",1,1,"","","","BackboneElement {[]} {[]}
","Patient reference","Patient reference","","","","","","","","","",,,,,"",,,,"dnpm-lm-patient-record.carePlans.patient",1,1,"","ele-1:All FHIR elements must have a @value or children {hasValue() or (children().count() > id.count())}
","MTB: CarePlan.subject"
"dnpm-lm-patient-record.carePlans.patient.id","dnpm-lm-patient-record.carePlans.patient.id","","","",1,1,"","","","string {[]} {[]}
","Patient ID","Patient ID","","","","","","","","","",,,,,"",,,,"Element.id",0,1,"",""
"dnpm-lm-patient-record.carePlans.patient.extension","dnpm-lm-patient-record.carePlans.patient.extension","","extensions
user content","",0,*,"","","","Extension {[]} {[]}
","Additional content defined by implementations","May be used to represent additional information that is not part of the basic definition of the element. To make the use of extensions safe and manageable, there is a strict set of governance  applied to the definition and use of extensions. Though any implementer can define an extension, there is a set of requirements that SHALL be met as part of the definition of the extension.","There can be no stigma associated with the use of extensions by any application, project, or standard - regardless of the institution or jurisdiction that uses or defines the extensions.  The use of extensions is what allows the FHIR specification to retain a core level of simplicity for everyone.","","","","","","","","",,,,,"","value:url}
","Extensions are always sliced by (at least) url",,"open","Element.extension",0,*,"","ele-1:All FHIR elements must have a @value or children {hasValue() or (children().count() > id.count())}
ext-1:Must have either extensions or value[x], not both {extension.exists() != value.exists()}"
"dnpm-lm-patient-record.carePlans.patient.modifierExtension","dnpm-lm-patient-record.carePlans.patient.modifierExtension","","extensions
user contentmodifiers","",0,*,"","Y","Y","Extension {[]} {[]}
","Extensions that cannot be ignored even if unrecognized","May be used to represent additional information that is not part of the basic definition of the element and that modifies the understanding of the element in which it is contained and/or the understanding of the containing element's descendants. Usually modifier elements provide negation or qualification. To make the use of extensions safe and manageable, there is a strict set of governance applied to the definition and use of extensions. Though any implementer can define an extension, there is a set of requirements that SHALL be met as part of the definition of the extension. Applications processing a resource are required to check for modifier extensions.

Modifier extensions SHALL NOT change the meaning of any elements on Resource or DomainResource (including cannot change the meaning of modifierExtension itself).","There can be no stigma associated with the use of extensions by any application, project, or standard - regardless of the institution or jurisdiction that uses or defines the extensions.  The use of extensions is what allows the FHIR specification to retain a core level of simplicity for everyone.","Modifier extensions allow for extensions that *cannot* be safely ignored to be clearly distinguished from the vast majority of extensions which can be safely ignored.  This promotes interoperability by eliminating the need for implementers to prohibit the presence of extensions. For further information, see the [definition of modifier extensions](http://hl7.org/fhir/R4/extensibility.html#modifierExtension).","","","","","","","",,,,,"",,,,"BackboneElement.modifierExtension",0,*,"","ele-1:All FHIR elements must have a @value or children {hasValue() or (children().count() > id.count())}
ext-1:Must have either extensions or value[x], not both {extension.exists() != value.exists()}"
"dnpm-lm-patient-record.carePlans.patient.type","dnpm-lm-patient-record.carePlans.patient.type","","","",1,1,"","","","string {[]} {[]}
","Reference type (Patient)","Reference type (Patient)","","","","","","","","","",,,,,"",,,,"dnpm-lm-patient-record.carePlans.patient.type",1,1,"",""
"dnpm-lm-patient-record.carePlans.issuedOn","dnpm-lm-patient-record.carePlans.issuedOn","","","",1,1,"","","","string {[]} {[]}
","Issue date (YYYY-MM-DD)","Issue date (YYYY-MM-DD)","","","","","","","","","",,,,,"",,,,"dnpm-lm-patient-record.carePlans.issuedOn",1,1,"","","MTB: CarePlan.created"
"dnpm-lm-patient-record.carePlans.reason","dnpm-lm-patient-record.carePlans.reason","","","",0,1,"","","","BackboneElement {[]} {[]}
","Indication (MTBDiagnosis) reference","Indication (MTBDiagnosis) reference","","","","","","","","","",,,,,"",,,,"dnpm-lm-patient-record.carePlans.reason",0,1,"","ele-1:All FHIR elements must have a @value or children {hasValue() or (children().count() > id.count())}
","MTB: CarePlan.addresses"
"dnpm-lm-patient-record.carePlans.reason.id","dnpm-lm-patient-record.carePlans.reason.id","","","",1,1,"","","","string {[]} {[]}
","Diagnosis ID","Diagnosis ID","","","","","","","","","",,,,,"",,,,"Element.id",0,1,"",""
"dnpm-lm-patient-record.carePlans.reason.extension","dnpm-lm-patient-record.carePlans.reason.extension","","extensions
user content","",0,*,"","","","Extension {[]} {[]}
","Additional content defined by implementations","May be used to represent additional information that is not part of the basic definition of the element. To make the use of extensions safe and manageable, there is a strict set of governance  applied to the definition and use of extensions. Though any implementer can define an extension, there is a set of requirements that SHALL be met as part of the definition of the extension.","There can be no stigma associated with the use of extensions by any application, project, or standard - regardless of the institution or jurisdiction that uses or defines the extensions.  The use of extensions is what allows the FHIR specification to retain a core level of simplicity for everyone.","","","","","","","","",,,,,"","value:url}
","Extensions are always sliced by (at least) url",,"open","Element.extension",0,*,"","ele-1:All FHIR elements must have a @value or children {hasValue() or (children().count() > id.count())}
ext-1:Must have either extensions or value[x], not both {extension.exists() != value.exists()}"
"dnpm-lm-patient-record.carePlans.reason.modifierExtension","dnpm-lm-patient-record.carePlans.reason.modifierExtension","","extensions
user contentmodifiers","",0,*,"","Y","Y","Extension {[]} {[]}
","Extensions that cannot be ignored even if unrecognized","May be used to represent additional information that is not part of the basic definition of the element and that modifies the understanding of the element in which it is contained and/or the understanding of the containing element's descendants. Usually modifier elements provide negation or qualification. To make the use of extensions safe and manageable, there is a strict set of governance applied to the definition and use of extensions. Though any implementer can define an extension, there is a set of requirements that SHALL be met as part of the definition of the extension. Applications processing a resource are required to check for modifier extensions.

Modifier extensions SHALL NOT change the meaning of any elements on Resource or DomainResource (including cannot change the meaning of modifierExtension itself).","There can be no stigma associated with the use of extensions by any application, project, or standard - regardless of the institution or jurisdiction that uses or defines the extensions.  The use of extensions is what allows the FHIR specification to retain a core level of simplicity for everyone.","Modifier extensions allow for extensions that *cannot* be safely ignored to be clearly distinguished from the vast majority of extensions which can be safely ignored.  This promotes interoperability by eliminating the need for implementers to prohibit the presence of extensions. For further information, see the [definition of modifier extensions](http://hl7.org/fhir/R4/extensibility.html#modifierExtension).","","","","","","","",,,,,"",,,,"BackboneElement.modifierExtension",0,*,"","ele-1:All FHIR elements must have a @value or children {hasValue() or (children().count() > id.count())}
ext-1:Must have either extensions or value[x], not both {extension.exists() != value.exists()}"
"dnpm-lm-patient-record.carePlans.reason.type","dnpm-lm-patient-record.carePlans.reason.type","","","",1,1,"","","","string {[]} {[]}
","Reference type (MTBDiagnosis)","Reference type (MTBDiagnosis)","","","","","","","","","",,,,,"",,,,"dnpm-lm-patient-record.carePlans.reason.type",1,1,"",""
"dnpm-lm-patient-record.carePlans.noTargetFinding","dnpm-lm-patient-record.carePlans.noTargetFinding","","","",0,1,"","","","boolean {[]} {[]}
","True when no actionable target was found","True when no actionable target was found","","","","","","","","","",,,,,"",,,,"dnpm-lm-patient-record.carePlans.noTargetFinding",0,1,"","","MTB: CarePlan.extension(noTargetFinding)"
"dnpm-lm-patient-record.carePlans.geneticCounselingRecommendation","dnpm-lm-patient-record.carePlans.geneticCounselingRecommendation","","","",0,1,"","","","BackboneElement {[]} {[]}
","Genetic counselling recommendation","Genetic counselling recommendation","","","","","","","","","",,,,,"",,,,"dnpm-lm-patient-record.carePlans.geneticCounselingRecommendation",0,1,"","ele-1:All FHIR elements must have a @value or children {hasValue() or (children().count() > id.count())}
","MTB: Humangenetische Beratung (ServiceRequest)"
"dnpm-lm-patient-record.carePlans.geneticCounselingRecommendation.id","dnpm-lm-patient-record.carePlans.geneticCounselingRecommendation.id","","","",1,1,"","","","string {[]} {[]}
","Recommendation UUID","Recommendation UUID","","","","","","","","","",,,,,"",,,,"Element.id",0,1,"",""
"dnpm-lm-patient-record.carePlans.geneticCounselingRecommendation.extension","dnpm-lm-patient-record.carePlans.geneticCounselingRecommendation.extension","","extensions
user content","",0,*,"","","","Extension {[]} {[]}
","Additional content defined by implementations","May be used to represent additional information that is not part of the basic definition of the element. To make the use of extensions safe and manageable, there is a strict set of governance  applied to the definition and use of extensions. Though any implementer can define an extension, there is a set of requirements that SHALL be met as part of the definition of the extension.","There can be no stigma associated with the use of extensions by any application, project, or standard - regardless of the institution or jurisdiction that uses or defines the extensions.  The use of extensions is what allows the FHIR specification to retain a core level of simplicity for everyone.","","","","","","","","",,,,,"","value:url}
","Extensions are always sliced by (at least) url",,"open","Element.extension",0,*,"","ele-1:All FHIR elements must have a @value or children {hasValue() or (children().count() > id.count())}
ext-1:Must have either extensions or value[x], not both {extension.exists() != value.exists()}"
"dnpm-lm-patient-record.carePlans.geneticCounselingRecommendation.modifierExtension","dnpm-lm-patient-record.carePlans.geneticCounselingRecommendation.modifierExtension","","extensions
user contentmodifiers","",0,*,"","Y","Y","Extension {[]} {[]}
","Extensions that cannot be ignored even if unrecognized","May be used to represent additional information that is not part of the basic definition of the element and that modifies the understanding of the element in which it is contained and/or the understanding of the containing element's descendants. Usually modifier elements provide negation or qualification. To make the use of extensions safe and manageable, there is a strict set of governance applied to the definition and use of extensions. Though any implementer can define an extension, there is a set of requirements that SHALL be met as part of the definition of the extension. Applications processing a resource are required to check for modifier extensions.

Modifier extensions SHALL NOT change the meaning of any elements on Resource or DomainResource (including cannot change the meaning of modifierExtension itself).","There can be no stigma associated with the use of extensions by any application, project, or standard - regardless of the institution or jurisdiction that uses or defines the extensions.  The use of extensions is what allows the FHIR specification to retain a core level of simplicity for everyone.","Modifier extensions allow for extensions that *cannot* be safely ignored to be clearly distinguished from the vast majority of extensions which can be safely ignored.  This promotes interoperability by eliminating the need for implementers to prohibit the presence of extensions. For further information, see the [definition of modifier extensions](http://hl7.org/fhir/R4/extensibility.html#modifierExtension).","","","","","","","",,,,,"",,,,"BackboneElement.modifierExtension",0,*,"","ele-1:All FHIR elements must have a @value or children {hasValue() or (children().count() > id.count())}
ext-1:Must have either extensions or value[x], not both {extension.exists() != value.exists()}"
"dnpm-lm-patient-record.carePlans.geneticCounselingRecommendation.patient","dnpm-lm-patient-record.carePlans.geneticCounselingRecommendation.patient","","","",1,1,"","","","BackboneElement {[]} {[]}
","Patient reference","Patient reference","","","","","","","","","",,,,,"",,,,"dnpm-lm-patient-record.carePlans.geneticCounselingRecommendation.patient",1,1,"","ele-1:All FHIR elements must have a @value or children {hasValue() or (children().count() > id.count())}
"
"dnpm-lm-patient-record.carePlans.geneticCounselingRecommendation.patient.id","dnpm-lm-patient-record.carePlans.geneticCounselingRecommendation.patient.id","","","",1,1,"","","","string {[]} {[]}
","Patient ID","Patient ID","","","","","","","","","",,,,,"",,,,"Element.id",0,1,"",""
"dnpm-lm-patient-record.carePlans.geneticCounselingRecommendation.patient.extension","dnpm-lm-patient-record.carePlans.geneticCounselingRecommendation.patient.extension","","extensions
user content","",0,*,"","","","Extension {[]} {[]}
","Additional content defined by implementations","May be used to represent additional information that is not part of the basic definition of the element. To make the use of extensions safe and manageable, there is a strict set of governance  applied to the definition and use of extensions. Though any implementer can define an extension, there is a set of requirements that SHALL be met as part of the definition of the extension.","There can be no stigma associated with the use of extensions by any application, project, or standard - regardless of the institution or jurisdiction that uses or defines the extensions.  The use of extensions is what allows the FHIR specification to retain a core level of simplicity for everyone.","","","","","","","","",,,,,"","value:url}
","Extensions are always sliced by (at least) url",,"open","Element.extension",0,*,"","ele-1:All FHIR elements must have a @value or children {hasValue() or (children().count() > id.count())}
ext-1:Must have either extensions or value[x], not both {extension.exists() != value.exists()}"
"dnpm-lm-patient-record.carePlans.geneticCounselingRecommendation.patient.modifierExtension","dnpm-lm-patient-record.carePlans.geneticCounselingRecommendation.patient.modifierExtension","","extensions
user contentmodifiers","",0,*,"","Y","Y","Extension {[]} {[]}
","Extensions that cannot be ignored even if unrecognized","May be used to represent additional information that is not part of the basic definition of the element and that modifies the understanding of the element in which it is contained and/or the understanding of the containing element's descendants. Usually modifier elements provide negation or qualification. To make the use of extensions safe and manageable, there is a strict set of governance applied to the definition and use of extensions. Though any implementer can define an extension, there is a set of requirements that SHALL be met as part of the definition of the extension. Applications processing a resource are required to check for modifier extensions.

Modifier extensions SHALL NOT change the meaning of any elements on Resource or DomainResource (including cannot change the meaning of modifierExtension itself).","There can be no stigma associated with the use of extensions by any application, project, or standard - regardless of the institution or jurisdiction that uses or defines the extensions.  The use of extensions is what allows the FHIR specification to retain a core level of simplicity for everyone.","Modifier extensions allow for extensions that *cannot* be safely ignored to be clearly distinguished from the vast majority of extensions which can be safely ignored.  This promotes interoperability by eliminating the need for implementers to prohibit the presence of extensions. For further information, see the [definition of modifier extensions](http://hl7.org/fhir/R4/extensibility.html#modifierExtension).","","","","","","","",,,,,"",,,,"BackboneElement.modifierExtension",0,*,"","ele-1:All FHIR elements must have a @value or children {hasValue() or (children().count() > id.count())}
ext-1:Must have either extensions or value[x], not both {extension.exists() != value.exists()}"
"dnpm-lm-patient-record.carePlans.geneticCounselingRecommendation.patient.type","dnpm-lm-patient-record.carePlans.geneticCounselingRecommendation.patient.type","","","",1,1,"","","","string {[]} {[]}
","Reference type (Patient)","Reference type (Patient)","","","","","","","","","",,,,,"",,,,"dnpm-lm-patient-record.carePlans.geneticCounselingRecommendation.patient.type",1,1,"",""
"dnpm-lm-patient-record.carePlans.geneticCounselingRecommendation.issuedOn","dnpm-lm-patient-record.carePlans.geneticCounselingRecommendation.issuedOn","","","",1,1,"","","","string {[]} {[]}
","Recommendation date (YYYY-MM-DD)","Recommendation date (YYYY-MM-DD)","","","","","","","","","",,,,,"",,,,"dnpm-lm-patient-record.carePlans.geneticCounselingRecommendation.issuedOn",1,1,"",""
"dnpm-lm-patient-record.carePlans.geneticCounselingRecommendation.reason","dnpm-lm-patient-record.carePlans.geneticCounselingRecommendation.reason","","","",0,1,"","","","BackboneElement {[]} {[]}
","Counselling reason","Counselling reason","","","","","","","","","",,,,,"",,,,"dnpm-lm-patient-record.carePlans.geneticCounselingRecommendation.reason",0,1,"","ele-1:All FHIR elements must have a @value or children {hasValue() or (children().count() > id.count())}
"
"dnpm-lm-patient-record.carePlans.geneticCounselingRecommendation.reason.id","dnpm-lm-patient-record.carePlans.geneticCounselingRecommendation.reason.id","","","",0,1,"","","","string {[]} {[]}
","Unique id for inter-element referencing","Unique id for the element within a resource (for internal references). This may be any string value that does not contain spaces.","","","","","","","","","",,,,,"",,,,"Element.id",0,1,"",""
"dnpm-lm-patient-record.carePlans.geneticCounselingRecommendation.reason.extension","dnpm-lm-patient-record.carePlans.geneticCounselingRecommendation.reason.extension","","extensions
user content","",0,*,"","","","Extension {[]} {[]}
","Additional content defined by implementations","May be used to represent additional information that is not part of the basic definition of the element. To make the use of extensions safe and manageable, there is a strict set of governance  applied to the definition and use of extensions. Though any implementer can define an extension, there is a set of requirements that SHALL be met as part of the definition of the extension.","There can be no stigma associated with the use of extensions by any application, project, or standard - regardless of the institution or jurisdiction that uses or defines the extensions.  The use of extensions is what allows the FHIR specification to retain a core level of simplicity for everyone.","","","","","","","","",,,,,"","value:url}
","Extensions are always sliced by (at least) url",,"open","Element.extension",0,*,"","ele-1:All FHIR elements must have a @value or children {hasValue() or (children().count() > id.count())}
ext-1:Must have either extensions or value[x], not both {extension.exists() != value.exists()}"
"dnpm-lm-patient-record.carePlans.geneticCounselingRecommendation.reason.modifierExtension","dnpm-lm-patient-record.carePlans.geneticCounselingRecommendation.reason.modifierExtension","","extensions
user contentmodifiers","",0,*,"","Y","Y","Extension {[]} {[]}
","Extensions that cannot be ignored even if unrecognized","May be used to represent additional information that is not part of the basic definition of the element and that modifies the understanding of the element in which it is contained and/or the understanding of the containing element's descendants. Usually modifier elements provide negation or qualification. To make the use of extensions safe and manageable, there is a strict set of governance applied to the definition and use of extensions. Though any implementer can define an extension, there is a set of requirements that SHALL be met as part of the definition of the extension. Applications processing a resource are required to check for modifier extensions.

Modifier extensions SHALL NOT change the meaning of any elements on Resource or DomainResource (including cannot change the meaning of modifierExtension itself).","There can be no stigma associated with the use of extensions by any application, project, or standard - regardless of the institution or jurisdiction that uses or defines the extensions.  The use of extensions is what allows the FHIR specification to retain a core level of simplicity for everyone.","Modifier extensions allow for extensions that *cannot* be safely ignored to be clearly distinguished from the vast majority of extensions which can be safely ignored.  This promotes interoperability by eliminating the need for implementers to prohibit the presence of extensions. For further information, see the [definition of modifier extensions](http://hl7.org/fhir/R4/extensibility.html#modifierExtension).","","","","","","","",,,,,"",,,,"BackboneElement.modifierExtension",0,*,"","ele-1:All FHIR elements must have a @value or children {hasValue() or (children().count() > id.count())}
ext-1:Must have either extensions or value[x], not both {extension.exists() != value.exists()}"
"dnpm-lm-patient-record.carePlans.geneticCounselingRecommendation.reason.code","dnpm-lm-patient-record.carePlans.geneticCounselingRecommendation.reason.code","","","",1,1,"","","","string {[]} {[]}
","Reason code","Reason code","","","","","","","","","",,,,,"",,,,"dnpm-lm-patient-record.carePlans.geneticCounselingRecommendation.reason.code",1,1,"",""
"dnpm-lm-patient-record.carePlans.geneticCounselingRecommendation.reason.display","dnpm-lm-patient-record.carePlans.geneticCounselingRecommendation.reason.display","","","",0,1,"","","","string {[]} {[]}
","Reason display","Reason display","","","","","","","","","",,,,,"",,,,"dnpm-lm-patient-record.carePlans.geneticCounselingRecommendation.reason.display",0,1,"",""
"dnpm-lm-patient-record.carePlans.geneticCounselingRecommendation.reason.system","dnpm-lm-patient-record.carePlans.geneticCounselingRecommendation.reason.system","","","",1,1,"","","","string {[]} {[]}
","Reason system URI","Reason system URI","","","","","","","","","",,,,,"",,,,"dnpm-lm-patient-record.carePlans.geneticCounselingRecommendation.reason.system",1,1,"",""
"dnpm-lm-patient-record.carePlans.medicationRecommendations","dnpm-lm-patient-record.carePlans.medicationRecommendations","","","",0,*,"","","","BackboneElement {[]} {[]}
","Medication therapy recommendations","Medication therapy recommendations","","","","","","","","","",,,,,"",,,,"dnpm-lm-patient-record.carePlans.medicationRecommendations",0,*,"","ele-1:All FHIR elements must have a @value or children {hasValue() or (children().count() > id.count())}
","MTB: Therapieempfehlung (MedicationRequest)"
"dnpm-lm-patient-record.carePlans.medicationRecommendations.id","dnpm-lm-patient-record.carePlans.medicationRecommendations.id","","","",1,1,"","","","string {[]} {[]}
","Recommendation UUID","Recommendation UUID","","","","","","","","","",,,,,"",,,,"Element.id",0,1,"",""
"dnpm-lm-patient-record.carePlans.medicationRecommendations.extension","dnpm-lm-patient-record.carePlans.medicationRecommendations.extension","","extensions
user content","",0,*,"","","","Extension {[]} {[]}
","Additional content defined by implementations","May be used to represent additional information that is not part of the basic definition of the element. To make the use of extensions safe and manageable, there is a strict set of governance  applied to the definition and use of extensions. Though any implementer can define an extension, there is a set of requirements that SHALL be met as part of the definition of the extension.","There can be no stigma associated with the use of extensions by any application, project, or standard - regardless of the institution or jurisdiction that uses or defines the extensions.  The use of extensions is what allows the FHIR specification to retain a core level of simplicity for everyone.","","","","","","","","",,,,,"","value:url}
","Extensions are always sliced by (at least) url",,"open","Element.extension",0,*,"","ele-1:All FHIR elements must have a @value or children {hasValue() or (children().count() > id.count())}
ext-1:Must have either extensions or value[x], not both {extension.exists() != value.exists()}"
"dnpm-lm-patient-record.carePlans.medicationRecommendations.modifierExtension","dnpm-lm-patient-record.carePlans.medicationRecommendations.modifierExtension","","extensions
user contentmodifiers","",0,*,"","Y","Y","Extension {[]} {[]}
","Extensions that cannot be ignored even if unrecognized","May be used to represent additional information that is not part of the basic definition of the element and that modifies the understanding of the element in which it is contained and/or the understanding of the containing element's descendants. Usually modifier elements provide negation or qualification. To make the use of extensions safe and manageable, there is a strict set of governance applied to the definition and use of extensions. Though any implementer can define an extension, there is a set of requirements that SHALL be met as part of the definition of the extension. Applications processing a resource are required to check for modifier extensions.

Modifier extensions SHALL NOT change the meaning of any elements on Resource or DomainResource (including cannot change the meaning of modifierExtension itself).","There can be no stigma associated with the use of extensions by any application, project, or standard - regardless of the institution or jurisdiction that uses or defines the extensions.  The use of extensions is what allows the FHIR specification to retain a core level of simplicity for everyone.","Modifier extensions allow for extensions that *cannot* be safely ignored to be clearly distinguished from the vast majority of extensions which can be safely ignored.  This promotes interoperability by eliminating the need for implementers to prohibit the presence of extensions. For further information, see the [definition of modifier extensions](http://hl7.org/fhir/R4/extensibility.html#modifierExtension).","","","","","","","",,,,,"",,,,"BackboneElement.modifierExtension",0,*,"","ele-1:All FHIR elements must have a @value or children {hasValue() or (children().count() > id.count())}
ext-1:Must have either extensions or value[x], not both {extension.exists() != value.exists()}"
"dnpm-lm-patient-record.carePlans.medicationRecommendations.patient","dnpm-lm-patient-record.carePlans.medicationRecommendations.patient","","","",1,1,"","","","BackboneElement {[]} {[]}
","Patient reference","Patient reference","","","","","","","","","",,,,,"",,,,"dnpm-lm-patient-record.carePlans.medicationRecommendations.patient",1,1,"","ele-1:All FHIR elements must have a @value or children {hasValue() or (children().count() > id.count())}
"
"dnpm-lm-patient-record.carePlans.medicationRecommendations.patient.id","dnpm-lm-patient-record.carePlans.medicationRecommendations.patient.id","","","",1,1,"","","","string {[]} {[]}
","Patient ID","Patient ID","","","","","","","","","",,,,,"",,,,"Element.id",0,1,"",""
"dnpm-lm-patient-record.carePlans.medicationRecommendations.patient.extension","dnpm-lm-patient-record.carePlans.medicationRecommendations.patient.extension","","extensions
user content","",0,*,"","","","Extension {[]} {[]}
","Additional content defined by implementations","May be used to represent additional information that is not part of the basic definition of the element. To make the use of extensions safe and manageable, there is a strict set of governance  applied to the definition and use of extensions. Though any implementer can define an extension, there is a set of requirements that SHALL be met as part of the definition of the extension.","There can be no stigma associated with the use of extensions by any application, project, or standard - regardless of the institution or jurisdiction that uses or defines the extensions.  The use of extensions is what allows the FHIR specification to retain a core level of simplicity for everyone.","","","","","","","","",,,,,"","value:url}
","Extensions are always sliced by (at least) url",,"open","Element.extension",0,*,"","ele-1:All FHIR elements must have a @value or children {hasValue() or (children().count() > id.count())}
ext-1:Must have either extensions or value[x], not both {extension.exists() != value.exists()}"
"dnpm-lm-patient-record.carePlans.medicationRecommendations.patient.modifierExtension","dnpm-lm-patient-record.carePlans.medicationRecommendations.patient.modifierExtension","","extensions
user contentmodifiers","",0,*,"","Y","Y","Extension {[]} {[]}
","Extensions that cannot be ignored even if unrecognized","May be used to represent additional information that is not part of the basic definition of the element and that modifies the understanding of the element in which it is contained and/or the understanding of the containing element's descendants. Usually modifier elements provide negation or qualification. To make the use of extensions safe and manageable, there is a strict set of governance applied to the definition and use of extensions. Though any implementer can define an extension, there is a set of requirements that SHALL be met as part of the definition of the extension. Applications processing a resource are required to check for modifier extensions.

Modifier extensions SHALL NOT change the meaning of any elements on Resource or DomainResource (including cannot change the meaning of modifierExtension itself).","There can be no stigma associated with the use of extensions by any application, project, or standard - regardless of the institution or jurisdiction that uses or defines the extensions.  The use of extensions is what allows the FHIR specification to retain a core level of simplicity for everyone.","Modifier extensions allow for extensions that *cannot* be safely ignored to be clearly distinguished from the vast majority of extensions which can be safely ignored.  This promotes interoperability by eliminating the need for implementers to prohibit the presence of extensions. For further information, see the [definition of modifier extensions](http://hl7.org/fhir/R4/extensibility.html#modifierExtension).","","","","","","","",,,,,"",,,,"BackboneElement.modifierExtension",0,*,"","ele-1:All FHIR elements must have a @value or children {hasValue() or (children().count() > id.count())}
ext-1:Must have either extensions or value[x], not both {extension.exists() != value.exists()}"
"dnpm-lm-patient-record.carePlans.medicationRecommendations.patient.type","dnpm-lm-patient-record.carePlans.medicationRecommendations.patient.type","","","",1,1,"","","","string {[]} {[]}
","Reference type (Patient)","Reference type (Patient)","","","","","","","","","",,,,,"",,,,"dnpm-lm-patient-record.carePlans.medicationRecommendations.patient.type",1,1,"",""
"dnpm-lm-patient-record.carePlans.medicationRecommendations.issuedOn","dnpm-lm-patient-record.carePlans.medicationRecommendations.issuedOn","","","",1,1,"","","","string {[]} {[]}
","Recommendation date (YYYY-MM-DD)","Recommendation date (YYYY-MM-DD)","","","","","","","","","",,,,,"",,,,"dnpm-lm-patient-record.carePlans.medicationRecommendations.issuedOn",1,1,"",""
"dnpm-lm-patient-record.carePlans.medicationRecommendations.indication","dnpm-lm-patient-record.carePlans.medicationRecommendations.indication","","","",0,1,"","","","BackboneElement {[]} {[]}
","Indication reference","Indication reference","","","","","","","","","",,,,,"",,,,"dnpm-lm-patient-record.carePlans.medicationRecommendations.indication",0,1,"","ele-1:All FHIR elements must have a @value or children {hasValue() or (children().count() > id.count())}
"
"dnpm-lm-patient-record.carePlans.medicationRecommendations.indication.id","dnpm-lm-patient-record.carePlans.medicationRecommendations.indication.id","","","",1,1,"","","","string {[]} {[]}
","Diagnosis ID","Diagnosis ID","","","","","","","","","",,,,,"",,,,"Element.id",0,1,"",""
"dnpm-lm-patient-record.carePlans.medicationRecommendations.indication.extension","dnpm-lm-patient-record.carePlans.medicationRecommendations.indication.extension","","extensions
user content","",0,*,"","","","Extension {[]} {[]}
","Additional content defined by implementations","May be used to represent additional information that is not part of the basic definition of the element. To make the use of extensions safe and manageable, there is a strict set of governance  applied to the definition and use of extensions. Though any implementer can define an extension, there is a set of requirements that SHALL be met as part of the definition of the extension.","There can be no stigma associated with the use of extensions by any application, project, or standard - regardless of the institution or jurisdiction that uses or defines the extensions.  The use of extensions is what allows the FHIR specification to retain a core level of simplicity for everyone.","","","","","","","","",,,,,"","value:url}
","Extensions are always sliced by (at least) url",,"open","Element.extension",0,*,"","ele-1:All FHIR elements must have a @value or children {hasValue() or (children().count() > id.count())}
ext-1:Must have either extensions or value[x], not both {extension.exists() != value.exists()}"
"dnpm-lm-patient-record.carePlans.medicationRecommendations.indication.modifierExtension","dnpm-lm-patient-record.carePlans.medicationRecommendations.indication.modifierExtension","","extensions
user contentmodifiers","",0,*,"","Y","Y","Extension {[]} {[]}
","Extensions that cannot be ignored even if unrecognized","May be used to represent additional information that is not part of the basic definition of the element and that modifies the understanding of the element in which it is contained and/or the understanding of the containing element's descendants. Usually modifier elements provide negation or qualification. To make the use of extensions safe and manageable, there is a strict set of governance applied to the definition and use of extensions. Though any implementer can define an extension, there is a set of requirements that SHALL be met as part of the definition of the extension. Applications processing a resource are required to check for modifier extensions.

Modifier extensions SHALL NOT change the meaning of any elements on Resource or DomainResource (including cannot change the meaning of modifierExtension itself).","There can be no stigma associated with the use of extensions by any application, project, or standard - regardless of the institution or jurisdiction that uses or defines the extensions.  The use of extensions is what allows the FHIR specification to retain a core level of simplicity for everyone.","Modifier extensions allow for extensions that *cannot* be safely ignored to be clearly distinguished from the vast majority of extensions which can be safely ignored.  This promotes interoperability by eliminating the need for implementers to prohibit the presence of extensions. For further information, see the [definition of modifier extensions](http://hl7.org/fhir/R4/extensibility.html#modifierExtension).","","","","","","","",,,,,"",,,,"BackboneElement.modifierExtension",0,*,"","ele-1:All FHIR elements must have a @value or children {hasValue() or (children().count() > id.count())}
ext-1:Must have either extensions or value[x], not both {extension.exists() != value.exists()}"
"dnpm-lm-patient-record.carePlans.medicationRecommendations.indication.type","dnpm-lm-patient-record.carePlans.medicationRecommendations.indication.type","","","",1,1,"","","","string {[]} {[]}
","Reference type (MTBDiagnosis)","Reference type (MTBDiagnosis)","","","","","","","","","",,,,,"",,,,"dnpm-lm-patient-record.carePlans.medicationRecommendations.indication.type",1,1,"",""
"dnpm-lm-patient-record.carePlans.medicationRecommendations.priority","dnpm-lm-patient-record.carePlans.medicationRecommendations.priority","","","",0,1,"","","","BackboneElement {[]} {[]}
","Recommendation priority","Recommendation priority","","","","","","","","","",,,,,"",,,,"dnpm-lm-patient-record.carePlans.medicationRecommendations.priority",0,1,"","ele-1:All FHIR elements must have a @value or children {hasValue() or (children().count() > id.count())}
","MTB: MedicationRequest.extension(Prioritaet)"
"dnpm-lm-patient-record.carePlans.medicationRecommendations.priority.id","dnpm-lm-patient-record.carePlans.medicationRecommendations.priority.id","","","",0,1,"","","","string {[]} {[]}
","Unique id for inter-element referencing","Unique id for the element within a resource (for internal references). This may be any string value that does not contain spaces.","","","","","","","","","",,,,,"",,,,"Element.id",0,1,"",""
"dnpm-lm-patient-record.carePlans.medicationRecommendations.priority.extension","dnpm-lm-patient-record.carePlans.medicationRecommendations.priority.extension","","extensions
user content","",0,*,"","","","Extension {[]} {[]}
","Additional content defined by implementations","May be used to represent additional information that is not part of the basic definition of the element. To make the use of extensions safe and manageable, there is a strict set of governance  applied to the definition and use of extensions. Though any implementer can define an extension, there is a set of requirements that SHALL be met as part of the definition of the extension.","There can be no stigma associated with the use of extensions by any application, project, or standard - regardless of the institution or jurisdiction that uses or defines the extensions.  The use of extensions is what allows the FHIR specification to retain a core level of simplicity for everyone.","","","","","","","","",,,,,"","value:url}
","Extensions are always sliced by (at least) url",,"open","Element.extension",0,*,"","ele-1:All FHIR elements must have a @value or children {hasValue() or (children().count() > id.count())}
ext-1:Must have either extensions or value[x], not both {extension.exists() != value.exists()}"
"dnpm-lm-patient-record.carePlans.medicationRecommendations.priority.modifierExtension","dnpm-lm-patient-record.carePlans.medicationRecommendations.priority.modifierExtension","","extensions
user contentmodifiers","",0,*,"","Y","Y","Extension {[]} {[]}
","Extensions that cannot be ignored even if unrecognized","May be used to represent additional information that is not part of the basic definition of the element and that modifies the understanding of the element in which it is contained and/or the understanding of the containing element's descendants. Usually modifier elements provide negation or qualification. To make the use of extensions safe and manageable, there is a strict set of governance applied to the definition and use of extensions. Though any implementer can define an extension, there is a set of requirements that SHALL be met as part of the definition of the extension. Applications processing a resource are required to check for modifier extensions.

Modifier extensions SHALL NOT change the meaning of any elements on Resource or DomainResource (including cannot change the meaning of modifierExtension itself).","There can be no stigma associated with the use of extensions by any application, project, or standard - regardless of the institution or jurisdiction that uses or defines the extensions.  The use of extensions is what allows the FHIR specification to retain a core level of simplicity for everyone.","Modifier extensions allow for extensions that *cannot* be safely ignored to be clearly distinguished from the vast majority of extensions which can be safely ignored.  This promotes interoperability by eliminating the need for implementers to prohibit the presence of extensions. For further information, see the [definition of modifier extensions](http://hl7.org/fhir/R4/extensibility.html#modifierExtension).","","","","","","","",,,,,"",,,,"BackboneElement.modifierExtension",0,*,"","ele-1:All FHIR elements must have a @value or children {hasValue() or (children().count() > id.count())}
ext-1:Must have either extensions or value[x], not both {extension.exists() != value.exists()}"
"dnpm-lm-patient-record.carePlans.medicationRecommendations.priority.code","dnpm-lm-patient-record.carePlans.medicationRecommendations.priority.code","","","",1,1,"","","","string {[]} {[]}
","Priority code (e.g. 1)","Priority code (e.g. 1)","","","","","","","","","",,,,,"",,,,"dnpm-lm-patient-record.carePlans.medicationRecommendations.priority.code",1,1,"",""
"dnpm-lm-patient-record.carePlans.medicationRecommendations.priority.display","dnpm-lm-patient-record.carePlans.medicationRecommendations.priority.display","","","",0,1,"","","","string {[]} {[]}
","Priority display","Priority display","","","","","","","","","",,,,,"",,,,"dnpm-lm-patient-record.carePlans.medicationRecommendations.priority.display",0,1,"",""
"dnpm-lm-patient-record.carePlans.medicationRecommendations.priority.system","dnpm-lm-patient-record.carePlans.medicationRecommendations.priority.system","","","",1,1,"","","","string {[]} {[]}
","Priority system URI","Priority system URI","","","","","","","","","",,,,,"",,,,"dnpm-lm-patient-record.carePlans.medicationRecommendations.priority.system",1,1,"",""
"dnpm-lm-patient-record.carePlans.medicationRecommendations.medication","dnpm-lm-patient-record.carePlans.medicationRecommendations.medication","","","",0,*,"","","","BackboneElement {[]} {[]}
","Recommended medications (ATC)","Recommended medications (ATC)","","","","","","","","","",,,,,"",,,,"dnpm-lm-patient-record.carePlans.medicationRecommendations.medication",0,*,"","ele-1:All FHIR elements must have a @value or children {hasValue() or (children().count() > id.count())}
","MTB: MedicationRequest.medication[x]"
"dnpm-lm-patient-record.carePlans.medicationRecommendations.medication.id","dnpm-lm-patient-record.carePlans.medicationRecommendations.medication.id","","","",0,1,"","","","string {[]} {[]}
","Unique id for inter-element referencing","Unique id for the element within a resource (for internal references). This may be any string value that does not contain spaces.","","","","","","","","","",,,,,"",,,,"Element.id",0,1,"",""
"dnpm-lm-patient-record.carePlans.medicationRecommendations.medication.extension","dnpm-lm-patient-record.carePlans.medicationRecommendations.medication.extension","","extensions
user content","",0,*,"","","","Extension {[]} {[]}
","Additional content defined by implementations","May be used to represent additional information that is not part of the basic definition of the element. To make the use of extensions safe and manageable, there is a strict set of governance  applied to the definition and use of extensions. Though any implementer can define an extension, there is a set of requirements that SHALL be met as part of the definition of the extension.","There can be no stigma associated with the use of extensions by any application, project, or standard - regardless of the institution or jurisdiction that uses or defines the extensions.  The use of extensions is what allows the FHIR specification to retain a core level of simplicity for everyone.","","","","","","","","",,,,,"","value:url}
","Extensions are always sliced by (at least) url",,"open","Element.extension",0,*,"","ele-1:All FHIR elements must have a @value or children {hasValue() or (children().count() > id.count())}
ext-1:Must have either extensions or value[x], not both {extension.exists() != value.exists()}"
"dnpm-lm-patient-record.carePlans.medicationRecommendations.medication.modifierExtension","dnpm-lm-patient-record.carePlans.medicationRecommendations.medication.modifierExtension","","extensions
user contentmodifiers","",0,*,"","Y","Y","Extension {[]} {[]}
","Extensions that cannot be ignored even if unrecognized","May be used to represent additional information that is not part of the basic definition of the element and that modifies the understanding of the element in which it is contained and/or the understanding of the containing element's descendants. Usually modifier elements provide negation or qualification. To make the use of extensions safe and manageable, there is a strict set of governance applied to the definition and use of extensions. Though any implementer can define an extension, there is a set of requirements that SHALL be met as part of the definition of the extension. Applications processing a resource are required to check for modifier extensions.

Modifier extensions SHALL NOT change the meaning of any elements on Resource or DomainResource (including cannot change the meaning of modifierExtension itself).","There can be no stigma associated with the use of extensions by any application, project, or standard - regardless of the institution or jurisdiction that uses or defines the extensions.  The use of extensions is what allows the FHIR specification to retain a core level of simplicity for everyone.","Modifier extensions allow for extensions that *cannot* be safely ignored to be clearly distinguished from the vast majority of extensions which can be safely ignored.  This promotes interoperability by eliminating the need for implementers to prohibit the presence of extensions. For further information, see the [definition of modifier extensions](http://hl7.org/fhir/R4/extensibility.html#modifierExtension).","","","","","","","",,,,,"",,,,"BackboneElement.modifierExtension",0,*,"","ele-1:All FHIR elements must have a @value or children {hasValue() or (children().count() > id.count())}
ext-1:Must have either extensions or value[x], not both {extension.exists() != value.exists()}"
"dnpm-lm-patient-record.carePlans.medicationRecommendations.medication.code","dnpm-lm-patient-record.carePlans.medicationRecommendations.medication.code","","","",1,1,"","","","string {[]} {[]}
","ATC code","ATC code","","","","","","","","","",,,,,"",,,,"dnpm-lm-patient-record.carePlans.medicationRecommendations.medication.code",1,1,"",""
"dnpm-lm-patient-record.carePlans.medicationRecommendations.medication.display","dnpm-lm-patient-record.carePlans.medicationRecommendations.medication.display","","","",0,1,"","","","string {[]} {[]}
","Medication display","Medication display","","","","","","","","","",,,,,"",,,,"dnpm-lm-patient-record.carePlans.medicationRecommendations.medication.display",0,1,"",""
"dnpm-lm-patient-record.carePlans.medicationRecommendations.medication.system","dnpm-lm-patient-record.carePlans.medicationRecommendations.medication.system","","","",1,1,"","","","string {[]} {[]}
","ATC system URI","ATC system URI","","","","","","","","","",,,,,"",,,,"dnpm-lm-patient-record.carePlans.medicationRecommendations.medication.system",1,1,"",""
"dnpm-lm-patient-record.carePlans.medicationRecommendations.medication.version","dnpm-lm-patient-record.carePlans.medicationRecommendations.medication.version","","","",0,1,"","","","string {[]} {[]}
","ATC version","ATC version","","","","","","","","","",,,,,"",,,,"dnpm-lm-patient-record.carePlans.medicationRecommendations.medication.version",0,1,"",""
"dnpm-lm-patient-record.carePlans.medicationRecommendations.supportingVariants","dnpm-lm-patient-record.carePlans.medicationRecommendations.supportingVariants","","","",0,*,"","","","BackboneElement {[]} {[]}
","Supporting variants","Supporting variants","","","","","","","","","",,,,,"",,,,"dnpm-lm-patient-record.carePlans.medicationRecommendations.supportingVariants",0,*,"","ele-1:All FHIR elements must have a @value or children {hasValue() or (children().count() > id.count())}
","MTB: MedicationRequest.supportingInfo"
"dnpm-lm-patient-record.carePlans.medicationRecommendations.supportingVariants.id","dnpm-lm-patient-record.carePlans.medicationRecommendations.supportingVariants.id","","","",1,1,"","","","string {[]} {[]}
","Variant ID","Variant ID","","","","","","","","","",,,,,"",,,,"Element.id",0,1,"",""
"dnpm-lm-patient-record.carePlans.medicationRecommendations.supportingVariants.extension","dnpm-lm-patient-record.carePlans.medicationRecommendations.supportingVariants.extension","","extensions
user content","",0,*,"","","","Extension {[]} {[]}
","Additional content defined by implementations","May be used to represent additional information that is not part of the basic definition of the element. To make the use of extensions safe and manageable, there is a strict set of governance  applied to the definition and use of extensions. Though any implementer can define an extension, there is a set of requirements that SHALL be met as part of the definition of the extension.","There can be no stigma associated with the use of extensions by any application, project, or standard - regardless of the institution or jurisdiction that uses or defines the extensions.  The use of extensions is what allows the FHIR specification to retain a core level of simplicity for everyone.","","","","","","","","",,,,,"","value:url}
","Extensions are always sliced by (at least) url",,"open","Element.extension",0,*,"","ele-1:All FHIR elements must have a @value or children {hasValue() or (children().count() > id.count())}
ext-1:Must have either extensions or value[x], not both {extension.exists() != value.exists()}"
"dnpm-lm-patient-record.carePlans.medicationRecommendations.supportingVariants.modifierExtension","dnpm-lm-patient-record.carePlans.medicationRecommendations.supportingVariants.modifierExtension","","extensions
user contentmodifiers","",0,*,"","Y","Y","Extension {[]} {[]}
","Extensions that cannot be ignored even if unrecognized","May be used to represent additional information that is not part of the basic definition of the element and that modifies the understanding of the element in which it is contained and/or the understanding of the containing element's descendants. Usually modifier elements provide negation or qualification. To make the use of extensions safe and manageable, there is a strict set of governance applied to the definition and use of extensions. Though any implementer can define an extension, there is a set of requirements that SHALL be met as part of the definition of the extension. Applications processing a resource are required to check for modifier extensions.

Modifier extensions SHALL NOT change the meaning of any elements on Resource or DomainResource (including cannot change the meaning of modifierExtension itself).","There can be no stigma associated with the use of extensions by any application, project, or standard - regardless of the institution or jurisdiction that uses or defines the extensions.  The use of extensions is what allows the FHIR specification to retain a core level of simplicity for everyone.","Modifier extensions allow for extensions that *cannot* be safely ignored to be clearly distinguished from the vast majority of extensions which can be safely ignored.  This promotes interoperability by eliminating the need for implementers to prohibit the presence of extensions. For further information, see the [definition of modifier extensions](http://hl7.org/fhir/R4/extensibility.html#modifierExtension).","","","","","","","",,,,,"",,,,"BackboneElement.modifierExtension",0,*,"","ele-1:All FHIR elements must have a @value or children {hasValue() or (children().count() > id.count())}
ext-1:Must have either extensions or value[x], not both {extension.exists() != value.exists()}"
"dnpm-lm-patient-record.carePlans.medicationRecommendations.supportingVariants.type","dnpm-lm-patient-record.carePlans.medicationRecommendations.supportingVariants.type","","","",1,1,"","","","string {[]} {[]}
","Variant type (SNV | CNV | DNAFusion | RNAFusion)","Variant type (SNV | CNV | DNAFusion | RNAFusion)","","","","","","","","","",,,,,"",,,,"dnpm-lm-patient-record.carePlans.medicationRecommendations.supportingVariants.type",1,1,"",""
"dnpm-lm-patient-record.carePlans.medicationRecommendations.levelOfEvidence","dnpm-lm-patient-record.carePlans.medicationRecommendations.levelOfEvidence","","","",0,1,"","","","BackboneElement {[]} {[]}
","Level of evidence","Level of evidence","","","","","","","","","",,,,,"",,,,"dnpm-lm-patient-record.carePlans.medicationRecommendations.levelOfEvidence",0,1,"","ele-1:All FHIR elements must have a @value or children {hasValue() or (children().count() > id.count())}
","MTB: MedicationRequest.extension(Evidenzgraduierung)"
"dnpm-lm-patient-record.carePlans.medicationRecommendations.levelOfEvidence.id","dnpm-lm-patient-record.carePlans.medicationRecommendations.levelOfEvidence.id","","","",0,1,"","","","string {[]} {[]}
","Unique id for inter-element referencing","Unique id for the element within a resource (for internal references). This may be any string value that does not contain spaces.","","","","","","","","","",,,,,"",,,,"Element.id",0,1,"",""
"dnpm-lm-patient-record.carePlans.medicationRecommendations.levelOfEvidence.extension","dnpm-lm-patient-record.carePlans.medicationRecommendations.levelOfEvidence.extension","","extensions
user content","",0,*,"","","","Extension {[]} {[]}
","Additional content defined by implementations","May be used to represent additional information that is not part of the basic definition of the element. To make the use of extensions safe and manageable, there is a strict set of governance  applied to the definition and use of extensions. Though any implementer can define an extension, there is a set of requirements that SHALL be met as part of the definition of the extension.","There can be no stigma associated with the use of extensions by any application, project, or standard - regardless of the institution or jurisdiction that uses or defines the extensions.  The use of extensions is what allows the FHIR specification to retain a core level of simplicity for everyone.","","","","","","","","",,,,,"","value:url}
","Extensions are always sliced by (at least) url",,"open","Element.extension",0,*,"","ele-1:All FHIR elements must have a @value or children {hasValue() or (children().count() > id.count())}
ext-1:Must have either extensions or value[x], not both {extension.exists() != value.exists()}"
"dnpm-lm-patient-record.carePlans.medicationRecommendations.levelOfEvidence.modifierExtension","dnpm-lm-patient-record.carePlans.medicationRecommendations.levelOfEvidence.modifierExtension","","extensions
user contentmodifiers","",0,*,"","Y","Y","Extension {[]} {[]}
","Extensions that cannot be ignored even if unrecognized","May be used to represent additional information that is not part of the basic definition of the element and that modifies the understanding of the element in which it is contained and/or the understanding of the containing element's descendants. Usually modifier elements provide negation or qualification. To make the use of extensions safe and manageable, there is a strict set of governance applied to the definition and use of extensions. Though any implementer can define an extension, there is a set of requirements that SHALL be met as part of the definition of the extension. Applications processing a resource are required to check for modifier extensions.

Modifier extensions SHALL NOT change the meaning of any elements on Resource or DomainResource (including cannot change the meaning of modifierExtension itself).","There can be no stigma associated with the use of extensions by any application, project, or standard - regardless of the institution or jurisdiction that uses or defines the extensions.  The use of extensions is what allows the FHIR specification to retain a core level of simplicity for everyone.","Modifier extensions allow for extensions that *cannot* be safely ignored to be clearly distinguished from the vast majority of extensions which can be safely ignored.  This promotes interoperability by eliminating the need for implementers to prohibit the presence of extensions. For further information, see the [definition of modifier extensions](http://hl7.org/fhir/R4/extensibility.html#modifierExtension).","","","","","","","",,,,,"",,,,"BackboneElement.modifierExtension",0,*,"","ele-1:All FHIR elements must have a @value or children {hasValue() or (children().count() > id.count())}
ext-1:Must have either extensions or value[x], not both {extension.exists() != value.exists()}"
"dnpm-lm-patient-record.carePlans.medicationRecommendations.levelOfEvidence.grading","dnpm-lm-patient-record.carePlans.medicationRecommendations.levelOfEvidence.grading","","","",0,1,"","","","BackboneElement {[]} {[]}
","Evidence grading","Evidence grading","","","","","","","","","",,,,,"",,,,"dnpm-lm-patient-record.carePlans.medicationRecommendations.levelOfEvidence.grading",0,1,"","ele-1:All FHIR elements must have a @value or children {hasValue() or (children().count() > id.count())}
"
"dnpm-lm-patient-record.carePlans.medicationRecommendations.levelOfEvidence.grading.id","dnpm-lm-patient-record.carePlans.medicationRecommendations.levelOfEvidence.grading.id","","","",0,1,"","","","string {[]} {[]}
","Unique id for inter-element referencing","Unique id for the element within a resource (for internal references). This may be any string value that does not contain spaces.","","","","","","","","","",,,,,"",,,,"Element.id",0,1,"",""
"dnpm-lm-patient-record.carePlans.medicationRecommendations.levelOfEvidence.grading.extension","dnpm-lm-patient-record.carePlans.medicationRecommendations.levelOfEvidence.grading.extension","","extensions
user content","",0,*,"","","","Extension {[]} {[]}
","Additional content defined by implementations","May be used to represent additional information that is not part of the basic definition of the element. To make the use of extensions safe and manageable, there is a strict set of governance  applied to the definition and use of extensions. Though any implementer can define an extension, there is a set of requirements that SHALL be met as part of the definition of the extension.","There can be no stigma associated with the use of extensions by any application, project, or standard - regardless of the institution or jurisdiction that uses or defines the extensions.  The use of extensions is what allows the FHIR specification to retain a core level of simplicity for everyone.","","","","","","","","",,,,,"","value:url}
","Extensions are always sliced by (at least) url",,"open","Element.extension",0,*,"","ele-1:All FHIR elements must have a @value or children {hasValue() or (children().count() > id.count())}
ext-1:Must have either extensions or value[x], not both {extension.exists() != value.exists()}"
"dnpm-lm-patient-record.carePlans.medicationRecommendations.levelOfEvidence.grading.modifierExtension","dnpm-lm-patient-record.carePlans.medicationRecommendations.levelOfEvidence.grading.modifierExtension","","extensions
user contentmodifiers","",0,*,"","Y","Y","Extension {[]} {[]}
","Extensions that cannot be ignored even if unrecognized","May be used to represent additional information that is not part of the basic definition of the element and that modifies the understanding of the element in which it is contained and/or the understanding of the containing element's descendants. Usually modifier elements provide negation or qualification. To make the use of extensions safe and manageable, there is a strict set of governance applied to the definition and use of extensions. Though any implementer can define an extension, there is a set of requirements that SHALL be met as part of the definition of the extension. Applications processing a resource are required to check for modifier extensions.

Modifier extensions SHALL NOT change the meaning of any elements on Resource or DomainResource (including cannot change the meaning of modifierExtension itself).","There can be no stigma associated with the use of extensions by any application, project, or standard - regardless of the institution or jurisdiction that uses or defines the extensions.  The use of extensions is what allows the FHIR specification to retain a core level of simplicity for everyone.","Modifier extensions allow for extensions that *cannot* be safely ignored to be clearly distinguished from the vast majority of extensions which can be safely ignored.  This promotes interoperability by eliminating the need for implementers to prohibit the presence of extensions. For further information, see the [definition of modifier extensions](http://hl7.org/fhir/R4/extensibility.html#modifierExtension).","","","","","","","",,,,,"",,,,"BackboneElement.modifierExtension",0,*,"","ele-1:All FHIR elements must have a @value or children {hasValue() or (children().count() > id.count())}
ext-1:Must have either extensions or value[x], not both {extension.exists() != value.exists()}"
"dnpm-lm-patient-record.carePlans.medicationRecommendations.levelOfEvidence.grading.code","dnpm-lm-patient-record.carePlans.medicationRecommendations.levelOfEvidence.grading.code","","","",1,1,"","","","string {[]} {[]}
","Grade code (e.g. m1A)","Grade code (e.g. m1A)","","","","","","","","","",,,,,"",,,,"dnpm-lm-patient-record.carePlans.medicationRecommendations.levelOfEvidence.grading.code",1,1,"",""
"dnpm-lm-patient-record.carePlans.medicationRecommendations.levelOfEvidence.grading.display","dnpm-lm-patient-record.carePlans.medicationRecommendations.levelOfEvidence.grading.display","","","",0,1,"","","","string {[]} {[]}
","Grade display","Grade display","","","","","","","","","",,,,,"",,,,"dnpm-lm-patient-record.carePlans.medicationRecommendations.levelOfEvidence.grading.display",0,1,"",""
"dnpm-lm-patient-record.carePlans.medicationRecommendations.levelOfEvidence.grading.system","dnpm-lm-patient-record.carePlans.medicationRecommendations.levelOfEvidence.grading.system","","","",1,1,"","","","string {[]} {[]}
","Grade system URI","Grade system URI","","","","","","","","","",,,,,"",,,,"dnpm-lm-patient-record.carePlans.medicationRecommendations.levelOfEvidence.grading.system",1,1,"",""
"dnpm-lm-patient-record.carePlans.medicationRecommendations.levelOfEvidence.addendums","dnpm-lm-patient-record.carePlans.medicationRecommendations.levelOfEvidence.addendums","","","",0,*,"","","","BackboneElement {[]} {[]}
","Evidence addendums","Evidence addendums","","","","","","","","","",,,,,"",,,,"dnpm-lm-patient-record.carePlans.medicationRecommendations.levelOfEvidence.addendums",0,*,"","ele-1:All FHIR elements must have a @value or children {hasValue() or (children().count() > id.count())}
"
"dnpm-lm-patient-record.carePlans.medicationRecommendations.levelOfEvidence.addendums.id","dnpm-lm-patient-record.carePlans.medicationRecommendations.levelOfEvidence.addendums.id","","","",0,1,"","","","string {[]} {[]}
","Unique id for inter-element referencing","Unique id for the element within a resource (for internal references). This may be any string value that does not contain spaces.","","","","","","","","","",,,,,"",,,,"Element.id",0,1,"",""
"dnpm-lm-patient-record.carePlans.medicationRecommendations.levelOfEvidence.addendums.extension","dnpm-lm-patient-record.carePlans.medicationRecommendations.levelOfEvidence.addendums.extension","","extensions
user content","",0,*,"","","","Extension {[]} {[]}
","Additional content defined by implementations","May be used to represent additional information that is not part of the basic definition of the element. To make the use of extensions safe and manageable, there is a strict set of governance  applied to the definition and use of extensions. Though any implementer can define an extension, there is a set of requirements that SHALL be met as part of the definition of the extension.","There can be no stigma associated with the use of extensions by any application, project, or standard - regardless of the institution or jurisdiction that uses or defines the extensions.  The use of extensions is what allows the FHIR specification to retain a core level of simplicity for everyone.","","","","","","","","",,,,,"","value:url}
","Extensions are always sliced by (at least) url",,"open","Element.extension",0,*,"","ele-1:All FHIR elements must have a @value or children {hasValue() or (children().count() > id.count())}
ext-1:Must have either extensions or value[x], not both {extension.exists() != value.exists()}"
"dnpm-lm-patient-record.carePlans.medicationRecommendations.levelOfEvidence.addendums.modifierExtension","dnpm-lm-patient-record.carePlans.medicationRecommendations.levelOfEvidence.addendums.modifierExtension","","extensions
user contentmodifiers","",0,*,"","Y","Y","Extension {[]} {[]}
","Extensions that cannot be ignored even if unrecognized","May be used to represent additional information that is not part of the basic definition of the element and that modifies the understanding of the element in which it is contained and/or the understanding of the containing element's descendants. Usually modifier elements provide negation or qualification. To make the use of extensions safe and manageable, there is a strict set of governance applied to the definition and use of extensions. Though any implementer can define an extension, there is a set of requirements that SHALL be met as part of the definition of the extension. Applications processing a resource are required to check for modifier extensions.

Modifier extensions SHALL NOT change the meaning of any elements on Resource or DomainResource (including cannot change the meaning of modifierExtension itself).","There can be no stigma associated with the use of extensions by any application, project, or standard - regardless of the institution or jurisdiction that uses or defines the extensions.  The use of extensions is what allows the FHIR specification to retain a core level of simplicity for everyone.","Modifier extensions allow for extensions that *cannot* be safely ignored to be clearly distinguished from the vast majority of extensions which can be safely ignored.  This promotes interoperability by eliminating the need for implementers to prohibit the presence of extensions. For further information, see the [definition of modifier extensions](http://hl7.org/fhir/R4/extensibility.html#modifierExtension).","","","","","","","",,,,,"",,,,"BackboneElement.modifierExtension",0,*,"","ele-1:All FHIR elements must have a @value or children {hasValue() or (children().count() > id.count())}
ext-1:Must have either extensions or value[x], not both {extension.exists() != value.exists()}"
"dnpm-lm-patient-record.carePlans.medicationRecommendations.levelOfEvidence.addendums.code","dnpm-lm-patient-record.carePlans.medicationRecommendations.levelOfEvidence.addendums.code","","","",1,1,"","","","string {[]} {[]}
","Addendum code","Addendum code","","","","","","","","","",,,,,"",,,,"dnpm-lm-patient-record.carePlans.medicationRecommendations.levelOfEvidence.addendums.code",1,1,"",""
"dnpm-lm-patient-record.carePlans.medicationRecommendations.levelOfEvidence.addendums.display","dnpm-lm-patient-record.carePlans.medicationRecommendations.levelOfEvidence.addendums.display","","","",0,1,"","","","string {[]} {[]}
","Addendum display","Addendum display","","","","","","","","","",,,,,"",,,,"dnpm-lm-patient-record.carePlans.medicationRecommendations.levelOfEvidence.addendums.display",0,1,"",""
"dnpm-lm-patient-record.carePlans.medicationRecommendations.levelOfEvidence.addendums.system","dnpm-lm-patient-record.carePlans.medicationRecommendations.levelOfEvidence.addendums.system","","","",1,1,"","","","string {[]} {[]}
","Addendum system URI","Addendum system URI","","","","","","","","","",,,,,"",,,,"dnpm-lm-patient-record.carePlans.medicationRecommendations.levelOfEvidence.addendums.system",1,1,"",""
"dnpm-lm-patient-record.carePlans.medicationRecommendations.levelOfEvidence.publications","dnpm-lm-patient-record.carePlans.medicationRecommendations.levelOfEvidence.publications","","","",0,*,"","","","BackboneElement {[]} {[]}
","Supporting publications","Supporting publications","","","","","","","","","",,,,,"",,,,"dnpm-lm-patient-record.carePlans.medicationRecommendations.levelOfEvidence.publications",0,*,"","ele-1:All FHIR elements must have a @value or children {hasValue() or (children().count() > id.count())}
"
"dnpm-lm-patient-record.carePlans.medicationRecommendations.levelOfEvidence.publications.id","dnpm-lm-patient-record.carePlans.medicationRecommendations.levelOfEvidence.publications.id","","","",0,1,"","","","string {[]} {[]}
","Unique id for inter-element referencing","Unique id for the element within a resource (for internal references). This may be any string value that does not contain spaces.","","","","","","","","","",,,,,"",,,,"Element.id",0,1,"",""
"dnpm-lm-patient-record.carePlans.medicationRecommendations.levelOfEvidence.publications.extension","dnpm-lm-patient-record.carePlans.medicationRecommendations.levelOfEvidence.publications.extension","","extensions
user content","",0,*,"","","","Extension {[]} {[]}
","Additional content defined by implementations","May be used to represent additional information that is not part of the basic definition of the element. To make the use of extensions safe and manageable, there is a strict set of governance  applied to the definition and use of extensions. Though any implementer can define an extension, there is a set of requirements that SHALL be met as part of the definition of the extension.","There can be no stigma associated with the use of extensions by any application, project, or standard - regardless of the institution or jurisdiction that uses or defines the extensions.  The use of extensions is what allows the FHIR specification to retain a core level of simplicity for everyone.","","","","","","","","",,,,,"","value:url}
","Extensions are always sliced by (at least) url",,"open","Element.extension",0,*,"","ele-1:All FHIR elements must have a @value or children {hasValue() or (children().count() > id.count())}
ext-1:Must have either extensions or value[x], not both {extension.exists() != value.exists()}"
"dnpm-lm-patient-record.carePlans.medicationRecommendations.levelOfEvidence.publications.modifierExtension","dnpm-lm-patient-record.carePlans.medicationRecommendations.levelOfEvidence.publications.modifierExtension","","extensions
user contentmodifiers","",0,*,"","Y","Y","Extension {[]} {[]}
","Extensions that cannot be ignored even if unrecognized","May be used to represent additional information that is not part of the basic definition of the element and that modifies the understanding of the element in which it is contained and/or the understanding of the containing element's descendants. Usually modifier elements provide negation or qualification. To make the use of extensions safe and manageable, there is a strict set of governance applied to the definition and use of extensions. Though any implementer can define an extension, there is a set of requirements that SHALL be met as part of the definition of the extension. Applications processing a resource are required to check for modifier extensions.

Modifier extensions SHALL NOT change the meaning of any elements on Resource or DomainResource (including cannot change the meaning of modifierExtension itself).","There can be no stigma associated with the use of extensions by any application, project, or standard - regardless of the institution or jurisdiction that uses or defines the extensions.  The use of extensions is what allows the FHIR specification to retain a core level of simplicity for everyone.","Modifier extensions allow for extensions that *cannot* be safely ignored to be clearly distinguished from the vast majority of extensions which can be safely ignored.  This promotes interoperability by eliminating the need for implementers to prohibit the presence of extensions. For further information, see the [definition of modifier extensions](http://hl7.org/fhir/R4/extensibility.html#modifierExtension).","","","","","","","",,,,,"",,,,"BackboneElement.modifierExtension",0,*,"","ele-1:All FHIR elements must have a @value or children {hasValue() or (children().count() > id.count())}
ext-1:Must have either extensions or value[x], not both {extension.exists() != value.exists()}"
"dnpm-lm-patient-record.carePlans.medicationRecommendations.levelOfEvidence.publications.pmid","dnpm-lm-patient-record.carePlans.medicationRecommendations.levelOfEvidence.publications.pmid","","","",0,1,"","","","string {[]} {[]}
","PubMed ID","PubMed ID","","","","","","","","","",,,,,"",,,,"dnpm-lm-patient-record.carePlans.medicationRecommendations.levelOfEvidence.publications.pmid",0,1,"",""
"dnpm-lm-patient-record.carePlans.medicationRecommendations.levelOfEvidence.publications.doi","dnpm-lm-patient-record.carePlans.medicationRecommendations.levelOfEvidence.publications.doi","","","",0,1,"","","","string {[]} {[]}
","Digital Object Identifier","Digital Object Identifier","","","","","","","","","",,,,,"",,,,"dnpm-lm-patient-record.carePlans.medicationRecommendations.levelOfEvidence.publications.doi",0,1,"",""
"dnpm-lm-patient-record.carePlans.studyEnrollmentRecommendations","dnpm-lm-patient-record.carePlans.studyEnrollmentRecommendations","","","",0,*,"","","","BackboneElement {[]} {[]}
","Study enrollment recommendations","Study enrollment recommendations","","","","","","","","","",,,,,"",,,,"dnpm-lm-patient-record.carePlans.studyEnrollmentRecommendations",0,*,"","ele-1:All FHIR elements must have a @value or children {hasValue() or (children().count() > id.count())}
","MTB: Studieneinschluss (ServiceRequest)"
"dnpm-lm-patient-record.carePlans.studyEnrollmentRecommendations.id","dnpm-lm-patient-record.carePlans.studyEnrollmentRecommendations.id","","","",1,1,"","","","string {[]} {[]}
","Recommendation UUID","Recommendation UUID","","","","","","","","","",,,,,"",,,,"Element.id",0,1,"",""
"dnpm-lm-patient-record.carePlans.studyEnrollmentRecommendations.extension","dnpm-lm-patient-record.carePlans.studyEnrollmentRecommendations.extension","","extensions
user content","",0,*,"","","","Extension {[]} {[]}
","Additional content defined by implementations","May be used to represent additional information that is not part of the basic definition of the element. To make the use of extensions safe and manageable, there is a strict set of governance  applied to the definition and use of extensions. Though any implementer can define an extension, there is a set of requirements that SHALL be met as part of the definition of the extension.","There can be no stigma associated with the use of extensions by any application, project, or standard - regardless of the institution or jurisdiction that uses or defines the extensions.  The use of extensions is what allows the FHIR specification to retain a core level of simplicity for everyone.","","","","","","","","",,,,,"","value:url}
","Extensions are always sliced by (at least) url",,"open","Element.extension",0,*,"","ele-1:All FHIR elements must have a @value or children {hasValue() or (children().count() > id.count())}
ext-1:Must have either extensions or value[x], not both {extension.exists() != value.exists()}"
"dnpm-lm-patient-record.carePlans.studyEnrollmentRecommendations.modifierExtension","dnpm-lm-patient-record.carePlans.studyEnrollmentRecommendations.modifierExtension","","extensions
user contentmodifiers","",0,*,"","Y","Y","Extension {[]} {[]}
","Extensions that cannot be ignored even if unrecognized","May be used to represent additional information that is not part of the basic definition of the element and that modifies the understanding of the element in which it is contained and/or the understanding of the containing element's descendants. Usually modifier elements provide negation or qualification. To make the use of extensions safe and manageable, there is a strict set of governance applied to the definition and use of extensions. Though any implementer can define an extension, there is a set of requirements that SHALL be met as part of the definition of the extension. Applications processing a resource are required to check for modifier extensions.

Modifier extensions SHALL NOT change the meaning of any elements on Resource or DomainResource (including cannot change the meaning of modifierExtension itself).","There can be no stigma associated with the use of extensions by any application, project, or standard - regardless of the institution or jurisdiction that uses or defines the extensions.  The use of extensions is what allows the FHIR specification to retain a core level of simplicity for everyone.","Modifier extensions allow for extensions that *cannot* be safely ignored to be clearly distinguished from the vast majority of extensions which can be safely ignored.  This promotes interoperability by eliminating the need for implementers to prohibit the presence of extensions. For further information, see the [definition of modifier extensions](http://hl7.org/fhir/R4/extensibility.html#modifierExtension).","","","","","","","",,,,,"",,,,"BackboneElement.modifierExtension",0,*,"","ele-1:All FHIR elements must have a @value or children {hasValue() or (children().count() > id.count())}
ext-1:Must have either extensions or value[x], not both {extension.exists() != value.exists()}"
"dnpm-lm-patient-record.carePlans.studyEnrollmentRecommendations.patient","dnpm-lm-patient-record.carePlans.studyEnrollmentRecommendations.patient","","","",1,1,"","","","BackboneElement {[]} {[]}
","Patient reference","Patient reference","","","","","","","","","",,,,,"",,,,"dnpm-lm-patient-record.carePlans.studyEnrollmentRecommendations.patient",1,1,"","ele-1:All FHIR elements must have a @value or children {hasValue() or (children().count() > id.count())}
"
"dnpm-lm-patient-record.carePlans.studyEnrollmentRecommendations.patient.id","dnpm-lm-patient-record.carePlans.studyEnrollmentRecommendations.patient.id","","","",1,1,"","","","string {[]} {[]}
","Patient ID","Patient ID","","","","","","","","","",,,,,"",,,,"Element.id",0,1,"",""
"dnpm-lm-patient-record.carePlans.studyEnrollmentRecommendations.patient.extension","dnpm-lm-patient-record.carePlans.studyEnrollmentRecommendations.patient.extension","","extensions
user content","",0,*,"","","","Extension {[]} {[]}
","Additional content defined by implementations","May be used to represent additional information that is not part of the basic definition of the element. To make the use of extensions safe and manageable, there is a strict set of governance  applied to the definition and use of extensions. Though any implementer can define an extension, there is a set of requirements that SHALL be met as part of the definition of the extension.","There can be no stigma associated with the use of extensions by any application, project, or standard - regardless of the institution or jurisdiction that uses or defines the extensions.  The use of extensions is what allows the FHIR specification to retain a core level of simplicity for everyone.","","","","","","","","",,,,,"","value:url}
","Extensions are always sliced by (at least) url",,"open","Element.extension",0,*,"","ele-1:All FHIR elements must have a @value or children {hasValue() or (children().count() > id.count())}
ext-1:Must have either extensions or value[x], not both {extension.exists() != value.exists()}"
"dnpm-lm-patient-record.carePlans.studyEnrollmentRecommendations.patient.modifierExtension","dnpm-lm-patient-record.carePlans.studyEnrollmentRecommendations.patient.modifierExtension","","extensions
user contentmodifiers","",0,*,"","Y","Y","Extension {[]} {[]}
","Extensions that cannot be ignored even if unrecognized","May be used to represent additional information that is not part of the basic definition of the element and that modifies the understanding of the element in which it is contained and/or the understanding of the containing element's descendants. Usually modifier elements provide negation or qualification. To make the use of extensions safe and manageable, there is a strict set of governance applied to the definition and use of extensions. Though any implementer can define an extension, there is a set of requirements that SHALL be met as part of the definition of the extension. Applications processing a resource are required to check for modifier extensions.

Modifier extensions SHALL NOT change the meaning of any elements on Resource or DomainResource (including cannot change the meaning of modifierExtension itself).","There can be no stigma associated with the use of extensions by any application, project, or standard - regardless of the institution or jurisdiction that uses or defines the extensions.  The use of extensions is what allows the FHIR specification to retain a core level of simplicity for everyone.","Modifier extensions allow for extensions that *cannot* be safely ignored to be clearly distinguished from the vast majority of extensions which can be safely ignored.  This promotes interoperability by eliminating the need for implementers to prohibit the presence of extensions. For further information, see the [definition of modifier extensions](http://hl7.org/fhir/R4/extensibility.html#modifierExtension).","","","","","","","",,,,,"",,,,"BackboneElement.modifierExtension",0,*,"","ele-1:All FHIR elements must have a @value or children {hasValue() or (children().count() > id.count())}
ext-1:Must have either extensions or value[x], not both {extension.exists() != value.exists()}"
"dnpm-lm-patient-record.carePlans.studyEnrollmentRecommendations.patient.type","dnpm-lm-patient-record.carePlans.studyEnrollmentRecommendations.patient.type","","","",1,1,"","","","string {[]} {[]}
","Reference type (Patient)","Reference type (Patient)","","","","","","","","","",,,,,"",,,,"dnpm-lm-patient-record.carePlans.studyEnrollmentRecommendations.patient.type",1,1,"",""
"dnpm-lm-patient-record.carePlans.studyEnrollmentRecommendations.issuedOn","dnpm-lm-patient-record.carePlans.studyEnrollmentRecommendations.issuedOn","","","",1,1,"","","","string {[]} {[]}
","Recommendation date (YYYY-MM-DD)","Recommendation date (YYYY-MM-DD)","","","","","","","","","",,,,,"",,,,"dnpm-lm-patient-record.carePlans.studyEnrollmentRecommendations.issuedOn",1,1,"",""
"dnpm-lm-patient-record.carePlans.studyEnrollmentRecommendations.indication","dnpm-lm-patient-record.carePlans.studyEnrollmentRecommendations.indication","","","",0,1,"","","","BackboneElement {[]} {[]}
","Indication reference","Indication reference","","","","","","","","","",,,,,"",,,,"dnpm-lm-patient-record.carePlans.studyEnrollmentRecommendations.indication",0,1,"","ele-1:All FHIR elements must have a @value or children {hasValue() or (children().count() > id.count())}
"
"dnpm-lm-patient-record.carePlans.studyEnrollmentRecommendations.indication.id","dnpm-lm-patient-record.carePlans.studyEnrollmentRecommendations.indication.id","","","",1,1,"","","","string {[]} {[]}
","Diagnosis ID","Diagnosis ID","","","","","","","","","",,,,,"",,,,"Element.id",0,1,"",""
"dnpm-lm-patient-record.carePlans.studyEnrollmentRecommendations.indication.extension","dnpm-lm-patient-record.carePlans.studyEnrollmentRecommendations.indication.extension","","extensions
user content","",0,*,"","","","Extension {[]} {[]}
","Additional content defined by implementations","May be used to represent additional information that is not part of the basic definition of the element. To make the use of extensions safe and manageable, there is a strict set of governance  applied to the definition and use of extensions. Though any implementer can define an extension, there is a set of requirements that SHALL be met as part of the definition of the extension.","There can be no stigma associated with the use of extensions by any application, project, or standard - regardless of the institution or jurisdiction that uses or defines the extensions.  The use of extensions is what allows the FHIR specification to retain a core level of simplicity for everyone.","","","","","","","","",,,,,"","value:url}
","Extensions are always sliced by (at least) url",,"open","Element.extension",0,*,"","ele-1:All FHIR elements must have a @value or children {hasValue() or (children().count() > id.count())}
ext-1:Must have either extensions or value[x], not both {extension.exists() != value.exists()}"
"dnpm-lm-patient-record.carePlans.studyEnrollmentRecommendations.indication.modifierExtension","dnpm-lm-patient-record.carePlans.studyEnrollmentRecommendations.indication.modifierExtension","","extensions
user contentmodifiers","",0,*,"","Y","Y","Extension {[]} {[]}
","Extensions that cannot be ignored even if unrecognized","May be used to represent additional information that is not part of the basic definition of the element and that modifies the understanding of the element in which it is contained and/or the understanding of the containing element's descendants. Usually modifier elements provide negation or qualification. To make the use of extensions safe and manageable, there is a strict set of governance applied to the definition and use of extensions. Though any implementer can define an extension, there is a set of requirements that SHALL be met as part of the definition of the extension. Applications processing a resource are required to check for modifier extensions.

Modifier extensions SHALL NOT change the meaning of any elements on Resource or DomainResource (including cannot change the meaning of modifierExtension itself).","There can be no stigma associated with the use of extensions by any application, project, or standard - regardless of the institution or jurisdiction that uses or defines the extensions.  The use of extensions is what allows the FHIR specification to retain a core level of simplicity for everyone.","Modifier extensions allow for extensions that *cannot* be safely ignored to be clearly distinguished from the vast majority of extensions which can be safely ignored.  This promotes interoperability by eliminating the need for implementers to prohibit the presence of extensions. For further information, see the [definition of modifier extensions](http://hl7.org/fhir/R4/extensibility.html#modifierExtension).","","","","","","","",,,,,"",,,,"BackboneElement.modifierExtension",0,*,"","ele-1:All FHIR elements must have a @value or children {hasValue() or (children().count() > id.count())}
ext-1:Must have either extensions or value[x], not both {extension.exists() != value.exists()}"
"dnpm-lm-patient-record.carePlans.studyEnrollmentRecommendations.indication.type","dnpm-lm-patient-record.carePlans.studyEnrollmentRecommendations.indication.type","","","",1,1,"","","","string {[]} {[]}
","Reference type (MTBDiagnosis)","Reference type (MTBDiagnosis)","","","","","","","","","",,,,,"",,,,"dnpm-lm-patient-record.carePlans.studyEnrollmentRecommendations.indication.type",1,1,"",""
"dnpm-lm-patient-record.carePlans.studyEnrollmentRecommendations.supportingVariants","dnpm-lm-patient-record.carePlans.studyEnrollmentRecommendations.supportingVariants","","","",0,*,"","","","BackboneElement {[]} {[]}
","Supporting variants","Supporting variants","","","","","","","","","",,,,,"",,,,"dnpm-lm-patient-record.carePlans.studyEnrollmentRecommendations.supportingVariants",0,*,"","ele-1:All FHIR elements must have a @value or children {hasValue() or (children().count() > id.count())}
"
"dnpm-lm-patient-record.carePlans.studyEnrollmentRecommendations.supportingVariants.id","dnpm-lm-patient-record.carePlans.studyEnrollmentRecommendations.supportingVariants.id","","","",1,1,"","","","string {[]} {[]}
","Variant ID","Variant ID","","","","","","","","","",,,,,"",,,,"Element.id",0,1,"",""
"dnpm-lm-patient-record.carePlans.studyEnrollmentRecommendations.supportingVariants.extension","dnpm-lm-patient-record.carePlans.studyEnrollmentRecommendations.supportingVariants.extension","","extensions
user content","",0,*,"","","","Extension {[]} {[]}
","Additional content defined by implementations","May be used to represent additional information that is not part of the basic definition of the element. To make the use of extensions safe and manageable, there is a strict set of governance  applied to the definition and use of extensions. Though any implementer can define an extension, there is a set of requirements that SHALL be met as part of the definition of the extension.","There can be no stigma associated with the use of extensions by any application, project, or standard - regardless of the institution or jurisdiction that uses or defines the extensions.  The use of extensions is what allows the FHIR specification to retain a core level of simplicity for everyone.","","","","","","","","",,,,,"","value:url}
","Extensions are always sliced by (at least) url",,"open","Element.extension",0,*,"","ele-1:All FHIR elements must have a @value or children {hasValue() or (children().count() > id.count())}
ext-1:Must have either extensions or value[x], not both {extension.exists() != value.exists()}"
"dnpm-lm-patient-record.carePlans.studyEnrollmentRecommendations.supportingVariants.modifierExtension","dnpm-lm-patient-record.carePlans.studyEnrollmentRecommendations.supportingVariants.modifierExtension","","extensions
user contentmodifiers","",0,*,"","Y","Y","Extension {[]} {[]}
","Extensions that cannot be ignored even if unrecognized","May be used to represent additional information that is not part of the basic definition of the element and that modifies the understanding of the element in which it is contained and/or the understanding of the containing element's descendants. Usually modifier elements provide negation or qualification. To make the use of extensions safe and manageable, there is a strict set of governance applied to the definition and use of extensions. Though any implementer can define an extension, there is a set of requirements that SHALL be met as part of the definition of the extension. Applications processing a resource are required to check for modifier extensions.

Modifier extensions SHALL NOT change the meaning of any elements on Resource or DomainResource (including cannot change the meaning of modifierExtension itself).","There can be no stigma associated with the use of extensions by any application, project, or standard - regardless of the institution or jurisdiction that uses or defines the extensions.  The use of extensions is what allows the FHIR specification to retain a core level of simplicity for everyone.","Modifier extensions allow for extensions that *cannot* be safely ignored to be clearly distinguished from the vast majority of extensions which can be safely ignored.  This promotes interoperability by eliminating the need for implementers to prohibit the presence of extensions. For further information, see the [definition of modifier extensions](http://hl7.org/fhir/R4/extensibility.html#modifierExtension).","","","","","","","",,,,,"",,,,"BackboneElement.modifierExtension",0,*,"","ele-1:All FHIR elements must have a @value or children {hasValue() or (children().count() > id.count())}
ext-1:Must have either extensions or value[x], not both {extension.exists() != value.exists()}"
"dnpm-lm-patient-record.carePlans.studyEnrollmentRecommendations.supportingVariants.type","dnpm-lm-patient-record.carePlans.studyEnrollmentRecommendations.supportingVariants.type","","","",1,1,"","","","string {[]} {[]}
","Variant type","Variant type","","","","","","","","","",,,,,"",,,,"dnpm-lm-patient-record.carePlans.studyEnrollmentRecommendations.supportingVariants.type",1,1,"",""
"dnpm-lm-patient-record.carePlans.studyEnrollmentRecommendations.studies","dnpm-lm-patient-record.carePlans.studyEnrollmentRecommendations.studies","","","",0,*,"","","","BackboneElement {[]} {[]}
","Recommended studies","Recommended studies","","","","","","","","","",,,,,"",,,,"dnpm-lm-patient-record.carePlans.studyEnrollmentRecommendations.studies",0,*,"","ele-1:All FHIR elements must have a @value or children {hasValue() or (children().count() > id.count())}
"
"dnpm-lm-patient-record.carePlans.studyEnrollmentRecommendations.studies.id","dnpm-lm-patient-record.carePlans.studyEnrollmentRecommendations.studies.id","","","",1,1,"","","","string {[]} {[]}
","Study ID (e.g. NCT number)","Study ID (e.g. NCT number)","","","","","","","","","",,,,,"",,,,"Element.id",0,1,"",""
"dnpm-lm-patient-record.carePlans.studyEnrollmentRecommendations.studies.extension","dnpm-lm-patient-record.carePlans.studyEnrollmentRecommendations.studies.extension","","extensions
user content","",0,*,"","","","Extension {[]} {[]}
","Additional content defined by implementations","May be used to represent additional information that is not part of the basic definition of the element. To make the use of extensions safe and manageable, there is a strict set of governance  applied to the definition and use of extensions. Though any implementer can define an extension, there is a set of requirements that SHALL be met as part of the definition of the extension.","There can be no stigma associated with the use of extensions by any application, project, or standard - regardless of the institution or jurisdiction that uses or defines the extensions.  The use of extensions is what allows the FHIR specification to retain a core level of simplicity for everyone.","","","","","","","","",,,,,"","value:url}
","Extensions are always sliced by (at least) url",,"open","Element.extension",0,*,"","ele-1:All FHIR elements must have a @value or children {hasValue() or (children().count() > id.count())}
ext-1:Must have either extensions or value[x], not both {extension.exists() != value.exists()}"
"dnpm-lm-patient-record.carePlans.studyEnrollmentRecommendations.studies.modifierExtension","dnpm-lm-patient-record.carePlans.studyEnrollmentRecommendations.studies.modifierExtension","","extensions
user contentmodifiers","",0,*,"","Y","Y","Extension {[]} {[]}
","Extensions that cannot be ignored even if unrecognized","May be used to represent additional information that is not part of the basic definition of the element and that modifies the understanding of the element in which it is contained and/or the understanding of the containing element's descendants. Usually modifier elements provide negation or qualification. To make the use of extensions safe and manageable, there is a strict set of governance applied to the definition and use of extensions. Though any implementer can define an extension, there is a set of requirements that SHALL be met as part of the definition of the extension. Applications processing a resource are required to check for modifier extensions.

Modifier extensions SHALL NOT change the meaning of any elements on Resource or DomainResource (including cannot change the meaning of modifierExtension itself).","There can be no stigma associated with the use of extensions by any application, project, or standard - regardless of the institution or jurisdiction that uses or defines the extensions.  The use of extensions is what allows the FHIR specification to retain a core level of simplicity for everyone.","Modifier extensions allow for extensions that *cannot* be safely ignored to be clearly distinguished from the vast majority of extensions which can be safely ignored.  This promotes interoperability by eliminating the need for implementers to prohibit the presence of extensions. For further information, see the [definition of modifier extensions](http://hl7.org/fhir/R4/extensibility.html#modifierExtension).","","","","","","","",,,,,"",,,,"BackboneElement.modifierExtension",0,*,"","ele-1:All FHIR elements must have a @value or children {hasValue() or (children().count() > id.count())}
ext-1:Must have either extensions or value[x], not both {extension.exists() != value.exists()}"
"dnpm-lm-patient-record.carePlans.studyEnrollmentRecommendations.studies.system","dnpm-lm-patient-record.carePlans.studyEnrollmentRecommendations.studies.system","","","",1,1,"","","","string {[]} {[]}
","Study registry system URI","Study registry system URI","","","","","","","","","",,,,,"",,,,"dnpm-lm-patient-record.carePlans.studyEnrollmentRecommendations.studies.system",1,1,"",""
"dnpm-lm-patient-record.followUps","dnpm-lm-patient-record.followUps","","","",0,*,"","","","BackboneElement {[]} {[]}
","Follow-up visit entries","Follow-up visit entries","","","","","","","","","",,,,,"",,,,"dnpm-lm-patient-record.followUps",0,*,"","ele-1:All FHIR elements must have a @value or children {hasValue() or (children().count() > id.count())}
","MTB: Follow-Up (ClinicalImpression)"
"dnpm-lm-patient-record.followUps.id","dnpm-lm-patient-record.followUps.id","","","",1,1,"","","","string {[]} {[]}
","Follow-up UUID","Follow-up UUID","","","","","","","","","",,,,,"",,,,"Element.id",0,1,"","","MTB: ClinicalImpression.identifier"
"dnpm-lm-patient-record.followUps.extension","dnpm-lm-patient-record.followUps.extension","","extensions
user content","",0,*,"","","","Extension {[]} {[]}
","Additional content defined by implementations","May be used to represent additional information that is not part of the basic definition of the element. To make the use of extensions safe and manageable, there is a strict set of governance  applied to the definition and use of extensions. Though any implementer can define an extension, there is a set of requirements that SHALL be met as part of the definition of the extension.","There can be no stigma associated with the use of extensions by any application, project, or standard - regardless of the institution or jurisdiction that uses or defines the extensions.  The use of extensions is what allows the FHIR specification to retain a core level of simplicity for everyone.","","","","","","","","",,,,,"","value:url}
","Extensions are always sliced by (at least) url",,"open","Element.extension",0,*,"","ele-1:All FHIR elements must have a @value or children {hasValue() or (children().count() > id.count())}
ext-1:Must have either extensions or value[x], not both {extension.exists() != value.exists()}"
"dnpm-lm-patient-record.followUps.modifierExtension","dnpm-lm-patient-record.followUps.modifierExtension","","extensions
user contentmodifiers","",0,*,"","Y","Y","Extension {[]} {[]}
","Extensions that cannot be ignored even if unrecognized","May be used to represent additional information that is not part of the basic definition of the element and that modifies the understanding of the element in which it is contained and/or the understanding of the containing element's descendants. Usually modifier elements provide negation or qualification. To make the use of extensions safe and manageable, there is a strict set of governance applied to the definition and use of extensions. Though any implementer can define an extension, there is a set of requirements that SHALL be met as part of the definition of the extension. Applications processing a resource are required to check for modifier extensions.

Modifier extensions SHALL NOT change the meaning of any elements on Resource or DomainResource (including cannot change the meaning of modifierExtension itself).","There can be no stigma associated with the use of extensions by any application, project, or standard - regardless of the institution or jurisdiction that uses or defines the extensions.  The use of extensions is what allows the FHIR specification to retain a core level of simplicity for everyone.","Modifier extensions allow for extensions that *cannot* be safely ignored to be clearly distinguished from the vast majority of extensions which can be safely ignored.  This promotes interoperability by eliminating the need for implementers to prohibit the presence of extensions. For further information, see the [definition of modifier extensions](http://hl7.org/fhir/R4/extensibility.html#modifierExtension).","","","","","","","",,,,,"",,,,"BackboneElement.modifierExtension",0,*,"","ele-1:All FHIR elements must have a @value or children {hasValue() or (children().count() > id.count())}
ext-1:Must have either extensions or value[x], not both {extension.exists() != value.exists()}"
"dnpm-lm-patient-record.followUps.patient","dnpm-lm-patient-record.followUps.patient","","","",1,1,"","","","BackboneElement {[]} {[]}
","Patient reference","Patient reference","","","","","","","","","",,,,,"",,,,"dnpm-lm-patient-record.followUps.patient",1,1,"","ele-1:All FHIR elements must have a @value or children {hasValue() or (children().count() > id.count())}
","MTB: ClinicalImpression.subject"
"dnpm-lm-patient-record.followUps.patient.id","dnpm-lm-patient-record.followUps.patient.id","","","",1,1,"","","","string {[]} {[]}
","Patient ID","Patient ID","","","","","","","","","",,,,,"",,,,"Element.id",0,1,"",""
"dnpm-lm-patient-record.followUps.patient.extension","dnpm-lm-patient-record.followUps.patient.extension","","extensions
user content","",0,*,"","","","Extension {[]} {[]}
","Additional content defined by implementations","May be used to represent additional information that is not part of the basic definition of the element. To make the use of extensions safe and manageable, there is a strict set of governance  applied to the definition and use of extensions. Though any implementer can define an extension, there is a set of requirements that SHALL be met as part of the definition of the extension.","There can be no stigma associated with the use of extensions by any application, project, or standard - regardless of the institution or jurisdiction that uses or defines the extensions.  The use of extensions is what allows the FHIR specification to retain a core level of simplicity for everyone.","","","","","","","","",,,,,"","value:url}
","Extensions are always sliced by (at least) url",,"open","Element.extension",0,*,"","ele-1:All FHIR elements must have a @value or children {hasValue() or (children().count() > id.count())}
ext-1:Must have either extensions or value[x], not both {extension.exists() != value.exists()}"
"dnpm-lm-patient-record.followUps.patient.modifierExtension","dnpm-lm-patient-record.followUps.patient.modifierExtension","","extensions
user contentmodifiers","",0,*,"","Y","Y","Extension {[]} {[]}
","Extensions that cannot be ignored even if unrecognized","May be used to represent additional information that is not part of the basic definition of the element and that modifies the understanding of the element in which it is contained and/or the understanding of the containing element's descendants. Usually modifier elements provide negation or qualification. To make the use of extensions safe and manageable, there is a strict set of governance applied to the definition and use of extensions. Though any implementer can define an extension, there is a set of requirements that SHALL be met as part of the definition of the extension. Applications processing a resource are required to check for modifier extensions.

Modifier extensions SHALL NOT change the meaning of any elements on Resource or DomainResource (including cannot change the meaning of modifierExtension itself).","There can be no stigma associated with the use of extensions by any application, project, or standard - regardless of the institution or jurisdiction that uses or defines the extensions.  The use of extensions is what allows the FHIR specification to retain a core level of simplicity for everyone.","Modifier extensions allow for extensions that *cannot* be safely ignored to be clearly distinguished from the vast majority of extensions which can be safely ignored.  This promotes interoperability by eliminating the need for implementers to prohibit the presence of extensions. For further information, see the [definition of modifier extensions](http://hl7.org/fhir/R4/extensibility.html#modifierExtension).","","","","","","","",,,,,"",,,,"BackboneElement.modifierExtension",0,*,"","ele-1:All FHIR elements must have a @value or children {hasValue() or (children().count() > id.count())}
ext-1:Must have either extensions or value[x], not both {extension.exists() != value.exists()}"
"dnpm-lm-patient-record.followUps.patient.type","dnpm-lm-patient-record.followUps.patient.type","","","",1,1,"","","","string {[]} {[]}
","Reference type (Patient)","Reference type (Patient)","","","","","","","","","",,,,,"",,,,"dnpm-lm-patient-record.followUps.patient.type",1,1,"",""
"dnpm-lm-patient-record.followUps.date","dnpm-lm-patient-record.followUps.date","","","",1,1,"","","","string {[]} {[]}
","Follow-up date (YYYY-MM-DD)","Follow-up date (YYYY-MM-DD)","","","","","","","","","",,,,,"",,,,"dnpm-lm-patient-record.followUps.date",1,1,"","","MTB: ClinicalImpression.effectiveDateTime"
"dnpm-lm-patient-record.followUps.lastContactDate","dnpm-lm-patient-record.followUps.lastContactDate","","","",0,1,"","","","string {[]} {[]}
","Date of last patient contact (YYYY-MM-DD)","Date of last patient contact (YYYY-MM-DD)","","","","","","","","","",,,,,"",,,,"dnpm-lm-patient-record.followUps.lastContactDate",0,1,"",""
"dnpm-lm-patient-record.followUps.patientStatus","dnpm-lm-patient-record.followUps.patientStatus","","","",0,1,"","","","BackboneElement {[]} {[]}
","Patient status at follow-up","Patient status at follow-up","","","","","","","","","",,,,,"",,,,"dnpm-lm-patient-record.followUps.patientStatus",0,1,"","ele-1:All FHIR elements must have a @value or children {hasValue() or (children().count() > id.count())}
"
"dnpm-lm-patient-record.followUps.patientStatus.id","dnpm-lm-patient-record.followUps.patientStatus.id","","","",0,1,"","","","string {[]} {[]}
","Unique id for inter-element referencing","Unique id for the element within a resource (for internal references). This may be any string value that does not contain spaces.","","","","","","","","","",,,,,"",,,,"Element.id",0,1,"",""
"dnpm-lm-patient-record.followUps.patientStatus.extension","dnpm-lm-patient-record.followUps.patientStatus.extension","","extensions
user content","",0,*,"","","","Extension {[]} {[]}
","Additional content defined by implementations","May be used to represent additional information that is not part of the basic definition of the element. To make the use of extensions safe and manageable, there is a strict set of governance  applied to the definition and use of extensions. Though any implementer can define an extension, there is a set of requirements that SHALL be met as part of the definition of the extension.","There can be no stigma associated with the use of extensions by any application, project, or standard - regardless of the institution or jurisdiction that uses or defines the extensions.  The use of extensions is what allows the FHIR specification to retain a core level of simplicity for everyone.","","","","","","","","",,,,,"","value:url}
","Extensions are always sliced by (at least) url",,"open","Element.extension",0,*,"","ele-1:All FHIR elements must have a @value or children {hasValue() or (children().count() > id.count())}
ext-1:Must have either extensions or value[x], not both {extension.exists() != value.exists()}"
"dnpm-lm-patient-record.followUps.patientStatus.modifierExtension","dnpm-lm-patient-record.followUps.patientStatus.modifierExtension","","extensions
user contentmodifiers","",0,*,"","Y","Y","Extension {[]} {[]}
","Extensions that cannot be ignored even if unrecognized","May be used to represent additional information that is not part of the basic definition of the element and that modifies the understanding of the element in which it is contained and/or the understanding of the containing element's descendants. Usually modifier elements provide negation or qualification. To make the use of extensions safe and manageable, there is a strict set of governance applied to the definition and use of extensions. Though any implementer can define an extension, there is a set of requirements that SHALL be met as part of the definition of the extension. Applications processing a resource are required to check for modifier extensions.

Modifier extensions SHALL NOT change the meaning of any elements on Resource or DomainResource (including cannot change the meaning of modifierExtension itself).","There can be no stigma associated with the use of extensions by any application, project, or standard - regardless of the institution or jurisdiction that uses or defines the extensions.  The use of extensions is what allows the FHIR specification to retain a core level of simplicity for everyone.","Modifier extensions allow for extensions that *cannot* be safely ignored to be clearly distinguished from the vast majority of extensions which can be safely ignored.  This promotes interoperability by eliminating the need for implementers to prohibit the presence of extensions. For further information, see the [definition of modifier extensions](http://hl7.org/fhir/R4/extensibility.html#modifierExtension).","","","","","","","",,,,,"",,,,"BackboneElement.modifierExtension",0,*,"","ele-1:All FHIR elements must have a @value or children {hasValue() or (children().count() > id.count())}
ext-1:Must have either extensions or value[x], not both {extension.exists() != value.exists()}"
"dnpm-lm-patient-record.followUps.patientStatus.code","dnpm-lm-patient-record.followUps.patientStatus.code","","","",1,1,"","","","string {[]} {[]}
","Status code (e.g. alive)","Status code (e.g. alive)","","","","","","","","","",,,,,"",,,,"dnpm-lm-patient-record.followUps.patientStatus.code",1,1,"",""
"dnpm-lm-patient-record.followUps.patientStatus.display","dnpm-lm-patient-record.followUps.patientStatus.display","","","",0,1,"","","","string {[]} {[]}
","Status display","Status display","","","","","","","","","",,,,,"",,,,"dnpm-lm-patient-record.followUps.patientStatus.display",0,1,"",""
"dnpm-lm-patient-record.followUps.patientStatus.system","dnpm-lm-patient-record.followUps.patientStatus.system","","","",1,1,"","","","string {[]} {[]}
","Status system URI","Status system URI","","","","","","","","","",,,,,"",,,,"dnpm-lm-patient-record.followUps.patientStatus.system",1,1,"",""
"dnpm-lm-patient-record.followUps.claims","dnpm-lm-patient-record.followUps.claims","","","",0,*,"","","","BackboneElement {[]} {[]}
","Claim references at follow-up","Claim references at follow-up","","","","","","","","","",,,,,"",,,,"dnpm-lm-patient-record.followUps.claims",0,*,"","ele-1:All FHIR elements must have a @value or children {hasValue() or (children().count() > id.count())}
"
"dnpm-lm-patient-record.followUps.claims.id","dnpm-lm-patient-record.followUps.claims.id","","","",1,1,"","","","string {[]} {[]}
","Claim ID","Claim ID","","","","","","","","","",,,,,"",,,,"Element.id",0,1,"",""
"dnpm-lm-patient-record.followUps.claims.extension","dnpm-lm-patient-record.followUps.claims.extension","","extensions
user content","",0,*,"","","","Extension {[]} {[]}
","Additional content defined by implementations","May be used to represent additional information that is not part of the basic definition of the element. To make the use of extensions safe and manageable, there is a strict set of governance  applied to the definition and use of extensions. Though any implementer can define an extension, there is a set of requirements that SHALL be met as part of the definition of the extension.","There can be no stigma associated with the use of extensions by any application, project, or standard - regardless of the institution or jurisdiction that uses or defines the extensions.  The use of extensions is what allows the FHIR specification to retain a core level of simplicity for everyone.","","","","","","","","",,,,,"","value:url}
","Extensions are always sliced by (at least) url",,"open","Element.extension",0,*,"","ele-1:All FHIR elements must have a @value or children {hasValue() or (children().count() > id.count())}
ext-1:Must have either extensions or value[x], not both {extension.exists() != value.exists()}"
"dnpm-lm-patient-record.followUps.claims.modifierExtension","dnpm-lm-patient-record.followUps.claims.modifierExtension","","extensions
user contentmodifiers","",0,*,"","Y","Y","Extension {[]} {[]}
","Extensions that cannot be ignored even if unrecognized","May be used to represent additional information that is not part of the basic definition of the element and that modifies the understanding of the element in which it is contained and/or the understanding of the containing element's descendants. Usually modifier elements provide negation or qualification. To make the use of extensions safe and manageable, there is a strict set of governance applied to the definition and use of extensions. Though any implementer can define an extension, there is a set of requirements that SHALL be met as part of the definition of the extension. Applications processing a resource are required to check for modifier extensions.

Modifier extensions SHALL NOT change the meaning of any elements on Resource or DomainResource (including cannot change the meaning of modifierExtension itself).","There can be no stigma associated with the use of extensions by any application, project, or standard - regardless of the institution or jurisdiction that uses or defines the extensions.  The use of extensions is what allows the FHIR specification to retain a core level of simplicity for everyone.","Modifier extensions allow for extensions that *cannot* be safely ignored to be clearly distinguished from the vast majority of extensions which can be safely ignored.  This promotes interoperability by eliminating the need for implementers to prohibit the presence of extensions. For further information, see the [definition of modifier extensions](http://hl7.org/fhir/R4/extensibility.html#modifierExtension).","","","","","","","",,,,,"",,,,"BackboneElement.modifierExtension",0,*,"","ele-1:All FHIR elements must have a @value or children {hasValue() or (children().count() > id.count())}
ext-1:Must have either extensions or value[x], not both {extension.exists() != value.exists()}"
"dnpm-lm-patient-record.followUps.claims.type","dnpm-lm-patient-record.followUps.claims.type","","","",1,1,"","","","string {[]} {[]}
","Reference type (Claim)","Reference type (Claim)","","","","","","","","","",,,,,"",,,,"dnpm-lm-patient-record.followUps.claims.type",1,1,"",""
"dnpm-lm-patient-record.followUps.therapyChanged","dnpm-lm-patient-record.followUps.therapyChanged","","","",0,1,"","","","boolean {[]} {[]}
","Whether therapy was changed at this follow-up","Whether therapy was changed at this follow-up","","","","","","","","","",,,,,"",,,,"dnpm-lm-patient-record.followUps.therapyChanged",0,1,"",""
"dnpm-lm-patient-record.claims","dnpm-lm-patient-record.claims","","","",0,*,"","","","BackboneElement {[]} {[]}
","Insurance / cost coverage claim entries","Insurance / cost coverage claim entries","","","","","","","","","",,,,,"",,,,"dnpm-lm-patient-record.claims",0,*,"","ele-1:All FHIR elements must have a @value or children {hasValue() or (children().count() > id.count())}
","MTB: Antrag Kostenuebernahme (ClaimResponse)"
"dnpm-lm-patient-record.claims.id","dnpm-lm-patient-record.claims.id","","","",1,1,"","","","string {[]} {[]}
","Claim UUID","Claim UUID","","","","","","","","","",,,,,"",,,,"Element.id",0,1,"","","MTB: ClaimResponse.identifier"
"dnpm-lm-patient-record.claims.extension","dnpm-lm-patient-record.claims.extension","","extensions
user content","",0,*,"","","","Extension {[]} {[]}
","Additional content defined by implementations","May be used to represent additional information that is not part of the basic definition of the element. To make the use of extensions safe and manageable, there is a strict set of governance  applied to the definition and use of extensions. Though any implementer can define an extension, there is a set of requirements that SHALL be met as part of the definition of the extension.","There can be no stigma associated with the use of extensions by any application, project, or standard - regardless of the institution or jurisdiction that uses or defines the extensions.  The use of extensions is what allows the FHIR specification to retain a core level of simplicity for everyone.","","","","","","","","",,,,,"","value:url}
","Extensions are always sliced by (at least) url",,"open","Element.extension",0,*,"","ele-1:All FHIR elements must have a @value or children {hasValue() or (children().count() > id.count())}
ext-1:Must have either extensions or value[x], not both {extension.exists() != value.exists()}"
"dnpm-lm-patient-record.claims.modifierExtension","dnpm-lm-patient-record.claims.modifierExtension","","extensions
user contentmodifiers","",0,*,"","Y","Y","Extension {[]} {[]}
","Extensions that cannot be ignored even if unrecognized","May be used to represent additional information that is not part of the basic definition of the element and that modifies the understanding of the element in which it is contained and/or the understanding of the containing element's descendants. Usually modifier elements provide negation or qualification. To make the use of extensions safe and manageable, there is a strict set of governance applied to the definition and use of extensions. Though any implementer can define an extension, there is a set of requirements that SHALL be met as part of the definition of the extension. Applications processing a resource are required to check for modifier extensions.

Modifier extensions SHALL NOT change the meaning of any elements on Resource or DomainResource (including cannot change the meaning of modifierExtension itself).","There can be no stigma associated with the use of extensions by any application, project, or standard - regardless of the institution or jurisdiction that uses or defines the extensions.  The use of extensions is what allows the FHIR specification to retain a core level of simplicity for everyone.","Modifier extensions allow for extensions that *cannot* be safely ignored to be clearly distinguished from the vast majority of extensions which can be safely ignored.  This promotes interoperability by eliminating the need for implementers to prohibit the presence of extensions. For further information, see the [definition of modifier extensions](http://hl7.org/fhir/R4/extensibility.html#modifierExtension).","","","","","","","",,,,,"",,,,"BackboneElement.modifierExtension",0,*,"","ele-1:All FHIR elements must have a @value or children {hasValue() or (children().count() > id.count())}
ext-1:Must have either extensions or value[x], not both {extension.exists() != value.exists()}"
"dnpm-lm-patient-record.claims.patient","dnpm-lm-patient-record.claims.patient","","","",1,1,"","","","BackboneElement {[]} {[]}
","Patient reference","Patient reference","","","","","","","","","",,,,,"",,,,"dnpm-lm-patient-record.claims.patient",1,1,"","ele-1:All FHIR elements must have a @value or children {hasValue() or (children().count() > id.count())}
","MTB: ClaimResponse.patient"
"dnpm-lm-patient-record.claims.patient.id","dnpm-lm-patient-record.claims.patient.id","","","",1,1,"","","","string {[]} {[]}
","Patient ID","Patient ID","","","","","","","","","",,,,,"",,,,"Element.id",0,1,"",""
"dnpm-lm-patient-record.claims.patient.extension","dnpm-lm-patient-record.claims.patient.extension","","extensions
user content","",0,*,"","","","Extension {[]} {[]}
","Additional content defined by implementations","May be used to represent additional information that is not part of the basic definition of the element. To make the use of extensions safe and manageable, there is a strict set of governance  applied to the definition and use of extensions. Though any implementer can define an extension, there is a set of requirements that SHALL be met as part of the definition of the extension.","There can be no stigma associated with the use of extensions by any application, project, or standard - regardless of the institution or jurisdiction that uses or defines the extensions.  The use of extensions is what allows the FHIR specification to retain a core level of simplicity for everyone.","","","","","","","","",,,,,"","value:url}
","Extensions are always sliced by (at least) url",,"open","Element.extension",0,*,"","ele-1:All FHIR elements must have a @value or children {hasValue() or (children().count() > id.count())}
ext-1:Must have either extensions or value[x], not both {extension.exists() != value.exists()}"
"dnpm-lm-patient-record.claims.patient.modifierExtension","dnpm-lm-patient-record.claims.patient.modifierExtension","","extensions
user contentmodifiers","",0,*,"","Y","Y","Extension {[]} {[]}
","Extensions that cannot be ignored even if unrecognized","May be used to represent additional information that is not part of the basic definition of the element and that modifies the understanding of the element in which it is contained and/or the understanding of the containing element's descendants. Usually modifier elements provide negation or qualification. To make the use of extensions safe and manageable, there is a strict set of governance applied to the definition and use of extensions. Though any implementer can define an extension, there is a set of requirements that SHALL be met as part of the definition of the extension. Applications processing a resource are required to check for modifier extensions.

Modifier extensions SHALL NOT change the meaning of any elements on Resource or DomainResource (including cannot change the meaning of modifierExtension itself).","There can be no stigma associated with the use of extensions by any application, project, or standard - regardless of the institution or jurisdiction that uses or defines the extensions.  The use of extensions is what allows the FHIR specification to retain a core level of simplicity for everyone.","Modifier extensions allow for extensions that *cannot* be safely ignored to be clearly distinguished from the vast majority of extensions which can be safely ignored.  This promotes interoperability by eliminating the need for implementers to prohibit the presence of extensions. For further information, see the [definition of modifier extensions](http://hl7.org/fhir/R4/extensibility.html#modifierExtension).","","","","","","","",,,,,"",,,,"BackboneElement.modifierExtension",0,*,"","ele-1:All FHIR elements must have a @value or children {hasValue() or (children().count() > id.count())}
ext-1:Must have either extensions or value[x], not both {extension.exists() != value.exists()}"
"dnpm-lm-patient-record.claims.patient.type","dnpm-lm-patient-record.claims.patient.type","","","",1,1,"","","","string {[]} {[]}
","Reference type (Patient)","Reference type (Patient)","","","","","","","","","",,,,,"",,,,"dnpm-lm-patient-record.claims.patient.type",1,1,"",""
"dnpm-lm-patient-record.claims.recommendation","dnpm-lm-patient-record.claims.recommendation","","","",1,1,"","","","BackboneElement {[]} {[]}
","Associated medication recommendation reference","Associated medication recommendation reference","","","","","","","","","",,,,,"",,,,"dnpm-lm-patient-record.claims.recommendation",1,1,"","ele-1:All FHIR elements must have a @value or children {hasValue() or (children().count() > id.count())}
","MTB: ClaimResponse.request"
"dnpm-lm-patient-record.claims.recommendation.id","dnpm-lm-patient-record.claims.recommendation.id","","","",1,1,"","","","string {[]} {[]}
","Recommendation ID","Recommendation ID","","","","","","","","","",,,,,"",,,,"Element.id",0,1,"",""
"dnpm-lm-patient-record.claims.recommendation.extension","dnpm-lm-patient-record.claims.recommendation.extension","","extensions
user content","",0,*,"","","","Extension {[]} {[]}
","Additional content defined by implementations","May be used to represent additional information that is not part of the basic definition of the element. To make the use of extensions safe and manageable, there is a strict set of governance  applied to the definition and use of extensions. Though any implementer can define an extension, there is a set of requirements that SHALL be met as part of the definition of the extension.","There can be no stigma associated with the use of extensions by any application, project, or standard - regardless of the institution or jurisdiction that uses or defines the extensions.  The use of extensions is what allows the FHIR specification to retain a core level of simplicity for everyone.","","","","","","","","",,,,,"","value:url}
","Extensions are always sliced by (at least) url",,"open","Element.extension",0,*,"","ele-1:All FHIR elements must have a @value or children {hasValue() or (children().count() > id.count())}
ext-1:Must have either extensions or value[x], not both {extension.exists() != value.exists()}"
"dnpm-lm-patient-record.claims.recommendation.modifierExtension","dnpm-lm-patient-record.claims.recommendation.modifierExtension","","extensions
user contentmodifiers","",0,*,"","Y","Y","Extension {[]} {[]}
","Extensions that cannot be ignored even if unrecognized","May be used to represent additional information that is not part of the basic definition of the element and that modifies the understanding of the element in which it is contained and/or the understanding of the containing element's descendants. Usually modifier elements provide negation or qualification. To make the use of extensions safe and manageable, there is a strict set of governance applied to the definition and use of extensions. Though any implementer can define an extension, there is a set of requirements that SHALL be met as part of the definition of the extension. Applications processing a resource are required to check for modifier extensions.

Modifier extensions SHALL NOT change the meaning of any elements on Resource or DomainResource (including cannot change the meaning of modifierExtension itself).","There can be no stigma associated with the use of extensions by any application, project, or standard - regardless of the institution or jurisdiction that uses or defines the extensions.  The use of extensions is what allows the FHIR specification to retain a core level of simplicity for everyone.","Modifier extensions allow for extensions that *cannot* be safely ignored to be clearly distinguished from the vast majority of extensions which can be safely ignored.  This promotes interoperability by eliminating the need for implementers to prohibit the presence of extensions. For further information, see the [definition of modifier extensions](http://hl7.org/fhir/R4/extensibility.html#modifierExtension).","","","","","","","",,,,,"",,,,"BackboneElement.modifierExtension",0,*,"","ele-1:All FHIR elements must have a @value or children {hasValue() or (children().count() > id.count())}
ext-1:Must have either extensions or value[x], not both {extension.exists() != value.exists()}"
"dnpm-lm-patient-record.claims.recommendation.type","dnpm-lm-patient-record.claims.recommendation.type","","","",1,1,"","","","string {[]} {[]}
","Reference type (MTBMedicationRecommendation)","Reference type (MTBMedicationRecommendation)","","","","","","","","","",,,,,"",,,,"dnpm-lm-patient-record.claims.recommendation.type",1,1,"",""
"dnpm-lm-patient-record.claims.issuedOn","dnpm-lm-patient-record.claims.issuedOn","","","",1,1,"","","","string {[]} {[]}
","Claim issue date (YYYY-MM-DD)","Claim issue date (YYYY-MM-DD)","","","","","","","","","",,,,,"",,,,"dnpm-lm-patient-record.claims.issuedOn",1,1,"","","MTB: ClaimResponse.created"
"dnpm-lm-patient-record.claimResponses","dnpm-lm-patient-record.claimResponses","","","",0,*,"","","","BackboneElement {[]} {[]}
","Insurance / cost coverage claim response entries","Insurance / cost coverage claim response entries","","","","","","","","","",,,,,"",,,,"dnpm-lm-patient-record.claimResponses",0,*,"","ele-1:All FHIR elements must have a @value or children {hasValue() or (children().count() > id.count())}
","MTB: Antwort Kostenuebernahme (ClaimResponse)"
"dnpm-lm-patient-record.claimResponses.id","dnpm-lm-patient-record.claimResponses.id","","","",1,1,"","","","string {[]} {[]}
","Claim response UUID","Claim response UUID","","","","","","","","","",,,,,"",,,,"Element.id",0,1,"","","MTB: ClaimResponse.identifier"
"dnpm-lm-patient-record.claimResponses.extension","dnpm-lm-patient-record.claimResponses.extension","","extensions
user content","",0,*,"","","","Extension {[]} {[]}
","Additional content defined by implementations","May be used to represent additional information that is not part of the basic definition of the element. To make the use of extensions safe and manageable, there is a strict set of governance  applied to the definition and use of extensions. Though any implementer can define an extension, there is a set of requirements that SHALL be met as part of the definition of the extension.","There can be no stigma associated with the use of extensions by any application, project, or standard - regardless of the institution or jurisdiction that uses or defines the extensions.  The use of extensions is what allows the FHIR specification to retain a core level of simplicity for everyone.","","","","","","","","",,,,,"","value:url}
","Extensions are always sliced by (at least) url",,"open","Element.extension",0,*,"","ele-1:All FHIR elements must have a @value or children {hasValue() or (children().count() > id.count())}
ext-1:Must have either extensions or value[x], not both {extension.exists() != value.exists()}"
"dnpm-lm-patient-record.claimResponses.modifierExtension","dnpm-lm-patient-record.claimResponses.modifierExtension","","extensions
user contentmodifiers","",0,*,"","Y","Y","Extension {[]} {[]}
","Extensions that cannot be ignored even if unrecognized","May be used to represent additional information that is not part of the basic definition of the element and that modifies the understanding of the element in which it is contained and/or the understanding of the containing element's descendants. Usually modifier elements provide negation or qualification. To make the use of extensions safe and manageable, there is a strict set of governance applied to the definition and use of extensions. Though any implementer can define an extension, there is a set of requirements that SHALL be met as part of the definition of the extension. Applications processing a resource are required to check for modifier extensions.

Modifier extensions SHALL NOT change the meaning of any elements on Resource or DomainResource (including cannot change the meaning of modifierExtension itself).","There can be no stigma associated with the use of extensions by any application, project, or standard - regardless of the institution or jurisdiction that uses or defines the extensions.  The use of extensions is what allows the FHIR specification to retain a core level of simplicity for everyone.","Modifier extensions allow for extensions that *cannot* be safely ignored to be clearly distinguished from the vast majority of extensions which can be safely ignored.  This promotes interoperability by eliminating the need for implementers to prohibit the presence of extensions. For further information, see the [definition of modifier extensions](http://hl7.org/fhir/R4/extensibility.html#modifierExtension).","","","","","","","",,,,,"",,,,"BackboneElement.modifierExtension",0,*,"","ele-1:All FHIR elements must have a @value or children {hasValue() or (children().count() > id.count())}
ext-1:Must have either extensions or value[x], not both {extension.exists() != value.exists()}"
"dnpm-lm-patient-record.claimResponses.patient","dnpm-lm-patient-record.claimResponses.patient","","","",1,1,"","","","BackboneElement {[]} {[]}
","Patient reference","Patient reference","","","","","","","","","",,,,,"",,,,"dnpm-lm-patient-record.claimResponses.patient",1,1,"","ele-1:All FHIR elements must have a @value or children {hasValue() or (children().count() > id.count())}
","MTB: ClaimResponse.patient"
"dnpm-lm-patient-record.claimResponses.patient.id","dnpm-lm-patient-record.claimResponses.patient.id","","","",1,1,"","","","string {[]} {[]}
","Patient ID","Patient ID","","","","","","","","","",,,,,"",,,,"Element.id",0,1,"",""
"dnpm-lm-patient-record.claimResponses.patient.extension","dnpm-lm-patient-record.claimResponses.patient.extension","","extensions
user content","",0,*,"","","","Extension {[]} {[]}
","Additional content defined by implementations","May be used to represent additional information that is not part of the basic definition of the element. To make the use of extensions safe and manageable, there is a strict set of governance  applied to the definition and use of extensions. Though any implementer can define an extension, there is a set of requirements that SHALL be met as part of the definition of the extension.","There can be no stigma associated with the use of extensions by any application, project, or standard - regardless of the institution or jurisdiction that uses or defines the extensions.  The use of extensions is what allows the FHIR specification to retain a core level of simplicity for everyone.","","","","","","","","",,,,,"","value:url}
","Extensions are always sliced by (at least) url",,"open","Element.extension",0,*,"","ele-1:All FHIR elements must have a @value or children {hasValue() or (children().count() > id.count())}
ext-1:Must have either extensions or value[x], not both {extension.exists() != value.exists()}"
"dnpm-lm-patient-record.claimResponses.patient.modifierExtension","dnpm-lm-patient-record.claimResponses.patient.modifierExtension","","extensions
user contentmodifiers","",0,*,"","Y","Y","Extension {[]} {[]}
","Extensions that cannot be ignored even if unrecognized","May be used to represent additional information that is not part of the basic definition of the element and that modifies the understanding of the element in which it is contained and/or the understanding of the containing element's descendants. Usually modifier elements provide negation or qualification. To make the use of extensions safe and manageable, there is a strict set of governance applied to the definition and use of extensions. Though any implementer can define an extension, there is a set of requirements that SHALL be met as part of the definition of the extension. Applications processing a resource are required to check for modifier extensions.

Modifier extensions SHALL NOT change the meaning of any elements on Resource or DomainResource (including cannot change the meaning of modifierExtension itself).","There can be no stigma associated with the use of extensions by any application, project, or standard - regardless of the institution or jurisdiction that uses or defines the extensions.  The use of extensions is what allows the FHIR specification to retain a core level of simplicity for everyone.","Modifier extensions allow for extensions that *cannot* be safely ignored to be clearly distinguished from the vast majority of extensions which can be safely ignored.  This promotes interoperability by eliminating the need for implementers to prohibit the presence of extensions. For further information, see the [definition of modifier extensions](http://hl7.org/fhir/R4/extensibility.html#modifierExtension).","","","","","","","",,,,,"",,,,"BackboneElement.modifierExtension",0,*,"","ele-1:All FHIR elements must have a @value or children {hasValue() or (children().count() > id.count())}
ext-1:Must have either extensions or value[x], not both {extension.exists() != value.exists()}"
"dnpm-lm-patient-record.claimResponses.patient.type","dnpm-lm-patient-record.claimResponses.patient.type","","","",1,1,"","","","string {[]} {[]}
","Reference type (Patient)","Reference type (Patient)","","","","","","","","","",,,,,"",,,,"dnpm-lm-patient-record.claimResponses.patient.type",1,1,"",""
"dnpm-lm-patient-record.claimResponses.claim","dnpm-lm-patient-record.claimResponses.claim","","","",1,1,"","","","BackboneElement {[]} {[]}
","Associated claim reference","Associated claim reference","","","","","","","","","",,,,,"",,,,"dnpm-lm-patient-record.claimResponses.claim",1,1,"","ele-1:All FHIR elements must have a @value or children {hasValue() or (children().count() > id.count())}
","MTB: ClaimResponse.request"
"dnpm-lm-patient-record.claimResponses.claim.id","dnpm-lm-patient-record.claimResponses.claim.id","","","",1,1,"","","","string {[]} {[]}
","Claim ID","Claim ID","","","","","","","","","",,,,,"",,,,"Element.id",0,1,"",""
"dnpm-lm-patient-record.claimResponses.claim.extension","dnpm-lm-patient-record.claimResponses.claim.extension","","extensions
user content","",0,*,"","","","Extension {[]} {[]}
","Additional content defined by implementations","May be used to represent additional information that is not part of the basic definition of the element. To make the use of extensions safe and manageable, there is a strict set of governance  applied to the definition and use of extensions. Though any implementer can define an extension, there is a set of requirements that SHALL be met as part of the definition of the extension.","There can be no stigma associated with the use of extensions by any application, project, or standard - regardless of the institution or jurisdiction that uses or defines the extensions.  The use of extensions is what allows the FHIR specification to retain a core level of simplicity for everyone.","","","","","","","","",,,,,"","value:url}
","Extensions are always sliced by (at least) url",,"open","Element.extension",0,*,"","ele-1:All FHIR elements must have a @value or children {hasValue() or (children().count() > id.count())}
ext-1:Must have either extensions or value[x], not both {extension.exists() != value.exists()}"
"dnpm-lm-patient-record.claimResponses.claim.modifierExtension","dnpm-lm-patient-record.claimResponses.claim.modifierExtension","","extensions
user contentmodifiers","",0,*,"","Y","Y","Extension {[]} {[]}
","Extensions that cannot be ignored even if unrecognized","May be used to represent additional information that is not part of the basic definition of the element and that modifies the understanding of the element in which it is contained and/or the understanding of the containing element's descendants. Usually modifier elements provide negation or qualification. To make the use of extensions safe and manageable, there is a strict set of governance applied to the definition and use of extensions. Though any implementer can define an extension, there is a set of requirements that SHALL be met as part of the definition of the extension. Applications processing a resource are required to check for modifier extensions.

Modifier extensions SHALL NOT change the meaning of any elements on Resource or DomainResource (including cannot change the meaning of modifierExtension itself).","There can be no stigma associated with the use of extensions by any application, project, or standard - regardless of the institution or jurisdiction that uses or defines the extensions.  The use of extensions is what allows the FHIR specification to retain a core level of simplicity for everyone.","Modifier extensions allow for extensions that *cannot* be safely ignored to be clearly distinguished from the vast majority of extensions which can be safely ignored.  This promotes interoperability by eliminating the need for implementers to prohibit the presence of extensions. For further information, see the [definition of modifier extensions](http://hl7.org/fhir/R4/extensibility.html#modifierExtension).","","","","","","","",,,,,"",,,,"BackboneElement.modifierExtension",0,*,"","ele-1:All FHIR elements must have a @value or children {hasValue() or (children().count() > id.count())}
ext-1:Must have either extensions or value[x], not both {extension.exists() != value.exists()}"
"dnpm-lm-patient-record.claimResponses.claim.type","dnpm-lm-patient-record.claimResponses.claim.type","","","",1,1,"","","","string {[]} {[]}
","Reference type (Claim)","Reference type (Claim)","","","","","","","","","",,,,,"",,,,"dnpm-lm-patient-record.claimResponses.claim.type",1,1,"",""
"dnpm-lm-patient-record.claimResponses.issuedOn","dnpm-lm-patient-record.claimResponses.issuedOn","","","",1,1,"","","","string {[]} {[]}
","Response date (YYYY-MM-DD)","Response date (YYYY-MM-DD)","","","","","","","","","",,,,,"",,,,"dnpm-lm-patient-record.claimResponses.issuedOn",1,1,"","","MTB: ClaimResponse.created"
"dnpm-lm-patient-record.claimResponses.status","dnpm-lm-patient-record.claimResponses.status","","","",1,1,"","","","BackboneElement {[]} {[]}
","Response status","Response status","","","","","","","","","",,,,,"",,,,"dnpm-lm-patient-record.claimResponses.status",1,1,"","ele-1:All FHIR elements must have a @value or children {hasValue() or (children().count() > id.count())}
","MTB: ClaimResponse.extension(Entscheidung)"
"dnpm-lm-patient-record.claimResponses.status.id","dnpm-lm-patient-record.claimResponses.status.id","","","",0,1,"","","","string {[]} {[]}
","Unique id for inter-element referencing","Unique id for the element within a resource (for internal references). This may be any string value that does not contain spaces.","","","","","","","","","",,,,,"",,,,"Element.id",0,1,"",""
"dnpm-lm-patient-record.claimResponses.status.extension","dnpm-lm-patient-record.claimResponses.status.extension","","extensions
user content","",0,*,"","","","Extension {[]} {[]}
","Additional content defined by implementations","May be used to represent additional information that is not part of the basic definition of the element. To make the use of extensions safe and manageable, there is a strict set of governance  applied to the definition and use of extensions. Though any implementer can define an extension, there is a set of requirements that SHALL be met as part of the definition of the extension.","There can be no stigma associated with the use of extensions by any application, project, or standard - regardless of the institution or jurisdiction that uses or defines the extensions.  The use of extensions is what allows the FHIR specification to retain a core level of simplicity for everyone.","","","","","","","","",,,,,"","value:url}
","Extensions are always sliced by (at least) url",,"open","Element.extension",0,*,"","ele-1:All FHIR elements must have a @value or children {hasValue() or (children().count() > id.count())}
ext-1:Must have either extensions or value[x], not both {extension.exists() != value.exists()}"
"dnpm-lm-patient-record.claimResponses.status.modifierExtension","dnpm-lm-patient-record.claimResponses.status.modifierExtension","","extensions
user contentmodifiers","",0,*,"","Y","Y","Extension {[]} {[]}
","Extensions that cannot be ignored even if unrecognized","May be used to represent additional information that is not part of the basic definition of the element and that modifies the understanding of the element in which it is contained and/or the understanding of the containing element's descendants. Usually modifier elements provide negation or qualification. To make the use of extensions safe and manageable, there is a strict set of governance applied to the definition and use of extensions. Though any implementer can define an extension, there is a set of requirements that SHALL be met as part of the definition of the extension. Applications processing a resource are required to check for modifier extensions.

Modifier extensions SHALL NOT change the meaning of any elements on Resource or DomainResource (including cannot change the meaning of modifierExtension itself).","There can be no stigma associated with the use of extensions by any application, project, or standard - regardless of the institution or jurisdiction that uses or defines the extensions.  The use of extensions is what allows the FHIR specification to retain a core level of simplicity for everyone.","Modifier extensions allow for extensions that *cannot* be safely ignored to be clearly distinguished from the vast majority of extensions which can be safely ignored.  This promotes interoperability by eliminating the need for implementers to prohibit the presence of extensions. For further information, see the [definition of modifier extensions](http://hl7.org/fhir/R4/extensibility.html#modifierExtension).","","","","","","","",,,,,"",,,,"BackboneElement.modifierExtension",0,*,"","ele-1:All FHIR elements must have a @value or children {hasValue() or (children().count() > id.count())}
ext-1:Must have either extensions or value[x], not both {extension.exists() != value.exists()}"
"dnpm-lm-patient-record.claimResponses.status.code","dnpm-lm-patient-record.claimResponses.status.code","","","",1,1,"","","","string {[]} {[]}
","Status code (e.g. rejected)","Status code (e.g. rejected)","","","","","","","","","",,,,,"",,,,"dnpm-lm-patient-record.claimResponses.status.code",1,1,"",""
"dnpm-lm-patient-record.claimResponses.status.display","dnpm-lm-patient-record.claimResponses.status.display","","","",0,1,"","","","string {[]} {[]}
","Status display","Status display","","","","","","","","","",,,,,"",,,,"dnpm-lm-patient-record.claimResponses.status.display",0,1,"",""
"dnpm-lm-patient-record.claimResponses.status.system","dnpm-lm-patient-record.claimResponses.status.system","","","",1,1,"","","","string {[]} {[]}
","Status system URI","Status system URI","","","","","","","","","",,,,,"",,,,"dnpm-lm-patient-record.claimResponses.status.system",1,1,"",""
"dnpm-lm-patient-record.claimResponses.statusReason","dnpm-lm-patient-record.claimResponses.statusReason","","","",0,1,"","","","BackboneElement {[]} {[]}
","Reason for response status","Reason for response status","","","","","","","","","",,,,,"",,,,"dnpm-lm-patient-record.claimResponses.statusReason",0,1,"","ele-1:All FHIR elements must have a @value or children {hasValue() or (children().count() > id.count())}
","MTB: ClaimResponse.extension(Ablehnungsgrund)"
"dnpm-lm-patient-record.claimResponses.statusReason.id","dnpm-lm-patient-record.claimResponses.statusReason.id","","","",0,1,"","","","string {[]} {[]}
","Unique id for inter-element referencing","Unique id for the element within a resource (for internal references). This may be any string value that does not contain spaces.","","","","","","","","","",,,,,"",,,,"Element.id",0,1,"",""
"dnpm-lm-patient-record.claimResponses.statusReason.extension","dnpm-lm-patient-record.claimResponses.statusReason.extension","","extensions
user content","",0,*,"","","","Extension {[]} {[]}
","Additional content defined by implementations","May be used to represent additional information that is not part of the basic definition of the element. To make the use of extensions safe and manageable, there is a strict set of governance  applied to the definition and use of extensions. Though any implementer can define an extension, there is a set of requirements that SHALL be met as part of the definition of the extension.","There can be no stigma associated with the use of extensions by any application, project, or standard - regardless of the institution or jurisdiction that uses or defines the extensions.  The use of extensions is what allows the FHIR specification to retain a core level of simplicity for everyone.","","","","","","","","",,,,,"","value:url}
","Extensions are always sliced by (at least) url",,"open","Element.extension",0,*,"","ele-1:All FHIR elements must have a @value or children {hasValue() or (children().count() > id.count())}
ext-1:Must have either extensions or value[x], not both {extension.exists() != value.exists()}"
"dnpm-lm-patient-record.claimResponses.statusReason.modifierExtension","dnpm-lm-patient-record.claimResponses.statusReason.modifierExtension","","extensions
user contentmodifiers","",0,*,"","Y","Y","Extension {[]} {[]}
","Extensions that cannot be ignored even if unrecognized","May be used to represent additional information that is not part of the basic definition of the element and that modifies the understanding of the element in which it is contained and/or the understanding of the containing element's descendants. Usually modifier elements provide negation or qualification. To make the use of extensions safe and manageable, there is a strict set of governance applied to the definition and use of extensions. Though any implementer can define an extension, there is a set of requirements that SHALL be met as part of the definition of the extension. Applications processing a resource are required to check for modifier extensions.

Modifier extensions SHALL NOT change the meaning of any elements on Resource or DomainResource (including cannot change the meaning of modifierExtension itself).","There can be no stigma associated with the use of extensions by any application, project, or standard - regardless of the institution or jurisdiction that uses or defines the extensions.  The use of extensions is what allows the FHIR specification to retain a core level of simplicity for everyone.","Modifier extensions allow for extensions that *cannot* be safely ignored to be clearly distinguished from the vast majority of extensions which can be safely ignored.  This promotes interoperability by eliminating the need for implementers to prohibit the presence of extensions. For further information, see the [definition of modifier extensions](http://hl7.org/fhir/R4/extensibility.html#modifierExtension).","","","","","","","",,,,,"",,,,"BackboneElement.modifierExtension",0,*,"","ele-1:All FHIR elements must have a @value or children {hasValue() or (children().count() > id.count())}
ext-1:Must have either extensions or value[x], not both {extension.exists() != value.exists()}"
"dnpm-lm-patient-record.claimResponses.statusReason.code","dnpm-lm-patient-record.claimResponses.statusReason.code","","","",1,1,"","","","string {[]} {[]}
","Reason code","Reason code","","","","","","","","","",,,,,"",,,,"dnpm-lm-patient-record.claimResponses.statusReason.code",1,1,"",""
"dnpm-lm-patient-record.claimResponses.statusReason.display","dnpm-lm-patient-record.claimResponses.statusReason.display","","","",0,1,"","","","string {[]} {[]}
","Reason display","Reason display","","","","","","","","","",,,,,"",,,,"dnpm-lm-patient-record.claimResponses.statusReason.display",0,1,"",""
"dnpm-lm-patient-record.claimResponses.statusReason.system","dnpm-lm-patient-record.claimResponses.statusReason.system","","","",1,1,"","","","string {[]} {[]}
","Reason system URI","Reason system URI","","","","","","","","","",,,,,"",,,,"dnpm-lm-patient-record.claimResponses.statusReason.system",1,1,"",""
"dnpm-lm-patient-record.systemicTherapies","dnpm-lm-patient-record.systemicTherapies","","","",0,*,"","","","BackboneElement {[]} {[]}
","Systemic (molecular) therapy entries (each wraps a history)","Systemic (molecular) therapy entries (each wraps a history)","","","","","","","","","",,,,,"",,,,"dnpm-lm-patient-record.systemicTherapies",0,*,"","ele-1:All FHIR elements must have a @value or children {hasValue() or (children().count() > id.count())}
","MTB: Systemische Therapie Follow-Up"
"dnpm-lm-patient-record.systemicTherapies.id","dnpm-lm-patient-record.systemicTherapies.id","","","",0,1,"","","","string {[]} {[]}
","Unique id for inter-element referencing","Unique id for the element within a resource (for internal references). This may be any string value that does not contain spaces.","","","","","","","","","",,,,,"",,,,"Element.id",0,1,"",""
"dnpm-lm-patient-record.systemicTherapies.extension","dnpm-lm-patient-record.systemicTherapies.extension","","extensions
user content","",0,*,"","","","Extension {[]} {[]}
","Additional content defined by implementations","May be used to represent additional information that is not part of the basic definition of the element. To make the use of extensions safe and manageable, there is a strict set of governance  applied to the definition and use of extensions. Though any implementer can define an extension, there is a set of requirements that SHALL be met as part of the definition of the extension.","There can be no stigma associated with the use of extensions by any application, project, or standard - regardless of the institution or jurisdiction that uses or defines the extensions.  The use of extensions is what allows the FHIR specification to retain a core level of simplicity for everyone.","","","","","","","","",,,,,"","value:url}
","Extensions are always sliced by (at least) url",,"open","Element.extension",0,*,"","ele-1:All FHIR elements must have a @value or children {hasValue() or (children().count() > id.count())}
ext-1:Must have either extensions or value[x], not both {extension.exists() != value.exists()}"
"dnpm-lm-patient-record.systemicTherapies.modifierExtension","dnpm-lm-patient-record.systemicTherapies.modifierExtension","","extensions
user contentmodifiers","",0,*,"","Y","Y","Extension {[]} {[]}
","Extensions that cannot be ignored even if unrecognized","May be used to represent additional information that is not part of the basic definition of the element and that modifies the understanding of the element in which it is contained and/or the understanding of the containing element's descendants. Usually modifier elements provide negation or qualification. To make the use of extensions safe and manageable, there is a strict set of governance applied to the definition and use of extensions. Though any implementer can define an extension, there is a set of requirements that SHALL be met as part of the definition of the extension. Applications processing a resource are required to check for modifier extensions.

Modifier extensions SHALL NOT change the meaning of any elements on Resource or DomainResource (including cannot change the meaning of modifierExtension itself).","There can be no stigma associated with the use of extensions by any application, project, or standard - regardless of the institution or jurisdiction that uses or defines the extensions.  The use of extensions is what allows the FHIR specification to retain a core level of simplicity for everyone.","Modifier extensions allow for extensions that *cannot* be safely ignored to be clearly distinguished from the vast majority of extensions which can be safely ignored.  This promotes interoperability by eliminating the need for implementers to prohibit the presence of extensions. For further information, see the [definition of modifier extensions](http://hl7.org/fhir/R4/extensibility.html#modifierExtension).","","","","","","","",,,,,"",,,,"BackboneElement.modifierExtension",0,*,"","ele-1:All FHIR elements must have a @value or children {hasValue() or (children().count() > id.count())}
ext-1:Must have either extensions or value[x], not both {extension.exists() != value.exists()}"
"dnpm-lm-patient-record.systemicTherapies.history","dnpm-lm-patient-record.systemicTherapies.history","","","",0,*,"","","","BackboneElement {[]} {[]}
","Therapy version history entries","Therapy version history entries","","","","","","","","","",,,,,"",,,,"dnpm-lm-patient-record.systemicTherapies.history",0,*,"","ele-1:All FHIR elements must have a @value or children {hasValue() or (children().count() > id.count())}
","MTB: MedicationStatement + Procedure"
"dnpm-lm-patient-record.systemicTherapies.history.id","dnpm-lm-patient-record.systemicTherapies.history.id","","","",1,1,"","","","string {[]} {[]}
","Therapy entry UUID","Therapy entry UUID","","","","","","","","","",,,,,"",,,,"Element.id",0,1,"","","MTB: MedicationStatement.identifier"
"dnpm-lm-patient-record.systemicTherapies.history.extension","dnpm-lm-patient-record.systemicTherapies.history.extension","","extensions
user content","",0,*,"","","","Extension {[]} {[]}
","Additional content defined by implementations","May be used to represent additional information that is not part of the basic definition of the element. To make the use of extensions safe and manageable, there is a strict set of governance  applied to the definition and use of extensions. Though any implementer can define an extension, there is a set of requirements that SHALL be met as part of the definition of the extension.","There can be no stigma associated with the use of extensions by any application, project, or standard - regardless of the institution or jurisdiction that uses or defines the extensions.  The use of extensions is what allows the FHIR specification to retain a core level of simplicity for everyone.","","","","","","","","",,,,,"","value:url}
","Extensions are always sliced by (at least) url",,"open","Element.extension",0,*,"","ele-1:All FHIR elements must have a @value or children {hasValue() or (children().count() > id.count())}
ext-1:Must have either extensions or value[x], not both {extension.exists() != value.exists()}"
"dnpm-lm-patient-record.systemicTherapies.history.modifierExtension","dnpm-lm-patient-record.systemicTherapies.history.modifierExtension","","extensions
user contentmodifiers","",0,*,"","Y","Y","Extension {[]} {[]}
","Extensions that cannot be ignored even if unrecognized","May be used to represent additional information that is not part of the basic definition of the element and that modifies the understanding of the element in which it is contained and/or the understanding of the containing element's descendants. Usually modifier elements provide negation or qualification. To make the use of extensions safe and manageable, there is a strict set of governance applied to the definition and use of extensions. Though any implementer can define an extension, there is a set of requirements that SHALL be met as part of the definition of the extension. Applications processing a resource are required to check for modifier extensions.

Modifier extensions SHALL NOT change the meaning of any elements on Resource or DomainResource (including cannot change the meaning of modifierExtension itself).","There can be no stigma associated with the use of extensions by any application, project, or standard - regardless of the institution or jurisdiction that uses or defines the extensions.  The use of extensions is what allows the FHIR specification to retain a core level of simplicity for everyone.","Modifier extensions allow for extensions that *cannot* be safely ignored to be clearly distinguished from the vast majority of extensions which can be safely ignored.  This promotes interoperability by eliminating the need for implementers to prohibit the presence of extensions. For further information, see the [definition of modifier extensions](http://hl7.org/fhir/R4/extensibility.html#modifierExtension).","","","","","","","",,,,,"",,,,"BackboneElement.modifierExtension",0,*,"","ele-1:All FHIR elements must have a @value or children {hasValue() or (children().count() > id.count())}
ext-1:Must have either extensions or value[x], not both {extension.exists() != value.exists()}"
"dnpm-lm-patient-record.systemicTherapies.history.patient","dnpm-lm-patient-record.systemicTherapies.history.patient","","","",1,1,"","","","BackboneElement {[]} {[]}
","Patient reference","Patient reference","","","","","","","","","",,,,,"",,,,"dnpm-lm-patient-record.systemicTherapies.history.patient",1,1,"","ele-1:All FHIR elements must have a @value or children {hasValue() or (children().count() > id.count())}
","MTB: MedicationStatement.subject"
"dnpm-lm-patient-record.systemicTherapies.history.patient.id","dnpm-lm-patient-record.systemicTherapies.history.patient.id","","","",1,1,"","","","string {[]} {[]}
","Patient ID","Patient ID","","","","","","","","","",,,,,"",,,,"Element.id",0,1,"",""
"dnpm-lm-patient-record.systemicTherapies.history.patient.extension","dnpm-lm-patient-record.systemicTherapies.history.patient.extension","","extensions
user content","",0,*,"","","","Extension {[]} {[]}
","Additional content defined by implementations","May be used to represent additional information that is not part of the basic definition of the element. To make the use of extensions safe and manageable, there is a strict set of governance  applied to the definition and use of extensions. Though any implementer can define an extension, there is a set of requirements that SHALL be met as part of the definition of the extension.","There can be no stigma associated with the use of extensions by any application, project, or standard - regardless of the institution or jurisdiction that uses or defines the extensions.  The use of extensions is what allows the FHIR specification to retain a core level of simplicity for everyone.","","","","","","","","",,,,,"","value:url}
","Extensions are always sliced by (at least) url",,"open","Element.extension",0,*,"","ele-1:All FHIR elements must have a @value or children {hasValue() or (children().count() > id.count())}
ext-1:Must have either extensions or value[x], not both {extension.exists() != value.exists()}"
"dnpm-lm-patient-record.systemicTherapies.history.patient.modifierExtension","dnpm-lm-patient-record.systemicTherapies.history.patient.modifierExtension","","extensions
user contentmodifiers","",0,*,"","Y","Y","Extension {[]} {[]}
","Extensions that cannot be ignored even if unrecognized","May be used to represent additional information that is not part of the basic definition of the element and that modifies the understanding of the element in which it is contained and/or the understanding of the containing element's descendants. Usually modifier elements provide negation or qualification. To make the use of extensions safe and manageable, there is a strict set of governance applied to the definition and use of extensions. Though any implementer can define an extension, there is a set of requirements that SHALL be met as part of the definition of the extension. Applications processing a resource are required to check for modifier extensions.

Modifier extensions SHALL NOT change the meaning of any elements on Resource or DomainResource (including cannot change the meaning of modifierExtension itself).","There can be no stigma associated with the use of extensions by any application, project, or standard - regardless of the institution or jurisdiction that uses or defines the extensions.  The use of extensions is what allows the FHIR specification to retain a core level of simplicity for everyone.","Modifier extensions allow for extensions that *cannot* be safely ignored to be clearly distinguished from the vast majority of extensions which can be safely ignored.  This promotes interoperability by eliminating the need for implementers to prohibit the presence of extensions. For further information, see the [definition of modifier extensions](http://hl7.org/fhir/R4/extensibility.html#modifierExtension).","","","","","","","",,,,,"",,,,"BackboneElement.modifierExtension",0,*,"","ele-1:All FHIR elements must have a @value or children {hasValue() or (children().count() > id.count())}
ext-1:Must have either extensions or value[x], not both {extension.exists() != value.exists()}"
"dnpm-lm-patient-record.systemicTherapies.history.patient.type","dnpm-lm-patient-record.systemicTherapies.history.patient.type","","","",1,1,"","","","string {[]} {[]}
","Reference type (Patient)","Reference type (Patient)","","","","","","","","","",,,,,"",,,,"dnpm-lm-patient-record.systemicTherapies.history.patient.type",1,1,"",""
"dnpm-lm-patient-record.systemicTherapies.history.indication","dnpm-lm-patient-record.systemicTherapies.history.indication","","","",0,1,"","","","BackboneElement {[]} {[]}
","Indication reference","Indication reference","","","","","","","","","",,,,,"",,,,"dnpm-lm-patient-record.systemicTherapies.history.indication",0,1,"","ele-1:All FHIR elements must have a @value or children {hasValue() or (children().count() > id.count())}
","MTB: MedicationStatement.reasonReference"
"dnpm-lm-patient-record.systemicTherapies.history.indication.id","dnpm-lm-patient-record.systemicTherapies.history.indication.id","","","",1,1,"","","","string {[]} {[]}
","Diagnosis ID","Diagnosis ID","","","","","","","","","",,,,,"",,,,"Element.id",0,1,"",""
"dnpm-lm-patient-record.systemicTherapies.history.indication.extension","dnpm-lm-patient-record.systemicTherapies.history.indication.extension","","extensions
user content","",0,*,"","","","Extension {[]} {[]}
","Additional content defined by implementations","May be used to represent additional information that is not part of the basic definition of the element. To make the use of extensions safe and manageable, there is a strict set of governance  applied to the definition and use of extensions. Though any implementer can define an extension, there is a set of requirements that SHALL be met as part of the definition of the extension.","There can be no stigma associated with the use of extensions by any application, project, or standard - regardless of the institution or jurisdiction that uses or defines the extensions.  The use of extensions is what allows the FHIR specification to retain a core level of simplicity for everyone.","","","","","","","","",,,,,"","value:url}
","Extensions are always sliced by (at least) url",,"open","Element.extension",0,*,"","ele-1:All FHIR elements must have a @value or children {hasValue() or (children().count() > id.count())}
ext-1:Must have either extensions or value[x], not both {extension.exists() != value.exists()}"
"dnpm-lm-patient-record.systemicTherapies.history.indication.modifierExtension","dnpm-lm-patient-record.systemicTherapies.history.indication.modifierExtension","","extensions
user contentmodifiers","",0,*,"","Y","Y","Extension {[]} {[]}
","Extensions that cannot be ignored even if unrecognized","May be used to represent additional information that is not part of the basic definition of the element and that modifies the understanding of the element in which it is contained and/or the understanding of the containing element's descendants. Usually modifier elements provide negation or qualification. To make the use of extensions safe and manageable, there is a strict set of governance applied to the definition and use of extensions. Though any implementer can define an extension, there is a set of requirements that SHALL be met as part of the definition of the extension. Applications processing a resource are required to check for modifier extensions.

Modifier extensions SHALL NOT change the meaning of any elements on Resource or DomainResource (including cannot change the meaning of modifierExtension itself).","There can be no stigma associated with the use of extensions by any application, project, or standard - regardless of the institution or jurisdiction that uses or defines the extensions.  The use of extensions is what allows the FHIR specification to retain a core level of simplicity for everyone.","Modifier extensions allow for extensions that *cannot* be safely ignored to be clearly distinguished from the vast majority of extensions which can be safely ignored.  This promotes interoperability by eliminating the need for implementers to prohibit the presence of extensions. For further information, see the [definition of modifier extensions](http://hl7.org/fhir/R4/extensibility.html#modifierExtension).","","","","","","","",,,,,"",,,,"BackboneElement.modifierExtension",0,*,"","ele-1:All FHIR elements must have a @value or children {hasValue() or (children().count() > id.count())}
ext-1:Must have either extensions or value[x], not both {extension.exists() != value.exists()}"
"dnpm-lm-patient-record.systemicTherapies.history.indication.type","dnpm-lm-patient-record.systemicTherapies.history.indication.type","","","",1,1,"","","","string {[]} {[]}
","Reference type (MTBDiagnosis)","Reference type (MTBDiagnosis)","","","","","","","","","",,,,,"",,,,"dnpm-lm-patient-record.systemicTherapies.history.indication.type",1,1,"",""
"dnpm-lm-patient-record.systemicTherapies.history.basedOn","dnpm-lm-patient-record.systemicTherapies.history.basedOn","","","",0,1,"","","","BackboneElement {[]} {[]}
","Medication recommendation reference","Medication recommendation reference","","","","","","","","","",,,,,"",,,,"dnpm-lm-patient-record.systemicTherapies.history.basedOn",0,1,"","ele-1:All FHIR elements must have a @value or children {hasValue() or (children().count() > id.count())}
","MTB: MedicationStatement.basedOn"
"dnpm-lm-patient-record.systemicTherapies.history.basedOn.id","dnpm-lm-patient-record.systemicTherapies.history.basedOn.id","","","",1,1,"","","","string {[]} {[]}
","Recommendation ID","Recommendation ID","","","","","","","","","",,,,,"",,,,"Element.id",0,1,"",""
"dnpm-lm-patient-record.systemicTherapies.history.basedOn.extension","dnpm-lm-patient-record.systemicTherapies.history.basedOn.extension","","extensions
user content","",0,*,"","","","Extension {[]} {[]}
","Additional content defined by implementations","May be used to represent additional information that is not part of the basic definition of the element. To make the use of extensions safe and manageable, there is a strict set of governance  applied to the definition and use of extensions. Though any implementer can define an extension, there is a set of requirements that SHALL be met as part of the definition of the extension.","There can be no stigma associated with the use of extensions by any application, project, or standard - regardless of the institution or jurisdiction that uses or defines the extensions.  The use of extensions is what allows the FHIR specification to retain a core level of simplicity for everyone.","","","","","","","","",,,,,"","value:url}
","Extensions are always sliced by (at least) url",,"open","Element.extension",0,*,"","ele-1:All FHIR elements must have a @value or children {hasValue() or (children().count() > id.count())}
ext-1:Must have either extensions or value[x], not both {extension.exists() != value.exists()}"
"dnpm-lm-patient-record.systemicTherapies.history.basedOn.modifierExtension","dnpm-lm-patient-record.systemicTherapies.history.basedOn.modifierExtension","","extensions
user contentmodifiers","",0,*,"","Y","Y","Extension {[]} {[]}
","Extensions that cannot be ignored even if unrecognized","May be used to represent additional information that is not part of the basic definition of the element and that modifies the understanding of the element in which it is contained and/or the understanding of the containing element's descendants. Usually modifier elements provide negation or qualification. To make the use of extensions safe and manageable, there is a strict set of governance applied to the definition and use of extensions. Though any implementer can define an extension, there is a set of requirements that SHALL be met as part of the definition of the extension. Applications processing a resource are required to check for modifier extensions.

Modifier extensions SHALL NOT change the meaning of any elements on Resource or DomainResource (including cannot change the meaning of modifierExtension itself).","There can be no stigma associated with the use of extensions by any application, project, or standard - regardless of the institution or jurisdiction that uses or defines the extensions.  The use of extensions is what allows the FHIR specification to retain a core level of simplicity for everyone.","Modifier extensions allow for extensions that *cannot* be safely ignored to be clearly distinguished from the vast majority of extensions which can be safely ignored.  This promotes interoperability by eliminating the need for implementers to prohibit the presence of extensions. For further information, see the [definition of modifier extensions](http://hl7.org/fhir/R4/extensibility.html#modifierExtension).","","","","","","","",,,,,"",,,,"BackboneElement.modifierExtension",0,*,"","ele-1:All FHIR elements must have a @value or children {hasValue() or (children().count() > id.count())}
ext-1:Must have either extensions or value[x], not both {extension.exists() != value.exists()}"
"dnpm-lm-patient-record.systemicTherapies.history.basedOn.type","dnpm-lm-patient-record.systemicTherapies.history.basedOn.type","","","",1,1,"","","","string {[]} {[]}
","Reference type (MTBMedicationRecommendation)","Reference type (MTBMedicationRecommendation)","","","","","","","","","",,,,,"",,,,"dnpm-lm-patient-record.systemicTherapies.history.basedOn.type",1,1,"",""
"dnpm-lm-patient-record.systemicTherapies.history.therapyLine","dnpm-lm-patient-record.systemicTherapies.history.therapyLine","","","",0,1,"","","","integer {[]} {[]}
","Therapy line number","Therapy line number","","","","","","","","","",,,,,"",,,,"dnpm-lm-patient-record.systemicTherapies.history.therapyLine",0,1,"","","MTB: MedicationStatement.extension(Therapielinie)"
"dnpm-lm-patient-record.systemicTherapies.history.status","dnpm-lm-patient-record.systemicTherapies.history.status","","","",0,1,"","","","BackboneElement {[]} {[]}
","Therapy status","Therapy status","","","","","","","","","",,,,,"",,,,"dnpm-lm-patient-record.systemicTherapies.history.status",0,1,"","ele-1:All FHIR elements must have a @value or children {hasValue() or (children().count() > id.count())}
","MTB: MedicationStatement.status"
"dnpm-lm-patient-record.systemicTherapies.history.status.id","dnpm-lm-patient-record.systemicTherapies.history.status.id","","","",0,1,"","","","string {[]} {[]}
","Unique id for inter-element referencing","Unique id for the element within a resource (for internal references). This may be any string value that does not contain spaces.","","","","","","","","","",,,,,"",,,,"Element.id",0,1,"",""
"dnpm-lm-patient-record.systemicTherapies.history.status.extension","dnpm-lm-patient-record.systemicTherapies.history.status.extension","","extensions
user content","",0,*,"","","","Extension {[]} {[]}
","Additional content defined by implementations","May be used to represent additional information that is not part of the basic definition of the element. To make the use of extensions safe and manageable, there is a strict set of governance  applied to the definition and use of extensions. Though any implementer can define an extension, there is a set of requirements that SHALL be met as part of the definition of the extension.","There can be no stigma associated with the use of extensions by any application, project, or standard - regardless of the institution or jurisdiction that uses or defines the extensions.  The use of extensions is what allows the FHIR specification to retain a core level of simplicity for everyone.","","","","","","","","",,,,,"","value:url}
","Extensions are always sliced by (at least) url",,"open","Element.extension",0,*,"","ele-1:All FHIR elements must have a @value or children {hasValue() or (children().count() > id.count())}
ext-1:Must have either extensions or value[x], not both {extension.exists() != value.exists()}"
"dnpm-lm-patient-record.systemicTherapies.history.status.modifierExtension","dnpm-lm-patient-record.systemicTherapies.history.status.modifierExtension","","extensions
user contentmodifiers","",0,*,"","Y","Y","Extension {[]} {[]}
","Extensions that cannot be ignored even if unrecognized","May be used to represent additional information that is not part of the basic definition of the element and that modifies the understanding of the element in which it is contained and/or the understanding of the containing element's descendants. Usually modifier elements provide negation or qualification. To make the use of extensions safe and manageable, there is a strict set of governance applied to the definition and use of extensions. Though any implementer can define an extension, there is a set of requirements that SHALL be met as part of the definition of the extension. Applications processing a resource are required to check for modifier extensions.

Modifier extensions SHALL NOT change the meaning of any elements on Resource or DomainResource (including cannot change the meaning of modifierExtension itself).","There can be no stigma associated with the use of extensions by any application, project, or standard - regardless of the institution or jurisdiction that uses or defines the extensions.  The use of extensions is what allows the FHIR specification to retain a core level of simplicity for everyone.","Modifier extensions allow for extensions that *cannot* be safely ignored to be clearly distinguished from the vast majority of extensions which can be safely ignored.  This promotes interoperability by eliminating the need for implementers to prohibit the presence of extensions. For further information, see the [definition of modifier extensions](http://hl7.org/fhir/R4/extensibility.html#modifierExtension).","","","","","","","",,,,,"",,,,"BackboneElement.modifierExtension",0,*,"","ele-1:All FHIR elements must have a @value or children {hasValue() or (children().count() > id.count())}
ext-1:Must have either extensions or value[x], not both {extension.exists() != value.exists()}"
"dnpm-lm-patient-record.systemicTherapies.history.status.code","dnpm-lm-patient-record.systemicTherapies.history.status.code","","","",1,1,"","","","string {[]} {[]}
","Status code (e.g. completed)","Status code (e.g. completed)","","","","","","","","","",,,,,"",,,,"dnpm-lm-patient-record.systemicTherapies.history.status.code",1,1,"",""
"dnpm-lm-patient-record.systemicTherapies.history.status.display","dnpm-lm-patient-record.systemicTherapies.history.status.display","","","",0,1,"","","","string {[]} {[]}
","Status display","Status display","","","","","","","","","",,,,,"",,,,"dnpm-lm-patient-record.systemicTherapies.history.status.display",0,1,"",""
"dnpm-lm-patient-record.systemicTherapies.history.status.system","dnpm-lm-patient-record.systemicTherapies.history.status.system","","","",1,1,"","","","string {[]} {[]}
","Status system URI","Status system URI","","","","","","","","","",,,,,"",,,,"dnpm-lm-patient-record.systemicTherapies.history.status.system",1,1,"",""
"dnpm-lm-patient-record.systemicTherapies.history.statusReason","dnpm-lm-patient-record.systemicTherapies.history.statusReason","","","",0,1,"","","","BackboneElement {[]} {[]}
","Reason for therapy status","Reason for therapy status","","","","","","","","","",,,,,"",,,,"dnpm-lm-patient-record.systemicTherapies.history.statusReason",0,1,"","ele-1:All FHIR elements must have a @value or children {hasValue() or (children().count() > id.count())}
","MTB: MedicationStatement.statusReason"
"dnpm-lm-patient-record.systemicTherapies.history.statusReason.id","dnpm-lm-patient-record.systemicTherapies.history.statusReason.id","","","",0,1,"","","","string {[]} {[]}
","Unique id for inter-element referencing","Unique id for the element within a resource (for internal references). This may be any string value that does not contain spaces.","","","","","","","","","",,,,,"",,,,"Element.id",0,1,"",""
"dnpm-lm-patient-record.systemicTherapies.history.statusReason.extension","dnpm-lm-patient-record.systemicTherapies.history.statusReason.extension","","extensions
user content","",0,*,"","","","Extension {[]} {[]}
","Additional content defined by implementations","May be used to represent additional information that is not part of the basic definition of the element. To make the use of extensions safe and manageable, there is a strict set of governance  applied to the definition and use of extensions. Though any implementer can define an extension, there is a set of requirements that SHALL be met as part of the definition of the extension.","There can be no stigma associated with the use of extensions by any application, project, or standard - regardless of the institution or jurisdiction that uses or defines the extensions.  The use of extensions is what allows the FHIR specification to retain a core level of simplicity for everyone.","","","","","","","","",,,,,"","value:url}
","Extensions are always sliced by (at least) url",,"open","Element.extension",0,*,"","ele-1:All FHIR elements must have a @value or children {hasValue() or (children().count() > id.count())}
ext-1:Must have either extensions or value[x], not both {extension.exists() != value.exists()}"
"dnpm-lm-patient-record.systemicTherapies.history.statusReason.modifierExtension","dnpm-lm-patient-record.systemicTherapies.history.statusReason.modifierExtension","","extensions
user contentmodifiers","",0,*,"","Y","Y","Extension {[]} {[]}
","Extensions that cannot be ignored even if unrecognized","May be used to represent additional information that is not part of the basic definition of the element and that modifies the understanding of the element in which it is contained and/or the understanding of the containing element's descendants. Usually modifier elements provide negation or qualification. To make the use of extensions safe and manageable, there is a strict set of governance applied to the definition and use of extensions. Though any implementer can define an extension, there is a set of requirements that SHALL be met as part of the definition of the extension. Applications processing a resource are required to check for modifier extensions.

Modifier extensions SHALL NOT change the meaning of any elements on Resource or DomainResource (including cannot change the meaning of modifierExtension itself).","There can be no stigma associated with the use of extensions by any application, project, or standard - regardless of the institution or jurisdiction that uses or defines the extensions.  The use of extensions is what allows the FHIR specification to retain a core level of simplicity for everyone.","Modifier extensions allow for extensions that *cannot* be safely ignored to be clearly distinguished from the vast majority of extensions which can be safely ignored.  This promotes interoperability by eliminating the need for implementers to prohibit the presence of extensions. For further information, see the [definition of modifier extensions](http://hl7.org/fhir/R4/extensibility.html#modifierExtension).","","","","","","","",,,,,"",,,,"BackboneElement.modifierExtension",0,*,"","ele-1:All FHIR elements must have a @value or children {hasValue() or (children().count() > id.count())}
ext-1:Must have either extensions or value[x], not both {extension.exists() != value.exists()}"
"dnpm-lm-patient-record.systemicTherapies.history.statusReason.code","dnpm-lm-patient-record.systemicTherapies.history.statusReason.code","","","",1,1,"","","","string {[]} {[]}
","Status reason code","Status reason code","","","","","","","","","",,,,,"",,,,"dnpm-lm-patient-record.systemicTherapies.history.statusReason.code",1,1,"",""
"dnpm-lm-patient-record.systemicTherapies.history.statusReason.display","dnpm-lm-patient-record.systemicTherapies.history.statusReason.display","","","",0,1,"","","","string {[]} {[]}
","Status reason display","Status reason display","","","","","","","","","",,,,,"",,,,"dnpm-lm-patient-record.systemicTherapies.history.statusReason.display",0,1,"",""
"dnpm-lm-patient-record.systemicTherapies.history.statusReason.system","dnpm-lm-patient-record.systemicTherapies.history.statusReason.system","","","",1,1,"","","","string {[]} {[]}
","Status reason system URI","Status reason system URI","","","","","","","","","",,,,,"",,,,"dnpm-lm-patient-record.systemicTherapies.history.statusReason.system",1,1,"",""
"dnpm-lm-patient-record.systemicTherapies.history.period","dnpm-lm-patient-record.systemicTherapies.history.period","","","",0,1,"","","","BackboneElement {[]} {[]}
","Therapy period","Therapy period","","","","","","","","","",,,,,"",,,,"dnpm-lm-patient-record.systemicTherapies.history.period",0,1,"","ele-1:All FHIR elements must have a @value or children {hasValue() or (children().count() > id.count())}
","MTB: MedicationStatement.effectivePeriod"
"dnpm-lm-patient-record.systemicTherapies.history.period.id","dnpm-lm-patient-record.systemicTherapies.history.period.id","","","",0,1,"","","","string {[]} {[]}
","Unique id for inter-element referencing","Unique id for the element within a resource (for internal references). This may be any string value that does not contain spaces.","","","","","","","","","",,,,,"",,,,"Element.id",0,1,"",""
"dnpm-lm-patient-record.systemicTherapies.history.period.extension","dnpm-lm-patient-record.systemicTherapies.history.period.extension","","extensions
user content","",0,*,"","","","Extension {[]} {[]}
","Additional content defined by implementations","May be used to represent additional information that is not part of the basic definition of the element. To make the use of extensions safe and manageable, there is a strict set of governance  applied to the definition and use of extensions. Though any implementer can define an extension, there is a set of requirements that SHALL be met as part of the definition of the extension.","There can be no stigma associated with the use of extensions by any application, project, or standard - regardless of the institution or jurisdiction that uses or defines the extensions.  The use of extensions is what allows the FHIR specification to retain a core level of simplicity for everyone.","","","","","","","","",,,,,"","value:url}
","Extensions are always sliced by (at least) url",,"open","Element.extension",0,*,"","ele-1:All FHIR elements must have a @value or children {hasValue() or (children().count() > id.count())}
ext-1:Must have either extensions or value[x], not both {extension.exists() != value.exists()}"
"dnpm-lm-patient-record.systemicTherapies.history.period.modifierExtension","dnpm-lm-patient-record.systemicTherapies.history.period.modifierExtension","","extensions
user contentmodifiers","",0,*,"","Y","Y","Extension {[]} {[]}
","Extensions that cannot be ignored even if unrecognized","May be used to represent additional information that is not part of the basic definition of the element and that modifies the understanding of the element in which it is contained and/or the understanding of the containing element's descendants. Usually modifier elements provide negation or qualification. To make the use of extensions safe and manageable, there is a strict set of governance applied to the definition and use of extensions. Though any implementer can define an extension, there is a set of requirements that SHALL be met as part of the definition of the extension. Applications processing a resource are required to check for modifier extensions.

Modifier extensions SHALL NOT change the meaning of any elements on Resource or DomainResource (including cannot change the meaning of modifierExtension itself).","There can be no stigma associated with the use of extensions by any application, project, or standard - regardless of the institution or jurisdiction that uses or defines the extensions.  The use of extensions is what allows the FHIR specification to retain a core level of simplicity for everyone.","Modifier extensions allow for extensions that *cannot* be safely ignored to be clearly distinguished from the vast majority of extensions which can be safely ignored.  This promotes interoperability by eliminating the need for implementers to prohibit the presence of extensions. For further information, see the [definition of modifier extensions](http://hl7.org/fhir/R4/extensibility.html#modifierExtension).","","","","","","","",,,,,"",,,,"BackboneElement.modifierExtension",0,*,"","ele-1:All FHIR elements must have a @value or children {hasValue() or (children().count() > id.count())}
ext-1:Must have either extensions or value[x], not both {extension.exists() != value.exists()}"
"dnpm-lm-patient-record.systemicTherapies.history.period.start","dnpm-lm-patient-record.systemicTherapies.history.period.start","","","",1,1,"","","","string {[]} {[]}
","Start date (YYYY-MM-DD)","Start date (YYYY-MM-DD)","","","","","","","","","",,,,,"",,,,"dnpm-lm-patient-record.systemicTherapies.history.period.start",1,1,"",""
"dnpm-lm-patient-record.systemicTherapies.history.period.end","dnpm-lm-patient-record.systemicTherapies.history.period.end","","","",0,1,"","","","string {[]} {[]}
","End date (YYYY-MM-DD)","End date (YYYY-MM-DD)","","","","","","","","","",,,,,"",,,,"dnpm-lm-patient-record.systemicTherapies.history.period.end",0,1,"",""
"dnpm-lm-patient-record.systemicTherapies.history.medication","dnpm-lm-patient-record.systemicTherapies.history.medication","","","",0,*,"","","","BackboneElement {[]} {[]}
","Medication codes (ATC)","Medication codes (ATC)","","","","","","","","","",,,,,"",,,,"dnpm-lm-patient-record.systemicTherapies.history.medication",0,*,"","ele-1:All FHIR elements must have a @value or children {hasValue() or (children().count() > id.count())}
","MTB: MedicationStatement.medication[x]"
"dnpm-lm-patient-record.systemicTherapies.history.medication.id","dnpm-lm-patient-record.systemicTherapies.history.medication.id","","","",0,1,"","","","string {[]} {[]}
","Unique id for inter-element referencing","Unique id for the element within a resource (for internal references). This may be any string value that does not contain spaces.","","","","","","","","","",,,,,"",,,,"Element.id",0,1,"",""
"dnpm-lm-patient-record.systemicTherapies.history.medication.extension","dnpm-lm-patient-record.systemicTherapies.history.medication.extension","","extensions
user content","",0,*,"","","","Extension {[]} {[]}
","Additional content defined by implementations","May be used to represent additional information that is not part of the basic definition of the element. To make the use of extensions safe and manageable, there is a strict set of governance  applied to the definition and use of extensions. Though any implementer can define an extension, there is a set of requirements that SHALL be met as part of the definition of the extension.","There can be no stigma associated with the use of extensions by any application, project, or standard - regardless of the institution or jurisdiction that uses or defines the extensions.  The use of extensions is what allows the FHIR specification to retain a core level of simplicity for everyone.","","","","","","","","",,,,,"","value:url}
","Extensions are always sliced by (at least) url",,"open","Element.extension",0,*,"","ele-1:All FHIR elements must have a @value or children {hasValue() or (children().count() > id.count())}
ext-1:Must have either extensions or value[x], not both {extension.exists() != value.exists()}"
"dnpm-lm-patient-record.systemicTherapies.history.medication.modifierExtension","dnpm-lm-patient-record.systemicTherapies.history.medication.modifierExtension","","extensions
user contentmodifiers","",0,*,"","Y","Y","Extension {[]} {[]}
","Extensions that cannot be ignored even if unrecognized","May be used to represent additional information that is not part of the basic definition of the element and that modifies the understanding of the element in which it is contained and/or the understanding of the containing element's descendants. Usually modifier elements provide negation or qualification. To make the use of extensions safe and manageable, there is a strict set of governance applied to the definition and use of extensions. Though any implementer can define an extension, there is a set of requirements that SHALL be met as part of the definition of the extension. Applications processing a resource are required to check for modifier extensions.

Modifier extensions SHALL NOT change the meaning of any elements on Resource or DomainResource (including cannot change the meaning of modifierExtension itself).","There can be no stigma associated with the use of extensions by any application, project, or standard - regardless of the institution or jurisdiction that uses or defines the extensions.  The use of extensions is what allows the FHIR specification to retain a core level of simplicity for everyone.","Modifier extensions allow for extensions that *cannot* be safely ignored to be clearly distinguished from the vast majority of extensions which can be safely ignored.  This promotes interoperability by eliminating the need for implementers to prohibit the presence of extensions. For further information, see the [definition of modifier extensions](http://hl7.org/fhir/R4/extensibility.html#modifierExtension).","","","","","","","",,,,,"",,,,"BackboneElement.modifierExtension",0,*,"","ele-1:All FHIR elements must have a @value or children {hasValue() or (children().count() > id.count())}
ext-1:Must have either extensions or value[x], not both {extension.exists() != value.exists()}"
"dnpm-lm-patient-record.systemicTherapies.history.medication.code","dnpm-lm-patient-record.systemicTherapies.history.medication.code","","","",1,1,"","","","string {[]} {[]}
","ATC code","ATC code","","","","","","","","","",,,,,"",,,,"dnpm-lm-patient-record.systemicTherapies.history.medication.code",1,1,"",""
"dnpm-lm-patient-record.systemicTherapies.history.medication.display","dnpm-lm-patient-record.systemicTherapies.history.medication.display","","","",0,1,"","","","string {[]} {[]}
","Medication display","Medication display","","","","","","","","","",,,,,"",,,,"dnpm-lm-patient-record.systemicTherapies.history.medication.display",0,1,"",""
"dnpm-lm-patient-record.systemicTherapies.history.medication.system","dnpm-lm-patient-record.systemicTherapies.history.medication.system","","","",1,1,"","","","string {[]} {[]}
","ATC system URI","ATC system URI","","","","","","","","","",,,,,"",,,,"dnpm-lm-patient-record.systemicTherapies.history.medication.system",1,1,"",""
"dnpm-lm-patient-record.systemicTherapies.history.medication.version","dnpm-lm-patient-record.systemicTherapies.history.medication.version","","","",0,1,"","","","string {[]} {[]}
","ATC version","ATC version","","","","","","","","","",,,,,"",,,,"dnpm-lm-patient-record.systemicTherapies.history.medication.version",0,1,"",""
"dnpm-lm-patient-record.systemicTherapies.history.notes","dnpm-lm-patient-record.systemicTherapies.history.notes","","","",0,*,"","","","string {[]} {[]}
","Free-text therapy notes","Free-text therapy notes","","","","","","","","","",,,,,"",,,,"dnpm-lm-patient-record.systemicTherapies.history.notes",0,*,"",""
"dnpm-lm-patient-record.responses","dnpm-lm-patient-record.responses","","","",0,*,"","","","BackboneElement {[]} {[]}
","Therapy response assessments","Therapy response assessments","","","","","","","","","",,,,,"",,,,"dnpm-lm-patient-record.responses",0,*,"","ele-1:All FHIR elements must have a @value or children {hasValue() or (children().count() > id.count())}
","MTB: Response Befund (Observation)"
"dnpm-lm-patient-record.responses.id","dnpm-lm-patient-record.responses.id","","","",1,1,"","","","string {[]} {[]}
","Response UUID","Response UUID","","","","","","","","","",,,,,"",,,,"Element.id",0,1,"","","MTB: Observation.identifier"
"dnpm-lm-patient-record.responses.extension","dnpm-lm-patient-record.responses.extension","","extensions
user content","",0,*,"","","","Extension {[]} {[]}
","Additional content defined by implementations","May be used to represent additional information that is not part of the basic definition of the element. To make the use of extensions safe and manageable, there is a strict set of governance  applied to the definition and use of extensions. Though any implementer can define an extension, there is a set of requirements that SHALL be met as part of the definition of the extension.","There can be no stigma associated with the use of extensions by any application, project, or standard - regardless of the institution or jurisdiction that uses or defines the extensions.  The use of extensions is what allows the FHIR specification to retain a core level of simplicity for everyone.","","","","","","","","",,,,,"","value:url}
","Extensions are always sliced by (at least) url",,"open","Element.extension",0,*,"","ele-1:All FHIR elements must have a @value or children {hasValue() or (children().count() > id.count())}
ext-1:Must have either extensions or value[x], not both {extension.exists() != value.exists()}"
"dnpm-lm-patient-record.responses.modifierExtension","dnpm-lm-patient-record.responses.modifierExtension","","extensions
user contentmodifiers","",0,*,"","Y","Y","Extension {[]} {[]}
","Extensions that cannot be ignored even if unrecognized","May be used to represent additional information that is not part of the basic definition of the element and that modifies the understanding of the element in which it is contained and/or the understanding of the containing element's descendants. Usually modifier elements provide negation or qualification. To make the use of extensions safe and manageable, there is a strict set of governance applied to the definition and use of extensions. Though any implementer can define an extension, there is a set of requirements that SHALL be met as part of the definition of the extension. Applications processing a resource are required to check for modifier extensions.

Modifier extensions SHALL NOT change the meaning of any elements on Resource or DomainResource (including cannot change the meaning of modifierExtension itself).","There can be no stigma associated with the use of extensions by any application, project, or standard - regardless of the institution or jurisdiction that uses or defines the extensions.  The use of extensions is what allows the FHIR specification to retain a core level of simplicity for everyone.","Modifier extensions allow for extensions that *cannot* be safely ignored to be clearly distinguished from the vast majority of extensions which can be safely ignored.  This promotes interoperability by eliminating the need for implementers to prohibit the presence of extensions. For further information, see the [definition of modifier extensions](http://hl7.org/fhir/R4/extensibility.html#modifierExtension).","","","","","","","",,,,,"",,,,"BackboneElement.modifierExtension",0,*,"","ele-1:All FHIR elements must have a @value or children {hasValue() or (children().count() > id.count())}
ext-1:Must have either extensions or value[x], not both {extension.exists() != value.exists()}"
"dnpm-lm-patient-record.responses.patient","dnpm-lm-patient-record.responses.patient","","","",1,1,"","","","BackboneElement {[]} {[]}
","Patient reference","Patient reference","","","","","","","","","",,,,,"",,,,"dnpm-lm-patient-record.responses.patient",1,1,"","ele-1:All FHIR elements must have a @value or children {hasValue() or (children().count() > id.count())}
","MTB: Observation.subject"
"dnpm-lm-patient-record.responses.patient.id","dnpm-lm-patient-record.responses.patient.id","","","",1,1,"","","","string {[]} {[]}
","Patient ID","Patient ID","","","","","","","","","",,,,,"",,,,"Element.id",0,1,"",""
"dnpm-lm-patient-record.responses.patient.extension","dnpm-lm-patient-record.responses.patient.extension","","extensions
user content","",0,*,"","","","Extension {[]} {[]}
","Additional content defined by implementations","May be used to represent additional information that is not part of the basic definition of the element. To make the use of extensions safe and manageable, there is a strict set of governance  applied to the definition and use of extensions. Though any implementer can define an extension, there is a set of requirements that SHALL be met as part of the definition of the extension.","There can be no stigma associated with the use of extensions by any application, project, or standard - regardless of the institution or jurisdiction that uses or defines the extensions.  The use of extensions is what allows the FHIR specification to retain a core level of simplicity for everyone.","","","","","","","","",,,,,"","value:url}
","Extensions are always sliced by (at least) url",,"open","Element.extension",0,*,"","ele-1:All FHIR elements must have a @value or children {hasValue() or (children().count() > id.count())}
ext-1:Must have either extensions or value[x], not both {extension.exists() != value.exists()}"
"dnpm-lm-patient-record.responses.patient.modifierExtension","dnpm-lm-patient-record.responses.patient.modifierExtension","","extensions
user contentmodifiers","",0,*,"","Y","Y","Extension {[]} {[]}
","Extensions that cannot be ignored even if unrecognized","May be used to represent additional information that is not part of the basic definition of the element and that modifies the understanding of the element in which it is contained and/or the understanding of the containing element's descendants. Usually modifier elements provide negation or qualification. To make the use of extensions safe and manageable, there is a strict set of governance applied to the definition and use of extensions. Though any implementer can define an extension, there is a set of requirements that SHALL be met as part of the definition of the extension. Applications processing a resource are required to check for modifier extensions.

Modifier extensions SHALL NOT change the meaning of any elements on Resource or DomainResource (including cannot change the meaning of modifierExtension itself).","There can be no stigma associated with the use of extensions by any application, project, or standard - regardless of the institution or jurisdiction that uses or defines the extensions.  The use of extensions is what allows the FHIR specification to retain a core level of simplicity for everyone.","Modifier extensions allow for extensions that *cannot* be safely ignored to be clearly distinguished from the vast majority of extensions which can be safely ignored.  This promotes interoperability by eliminating the need for implementers to prohibit the presence of extensions. For further information, see the [definition of modifier extensions](http://hl7.org/fhir/R4/extensibility.html#modifierExtension).","","","","","","","",,,,,"",,,,"BackboneElement.modifierExtension",0,*,"","ele-1:All FHIR elements must have a @value or children {hasValue() or (children().count() > id.count())}
ext-1:Must have either extensions or value[x], not both {extension.exists() != value.exists()}"
"dnpm-lm-patient-record.responses.patient.type","dnpm-lm-patient-record.responses.patient.type","","","",1,1,"","","","string {[]} {[]}
","Reference type (Patient)","Reference type (Patient)","","","","","","","","","",,,,,"",,,,"dnpm-lm-patient-record.responses.patient.type",1,1,"",""
"dnpm-lm-patient-record.responses.therapy","dnpm-lm-patient-record.responses.therapy","","","",1,1,"","","","BackboneElement {[]} {[]}
","Associated systemic therapy reference","Associated systemic therapy reference","","","","","","","","","",,,,,"",,,,"dnpm-lm-patient-record.responses.therapy",1,1,"","ele-1:All FHIR elements must have a @value or children {hasValue() or (children().count() > id.count())}
","MTB: Observation.focus"
"dnpm-lm-patient-record.responses.therapy.id","dnpm-lm-patient-record.responses.therapy.id","","","",1,1,"","","","string {[]} {[]}
","Therapy ID","Therapy ID","","","","","","","","","",,,,,"",,,,"Element.id",0,1,"",""
"dnpm-lm-patient-record.responses.therapy.extension","dnpm-lm-patient-record.responses.therapy.extension","","extensions
user content","",0,*,"","","","Extension {[]} {[]}
","Additional content defined by implementations","May be used to represent additional information that is not part of the basic definition of the element. To make the use of extensions safe and manageable, there is a strict set of governance  applied to the definition and use of extensions. Though any implementer can define an extension, there is a set of requirements that SHALL be met as part of the definition of the extension.","There can be no stigma associated with the use of extensions by any application, project, or standard - regardless of the institution or jurisdiction that uses or defines the extensions.  The use of extensions is what allows the FHIR specification to retain a core level of simplicity for everyone.","","","","","","","","",,,,,"","value:url}
","Extensions are always sliced by (at least) url",,"open","Element.extension",0,*,"","ele-1:All FHIR elements must have a @value or children {hasValue() or (children().count() > id.count())}
ext-1:Must have either extensions or value[x], not both {extension.exists() != value.exists()}"
"dnpm-lm-patient-record.responses.therapy.modifierExtension","dnpm-lm-patient-record.responses.therapy.modifierExtension","","extensions
user contentmodifiers","",0,*,"","Y","Y","Extension {[]} {[]}
","Extensions that cannot be ignored even if unrecognized","May be used to represent additional information that is not part of the basic definition of the element and that modifies the understanding of the element in which it is contained and/or the understanding of the containing element's descendants. Usually modifier elements provide negation or qualification. To make the use of extensions safe and manageable, there is a strict set of governance applied to the definition and use of extensions. Though any implementer can define an extension, there is a set of requirements that SHALL be met as part of the definition of the extension. Applications processing a resource are required to check for modifier extensions.

Modifier extensions SHALL NOT change the meaning of any elements on Resource or DomainResource (including cannot change the meaning of modifierExtension itself).","There can be no stigma associated with the use of extensions by any application, project, or standard - regardless of the institution or jurisdiction that uses or defines the extensions.  The use of extensions is what allows the FHIR specification to retain a core level of simplicity for everyone.","Modifier extensions allow for extensions that *cannot* be safely ignored to be clearly distinguished from the vast majority of extensions which can be safely ignored.  This promotes interoperability by eliminating the need for implementers to prohibit the presence of extensions. For further information, see the [definition of modifier extensions](http://hl7.org/fhir/R4/extensibility.html#modifierExtension).","","","","","","","",,,,,"",,,,"BackboneElement.modifierExtension",0,*,"","ele-1:All FHIR elements must have a @value or children {hasValue() or (children().count() > id.count())}
ext-1:Must have either extensions or value[x], not both {extension.exists() != value.exists()}"
"dnpm-lm-patient-record.responses.therapy.type","dnpm-lm-patient-record.responses.therapy.type","","","",1,1,"","","","string {[]} {[]}
","Reference type (MTBSystemicTherapy)","Reference type (MTBSystemicTherapy)","","","","","","","","","",,,,,"",,,,"dnpm-lm-patient-record.responses.therapy.type",1,1,"",""
"dnpm-lm-patient-record.responses.effectiveDate","dnpm-lm-patient-record.responses.effectiveDate","","","",1,1,"","","","string {[]} {[]}
","Response assessment date (YYYY-MM-DD)","Response assessment date (YYYY-MM-DD)","","","","","","","","","",,,,,"",,,,"dnpm-lm-patient-record.responses.effectiveDate",1,1,"","","MTB: Observation.effectiveDateTime"
"dnpm-lm-patient-record.responses.value","dnpm-lm-patient-record.responses.value","","","",1,1,"","","","BackboneElement {[]} {[]}
","RECIST response category","RECIST response category","","","","","","","","","",,,,,"",,,,"dnpm-lm-patient-record.responses.value",1,1,"","ele-1:All FHIR elements must have a @value or children {hasValue() or (children().count() > id.count())}
","MTB: Observation.valueCodeableConcept (RECIST)"
"dnpm-lm-patient-record.responses.value.id","dnpm-lm-patient-record.responses.value.id","","","",0,1,"","","","string {[]} {[]}
","Unique id for inter-element referencing","Unique id for the element within a resource (for internal references). This may be any string value that does not contain spaces.","","","","","","","","","",,,,,"",,,,"Element.id",0,1,"",""
"dnpm-lm-patient-record.responses.value.extension","dnpm-lm-patient-record.responses.value.extension","","extensions
user content","",0,*,"","","","Extension {[]} {[]}
","Additional content defined by implementations","May be used to represent additional information that is not part of the basic definition of the element. To make the use of extensions safe and manageable, there is a strict set of governance  applied to the definition and use of extensions. Though any implementer can define an extension, there is a set of requirements that SHALL be met as part of the definition of the extension.","There can be no stigma associated with the use of extensions by any application, project, or standard - regardless of the institution or jurisdiction that uses or defines the extensions.  The use of extensions is what allows the FHIR specification to retain a core level of simplicity for everyone.","","","","","","","","",,,,,"","value:url}
","Extensions are always sliced by (at least) url",,"open","Element.extension",0,*,"","ele-1:All FHIR elements must have a @value or children {hasValue() or (children().count() > id.count())}
ext-1:Must have either extensions or value[x], not both {extension.exists() != value.exists()}"
"dnpm-lm-patient-record.responses.value.modifierExtension","dnpm-lm-patient-record.responses.value.modifierExtension","","extensions
user contentmodifiers","",0,*,"","Y","Y","Extension {[]} {[]}
","Extensions that cannot be ignored even if unrecognized","May be used to represent additional information that is not part of the basic definition of the element and that modifies the understanding of the element in which it is contained and/or the understanding of the containing element's descendants. Usually modifier elements provide negation or qualification. To make the use of extensions safe and manageable, there is a strict set of governance applied to the definition and use of extensions. Though any implementer can define an extension, there is a set of requirements that SHALL be met as part of the definition of the extension. Applications processing a resource are required to check for modifier extensions.

Modifier extensions SHALL NOT change the meaning of any elements on Resource or DomainResource (including cannot change the meaning of modifierExtension itself).","There can be no stigma associated with the use of extensions by any application, project, or standard - regardless of the institution or jurisdiction that uses or defines the extensions.  The use of extensions is what allows the FHIR specification to retain a core level of simplicity for everyone.","Modifier extensions allow for extensions that *cannot* be safely ignored to be clearly distinguished from the vast majority of extensions which can be safely ignored.  This promotes interoperability by eliminating the need for implementers to prohibit the presence of extensions. For further information, see the [definition of modifier extensions](http://hl7.org/fhir/R4/extensibility.html#modifierExtension).","","","","","","","",,,,,"",,,,"BackboneElement.modifierExtension",0,*,"","ele-1:All FHIR elements must have a @value or children {hasValue() or (children().count() > id.count())}
ext-1:Must have either extensions or value[x], not both {extension.exists() != value.exists()}"
"dnpm-lm-patient-record.responses.value.code","dnpm-lm-patient-record.responses.value.code","","","",1,1,"","","","string {[]} {[]}
","RECIST code (e.g. SD, PR, CR, PD)","RECIST code (e.g. SD, PR, CR, PD)","","","","","","","","","",,,,,"",,,,"dnpm-lm-patient-record.responses.value.code",1,1,"",""
"dnpm-lm-patient-record.responses.value.display","dnpm-lm-patient-record.responses.value.display","","","",0,1,"","","","string {[]} {[]}
","RECIST display (e.g. Stable Disease)","RECIST display (e.g. Stable Disease)","","","","","","","","","",,,,,"",,,,"dnpm-lm-patient-record.responses.value.display",0,1,"",""
"dnpm-lm-patient-record.responses.value.system","dnpm-lm-patient-record.responses.value.system","","","",1,1,"","","","string {[]} {[]}
","RECIST system (e.g. RECIST)","RECIST system (e.g. RECIST)","","","","","","","","","",,,,,"",,,,"dnpm-lm-patient-record.responses.value.system",1,1,"",""
